"id","exp","N","mu","rep","t_ext","lost_first","at_vertex","t_vertex","final_vertex","final_D","final_P","final_A","n_ep","time_hi","t_run","n_events","elapsed","sim_used","absorbed"
1,"B",1e+05,0.01,1,NA,NA,FALSE,NA,NA,80063,14228,5709,155,133393695,7000,170540289,11.604,"C++",FALSE
2,"B",1e+05,0.01,2,NA,NA,FALSE,NA,NA,67299,28258,4443,155,133246057,7000,170627017,11.732,"C++",FALSE
3,"B",1e+05,0.01,3,NA,NA,FALSE,NA,NA,35838,4396,59766,156,134659126,7000,170170478,11.585,"C++",FALSE
4,"B",1e+05,0.01,4,NA,NA,FALSE,NA,NA,21690,66243,12067,153,132074245,7000,170868915,11.606,"C++",FALSE
5,"B",1e+05,0.01,5,NA,NA,FALSE,NA,NA,26292,8288,65420,155,134864857,7000,170025815,11.538,"C++",FALSE
6,"B",1e+05,0.01,6,NA,NA,FALSE,NA,NA,82766,6052,11182,156,134776360,7000,170179651,11.571,"C++",FALSE
7,"B",1e+05,0.01,7,NA,NA,FALSE,NA,NA,15363,51854,32783,154,132869350,7000,170698118,11.663,"C++",FALSE
8,"B",1e+05,0.01,8,NA,NA,FALSE,NA,NA,16992,39828,43180,155,133528313,7000,170483802,11.552,"C++",FALSE
9,"B",1e+05,0.01,9,NA,NA,FALSE,NA,NA,76125,3465,20410,157,135003380,7000,170082902,11.507,"C++",FALSE
10,"B",1e+05,0.01,10,NA,NA,FALSE,NA,NA,68496,2397,29107,156,135233961,7000,170058648,11.623,"C++",FALSE
11,"B",1e+05,0.01,11,NA,NA,FALSE,NA,NA,80028,3550,16422,155,133840428,7000,170365678,11.727,"C++",FALSE
12,"B",1e+05,0.01,12,NA,NA,FALSE,NA,NA,51175,2225,46600,156,135188984,7000,170141006,11.588,"C++",FALSE
13,"B",1e+05,0.01,13,NA,NA,FALSE,NA,NA,19850,21791,58359,157,134592919,7000,170029774,11.606,"C++",FALSE
14,"B",1e+05,0.01,14,NA,NA,FALSE,NA,NA,68477,2380,29143,157,135155133,7000,170056140,11.609,"C++",FALSE
15,"B",1e+05,0.01,15,NA,NA,FALSE,NA,NA,68894,26817,4289,156,134097296,7000,170292459,11.701,"C++",FALSE
16,"B",1e+05,0.01,16,NA,NA,FALSE,NA,NA,67744,2242,30014,157,134773053,7000,170086377,11.626,"C++",FALSE
17,"B",1e+05,0.01,17,NA,NA,FALSE,NA,NA,33639,3855,62506,156,134614320,7000,170228520,11.663,"C++",FALSE
18,"B",1e+05,0.01,18,NA,NA,FALSE,NA,NA,30114,7082,62804,156,134696554,7000,170065818,11.514,"C++",FALSE
19,"B",1e+05,0.01,19,NA,NA,FALSE,NA,NA,83031,9877,7092,157,134396362,7000,170315769,11.675,"C++",FALSE
20,"B",1e+05,0.01,20,NA,NA,FALSE,NA,NA,83325,7823,8852,154,133157756,7000,170735555,11.694,"C++",FALSE
21,"B",1e+05,0.001,1,NA,NA,FALSE,NA,NA,69304,172,30524,97,227835386,7000,103363964,6.468,"C++",FALSE
22,"B",1e+05,0.001,2,NA,NA,FALSE,NA,NA,65981,161,33858,97,227046644,7000,103924634,6.409,"C++",FALSE
23,"B",1e+05,0.001,3,NA,NA,FALSE,NA,NA,47157,52429,414,97,227179671,7000,103691981,6.407,"C++",FALSE
24,"B",1e+05,0.001,4,NA,NA,FALSE,NA,NA,21235,77769,996,97,225154820,7000,104553481,6.348,"C++",FALSE
25,"B",1e+05,0.001,5,NA,NA,FALSE,NA,NA,1604,65466,32930,97,225697709,7000,103803043,6.259,"C++",FALSE
26,"B",1e+05,0.001,6,NA,NA,FALSE,NA,NA,3948,2867,93185,97,225882667,7000,103714488,6.131,"C++",FALSE
27,"B",1e+05,0.001,7,NA,NA,FALSE,NA,NA,87184,12202,614,96,225875502,7000,104420230,6.06,"C++",FALSE
28,"B",1e+05,0.001,8,NA,NA,FALSE,NA,NA,87329,12022,649,96,224775395,7000,105024950,6.038,"C++",FALSE
29,"B",1e+05,0.001,9,NA,NA,FALSE,NA,NA,2796,88982,8222,96,225235568,7000,104411389,6.037,"C++",FALSE
30,"B",1e+05,0.001,10,NA,NA,FALSE,NA,NA,1776,69840,28384,96,224927672,7000,104288385,6.029,"C++",FALSE
31,"B",1e+05,0.001,11,NA,NA,FALSE,NA,NA,1600,81845,16555,96,225115248,7000,104134498,5.998,"C++",FALSE
32,"B",1e+05,0.001,12,NA,NA,FALSE,NA,NA,89127,425,10448,96,226478456,7000,104035605,6.053,"C++",FALSE
33,"B",1e+05,0.001,13,NA,NA,FALSE,NA,NA,16186,82755,1059,96,225677183,7000,103821942,5.97,"C++",FALSE
34,"B",1e+05,0.001,14,NA,NA,FALSE,NA,NA,67714,31948,338,96,225533713,7000,104062319,6.055,"C++",FALSE
35,"B",1e+05,0.001,15,NA,NA,FALSE,NA,NA,31750,84,68166,97,226549936,7000,104285268,6.065,"C++",FALSE
36,"B",1e+05,0.001,16,NA,NA,FALSE,NA,NA,7786,89925,2289,96,226798122,7000,103529139,5.958,"C++",FALSE
37,"B",1e+05,0.001,17,NA,NA,FALSE,NA,NA,4926,539,94535,97,225842928,7000,104015329,6.03,"C++",FALSE
38,"B",1e+05,0.001,18,NA,NA,FALSE,NA,NA,2012,57376,40612,96,225385817,7000,103685383,5.97,"C++",FALSE
39,"B",1e+05,0.001,19,NA,NA,FALSE,NA,NA,2557,25011,72432,97,225030475,7000,104422833,6.045,"C++",FALSE
40,"B",1e+05,0.001,20,NA,NA,FALSE,NA,NA,28856,60,71084,96,224115404,7000,105278811,6.134,"C++",FALSE
41,"B",1e+05,1e-04,1,357.44874,2,FALSE,NA,NA,1159,96969,1872,66,260689546,7000,73940996,4.261,"C++",FALSE
42,"B",1e+05,1e-04,2,262.24492,2,FALSE,NA,NA,1966,96724,1310,66,261900245,7000,72639508,4.126,"C++",FALSE
43,"B",1e+05,1e-04,3,312.76949,2,FALSE,NA,NA,94832,108,5060,66,262381519,7000,73149583,4.213,"C++",FALSE
44,"B",1e+05,1e-04,4,335.41849,2,FALSE,NA,NA,92076,7855,69,67,261556313,7000,73570293,4.192,"C++",FALSE
45,"B",1e+05,1e-04,5,409.91261,2,FALSE,NA,NA,1306,5,98689,67,262017281,7000,73700965,4.195,"C++",FALSE
46,"B",1e+05,1e-04,6,286.16685,2,FALSE,NA,NA,2350,4,97646,66,261648220,7000,72676665,4.147,"C++",FALSE
47,"B",1e+05,1e-04,7,424.91049,2,FALSE,NA,NA,2923,96571,506,67,261434155,7000,73822491,4.153,"C++",FALSE
48,"B",1e+05,1e-04,8,362.44574,2,FALSE,NA,NA,2551,5,97444,68,260605339,7000,72599295,3.993,"C++",FALSE
49,"B",1e+05,1e-04,9,413.50696,2,FALSE,NA,NA,42700,7,57293,67,263915753,7000,73009077,4.062,"C++",FALSE
50,"B",1e+05,1e-04,10,437.53829,2,FALSE,NA,NA,91562,8305,133,67,261949925,7000,73042209,4.097,"C++",FALSE
51,"B",1e+05,1e-04,11,347.76788,2,FALSE,NA,NA,406,92319,7275,67,259729965,7000,73778269,4.154,"C++",FALSE
52,"B",1e+05,1e-04,12,352.96857,2,FALSE,NA,NA,1195,3,98802,67,260709855,7000,73258979,4.096,"C++",FALSE
53,"B",1e+05,1e-04,13,772.42764,2,FALSE,NA,NA,1980,4,98016,68,263160949,7000,72220107,3.98,"C++",FALSE
54,"B",1e+05,1e-04,14,315.96266,2,FALSE,NA,NA,491,289,99220,67,258808942,7000,74156861,4.048,"C++",FALSE
55,"B",1e+05,1e-04,15,350.5707,2,FALSE,NA,NA,102,24466,75432,67,259600106,7000,72536696,3.922,"C++",FALSE
56,"B",1e+05,1e-04,16,298.91456,2,FALSE,NA,NA,364,72505,27131,67,258156479,7000,73387380,4.01,"C++",FALSE
57,"B",1e+05,1e-04,17,392.56551,2,FALSE,NA,NA,97385,127,2488,67,263862522,7000,71952752,3.902,"C++",FALSE
58,"B",1e+05,1e-04,18,273.25598,2,FALSE,NA,NA,364,96259,3377,68,259753077,7000,72843974,3.959,"C++",FALSE
59,"B",1e+05,1e-04,19,421.61997,2,FALSE,NA,NA,98108,1423,469,67,263904009,7000,72625829,3.911,"C++",FALSE
60,"B",1e+05,1e-04,20,374.23387,2,FALSE,NA,NA,4990,94633,377,67,264362876,7000,72150772,3.883,"C++",FALSE
61,"B",1e+05,1e-05,1,233.36131,2,FALSE,NA,NA,2731,0,97269,47,276118464,7000,51576834,2.892,"C++",FALSE
62,"B",1e+05,1e-05,2,237.68116,2,FALSE,NA,NA,97311,2678,11,47,278605009,7000,52540301,2.957,"C++",FALSE
63,"B",1e+05,1e-05,3,281.6314,3,FALSE,NA,NA,1953,97710,337,45,278147131,7000,52688954,2.963,"C++",FALSE
64,"B",1e+05,1e-05,4,245.46421,2,FALSE,NA,NA,94023,13,5964,48,280265230,7000,53636580,2.991,"C++",FALSE
65,"B",1e+05,1e-05,5,186.09694,2,FALSE,NA,NA,504,0,99496,48,284707985,7000,51950578,2.904,"C++",FALSE
66,"B",1e+05,1e-05,6,227.18898,2,FALSE,NA,NA,97740,59,2201,47,284735707,7000,52277134,2.906,"C++",FALSE
67,"B",1e+05,1e-05,7,224.93158,2,FALSE,NA,NA,97312,13,2675,49,273948165,7000,54548858,3.04,"C++",FALSE
68,"B",1e+05,1e-05,8,171.17496,2,FALSE,NA,NA,5392,0,94608,49,284079650,7000,52564970,2.913,"C++",FALSE
69,"B",1e+05,1e-05,9,217.46557,2,FALSE,NA,NA,99444,37,519,47,288579551,7000,51857952,2.872,"C++",FALSE
70,"B",1e+05,1e-05,10,249.35408,2,FALSE,NA,NA,668,99250,82,46,284659718,7000,52851947,2.952,"C++",FALSE
71,"B",1e+05,1e-05,11,252.16987,3,FALSE,NA,NA,11,54348,45641,45,277297866,7000,50707968,2.86,"C++",FALSE
72,"B",1e+05,1e-05,12,248.90384,2,FALSE,NA,NA,21590,78410,0,48,280887263,7000,54133667,2.988,"C++",FALSE
73,"B",1e+05,1e-05,13,275.1687,2,FALSE,NA,NA,25379,74593,28,47,283046262,7000,53497896,2.863,"C++",FALSE
74,"B",1e+05,1e-05,14,206.75704,2,FALSE,NA,NA,94,99393,513,48,277742988,7000,53275757,2.8,"C++",FALSE
75,"B",1e+05,1e-05,15,309.29514,2,FALSE,NA,NA,94205,5795,0,46,289276057,7000,52535039,2.811,"C++",FALSE
76,"B",1e+05,1e-05,16,269.0374,2,FALSE,NA,NA,99655,343,2,47,289050965,7000,53454779,2.819,"C++",FALSE
77,"B",1e+05,1e-05,17,216.71598,2,FALSE,NA,NA,67237,0,32763,47,288210596,7000,51533323,2.751,"C++",FALSE
78,"B",1e+05,1e-05,18,233.47328,2,FALSE,NA,NA,99869,2,129,48,285738371,7000,53341635,2.81,"C++",FALSE
79,"B",1e+05,1e-05,19,193.48574,2,FALSE,NA,NA,9779,0,90221,47,284099096,7000,51159143,2.711,"C++",FALSE
80,"B",1e+05,1e-05,20,213.1792,2,FALSE,NA,NA,98725,1253,22,47,276184257,7000,51977773,2.795,"C++",FALSE
81,"B",10000,0.01,1,NA,NA,FALSE,NA,NA,4347,393,5260,157,13305139,7000,17049363,1.07,"C++",FALSE
82,"B",10000,0.01,2,NA,NA,FALSE,NA,NA,8244,818,938,156,13480570,7000,16951433,1.153,"C++",FALSE
83,"B",10000,0.01,3,NA,NA,FALSE,NA,NA,7772,1762,466,157,13589971,7000,16913095,1.063,"C++",FALSE
84,"B",10000,0.01,4,NA,NA,FALSE,NA,NA,8279,754,967,155,13615334,7000,16949609,1.116,"C++",FALSE
85,"B",10000,0.01,5,NA,NA,FALSE,NA,NA,8454,600,946,157,13533247,7000,16944999,1.087,"C++",FALSE
86,"B",10000,0.01,6,NA,NA,FALSE,NA,NA,1713,4192,4095,156,13691717,7000,16933659,1.129,"C++",FALSE
87,"B",10000,0.01,7,NA,NA,FALSE,NA,NA,2556,6617,827,156,13393570,7000,16992877,1.105,"C++",FALSE
88,"B",10000,0.01,8,NA,NA,FALSE,NA,NA,7712,1638,650,159,13335857,7000,17056693,1.131,"C++",FALSE
89,"B",10000,0.01,9,NA,NA,FALSE,NA,NA,7984,1490,526,153,13130516,7000,17053123,1.103,"C++",FALSE
90,"B",10000,0.01,10,NA,NA,FALSE,NA,NA,2664,554,6782,157,13305571,7000,17004159,1.084,"C++",FALSE
91,"B",10000,0.01,11,NA,NA,FALSE,NA,NA,1403,5417,3180,156,12958068,7000,17134802,1.113,"C++",FALSE
92,"B",10000,0.01,12,NA,NA,FALSE,NA,NA,7699,1754,547,158,13471263,7000,16949246,1.107,"C++",FALSE
93,"B",10000,0.01,13,NA,NA,FALSE,NA,NA,6145,200,3655,159,13235417,7000,17050335,1.119,"C++",FALSE
94,"B",10000,0.01,14,NA,NA,FALSE,NA,NA,8079,636,1285,157,13512747,7000,16986413,1.127,"C++",FALSE
95,"B",10000,0.01,15,NA,NA,FALSE,NA,NA,1957,6472,1571,155,13297248,7000,16991929,1.114,"C++",FALSE
96,"B",10000,0.01,16,NA,NA,FALSE,NA,NA,4432,277,5291,157,13480912,7000,16991607,1.082,"C++",FALSE
97,"B",10000,0.01,17,NA,NA,FALSE,NA,NA,5601,3932,467,156,13729154,7000,16890611,1.089,"C++",FALSE
98,"B",10000,0.01,18,NA,NA,FALSE,NA,NA,4135,349,5516,158,13256854,7000,17005695,1.076,"C++",FALSE
99,"B",10000,0.01,19,NA,NA,FALSE,NA,NA,3996,254,5750,157,13601699,7000,16957715,1.129,"C++",FALSE
100,"B",10000,0.01,20,NA,NA,FALSE,NA,NA,4319,272,5409,158,13621137,7000,16915210,1.083,"C++",FALSE
101,"B",10000,0.001,1,339.3548,2,FALSE,NA,NA,1311,6,8683,96,22803134,7000,10221865,0.609999999999999,"C++",FALSE
102,"B",10000,0.001,2,895.7182,2,FALSE,NA,NA,9614,352,34,94,22815021,7000,10147656,0.597000000000001,"C++",FALSE
103,"B",10000,0.001,3,563.0135,2,FALSE,NA,NA,225,2839,6936,96,23057720,7000,10129937,0.655999999999999,"C++",FALSE
104,"B",10000,0.001,4,265.8867,2,FALSE,NA,NA,353,1754,7893,96,22846052,7000,10222728,0.59,"C++",FALSE
105,"B",10000,0.001,5,217.4472,2,FALSE,NA,NA,3815,6129,56,95,22882115,7000,10171914,0.587,"C++",FALSE
106,"B",10000,0.001,6,583.8332,2,FALSE,NA,NA,498,9295,207,95,22641342,7000,10212920,0.613,"C++",FALSE
107,"B",10000,0.001,7,244.871,2,FALSE,NA,NA,4772,5191,37,95,23219063,7000,10106309,0.613,"C++",FALSE
108,"B",10000,0.001,8,249.232,2,FALSE,NA,NA,2403,10,7587,96,23017595,7000,10231661,0.649000000000001,"C++",FALSE
109,"B",10000,0.001,9,211.656,2,FALSE,NA,NA,9232,680,88,96,22725511,7000,10239473,0.600000000000001,"C++",FALSE
110,"B",10000,0.001,10,178.2619,2,FALSE,NA,NA,9103,74,823,98,22732400,7000,10355469,0.605999999999998,"C++",FALSE
111,"B",10000,0.001,11,163.6522,2,FALSE,NA,NA,665,20,9315,97,22825409,7000,10200317,0.605,"C++",FALSE
112,"B",10000,0.001,12,206.8256,2,FALSE,NA,NA,3610,7,6383,96,23111416,7000,10187695,0.624000000000002,"C++",FALSE
113,"B",10000,0.001,13,329.4679,2,FALSE,NA,NA,172,8447,1381,96,22491389,7000,10252912,0.619,"C++",FALSE
114,"B",10000,0.001,14,244.9668,2,FALSE,NA,NA,6853,20,3127,96,22943516,7000,10216591,0.631,"C++",FALSE
115,"B",10000,0.001,15,711.9581,2,FALSE,NA,NA,2798,5,7197,96,22763670,7000,10241001,0.623999999999999,"C++",FALSE
116,"B",10000,0.001,16,221.2809,2,FALSE,NA,NA,2006,7767,227,96,23112319,7000,10130184,0.501000000000001,"C++",FALSE
117,"B",10000,0.001,17,628.3288,2,FALSE,NA,NA,1273,8540,187,95,22860238,7000,10087584,0.584,"C++",FALSE
118,"B",10000,0.001,18,537.3089,2,FALSE,NA,NA,1746,5,8249,95,22866355,7000,10237206,0.593999999999998,"C++",FALSE
119,"B",10000,0.001,19,359.2715,2,FALSE,NA,NA,9356,107,537,96,23101712,7000,10094443,0.503999999999998,"C++",FALSE
120,"B",10000,0.001,20,661.1823,2,FALSE,NA,NA,6780,3185,35,97,22700060,7000,10274116,0.609000000000002,"C++",FALSE
121,"B",10000,1e-04,1,182.0394,2,FALSE,NA,NA,9917,41,42,60,26822257,7000,6474461,0.361999999999998,"C++",FALSE
122,"B",10000,1e-04,2,151.4518,2,FALSE,NA,NA,3019,6978,3,60,27355469,7000,6398460,0.297999999999998,"C++",FALSE
123,"B",10000,1e-04,3,179.3519,2,FALSE,NA,NA,86,9622,292,59,27752868,7000,6357807,0.323,"C++",FALSE
124,"B",10000,1e-04,4,181.1616,2,FALSE,NA,NA,799,0,9201,59,26850950,7000,6266847,0.356000000000002,"C++",FALSE
125,"B",10000,1e-04,5,169.597,2,FALSE,NA,NA,6594,0,3406,62,26462952,7000,6759349,0.375,"C++",FALSE
126,"B",10000,1e-04,6,139.9416,2,FALSE,NA,NA,29,218,9753,56,27365407,7000,5980512,0.279,"C++",FALSE
127,"B",10000,1e-04,7,132.7645,2,FALSE,NA,NA,24,0,9976,60,26840474,7000,6275157,0.338999999999999,"C++",FALSE
128,"B",10000,1e-04,8,141.1538,2,FALSE,NA,NA,925,0,9075,60,27084790,7000,6293412,0.350999999999999,"C++",FALSE
129,"B",10000,1e-04,9,171.5028,2,FALSE,NA,NA,66,9933,1,59,27313257,7000,6313997,0.345000000000002,"C++",FALSE
130,"B",10000,1e-04,10,163.5125,2,FALSE,NA,NA,3,9738,259,61,27129020,7000,6538341,0.306000000000001,"C++",FALSE
131,"B",10000,1e-04,11,124.5784,2,FALSE,NA,NA,3514,0,6486,62,26507950,7000,6608956,0.373000000000001,"C++",FALSE
132,"B",10000,1e-04,12,175.2078,3,FALSE,NA,NA,5340,1,4659,59,26587767,7000,6356657,0.358999999999998,"C++",FALSE
133,"B",10000,1e-04,13,207.3029,2,FALSE,NA,NA,86,9127,787,59,26330367,7000,6284567,0.341999999999999,"C++",FALSE
134,"B",10000,1e-04,14,147.9014,2,FALSE,NA,NA,1571,8424,5,59,26905792,7000,6284678,0.292999999999999,"C++",FALSE
135,"B",10000,1e-04,15,111.9352,2,FALSE,NA,NA,3607,0,6393,60,27217182,7000,6366495,0.350000000000001,"C++",FALSE
136,"B",10000,1e-04,16,198.9455,1,FALSE,NA,NA,9041,1,958,60,27512673,7000,6466011,0.389999999999997,"C++",FALSE
137,"B",10000,1e-04,17,233.5401,2,FALSE,NA,NA,5398,4580,22,58,27767238,7000,6223855,0.336000000000002,"C++",FALSE
138,"B",10000,1e-04,18,177.6458,2,FALSE,NA,NA,51,0,9949,60,27245080,7000,6417743,0.306000000000001,"C++",FALSE
139,"B",10000,1e-04,19,168.3505,2,FALSE,NA,NA,3,0,9997,59,27705910,7000,6235278,0.339000000000002,"C++",FALSE
140,"B",10000,1e-04,20,217.7527,2,FALSE,NA,NA,9527,26,447,60,27225068,7000,6497566,0.424,"C++",FALSE
141,"A",1e+05,0,1,226.14692,2,TRUE,275.12829,1,100000,0,0,2,2731906,275.12829,6453368,0.436,"C++",TRUE
142,"A",1e+05,0,2,209.36584,2,TRUE,273.57096,1,100000,0,0,2,4665685,273.57096,5352170,0.364999999999998,"C++",TRUE
143,"A",1e+05,0,3,198.87181,2,TRUE,247.4013,1,100000,0,0,2,3419792,247.4013,5469265,0.334,"C++",TRUE
144,"A",1e+05,0,4,230.1385,2,TRUE,285.33026,1,100000,0,0,2,4404467,285.33026,6057899,0.426000000000002,"C++",TRUE
145,"A",1e+05,0,5,207.12013,2,TRUE,247.43039,1,100000,0,0,2,3105304,247.43039,5655677,0.413,"C++",TRUE
146,"A",1e+05,0,6,306.1699,2,TRUE,389.14013,1,100000,0,0,2,6999003,389.14013,7380407,0.494,"C++",TRUE
147,"A",1e+05,0,7,261.0015,2,TRUE,314.43667,1,100000,0,0,2,3422688,314.43667,7291643,0.509999999999998,"C++",TRUE
148,"A",1e+05,0,8,239.72526,2,TRUE,305.57378,1,100000,0,0,2,4769282,305.57378,6191177,0.388999999999999,"C++",TRUE
149,"A",1e+05,0,9,224.56759,2,TRUE,289.45448,1,100000,0,0,2,4642768,289.45448,5881718,0.405999999999999,"C++",TRUE
150,"A",1e+05,0,10,238.97052,2,TRUE,287.10253,1,100000,0,0,2,3663455,287.10253,6627514,0.479000000000003,"C++",TRUE
151,"A",1e+05,0,11,277.82293,2,TRUE,355.72839,1,100000,0,0,2,6187134,355.72839,6595425,0.427,"C++",TRUE
152,"A",1e+05,0,12,220.62149,2,TRUE,276.7398,1,100000,0,0,2,3856517,276.7398,6033741,0.413,"C++",TRUE
153,"A",1e+05,0,13,262.29463,2,TRUE,327.51195,1,100000,0,0,2,5201268,327.51195,6847731,0.445,"C++",TRUE
154,"A",1e+05,0,14,219.84088,3,TRUE,272.24155,2,0,100000,0,1,1470282,272.24155,5571354,0.390999999999998,"C++",TRUE
155,"A",1e+05,0,15,218.47942,2,TRUE,262.99984,1,100000,0,0,2,2991401,262.99984,6187352,0.426000000000002,"C++",TRUE
156,"A",1e+05,0,16,243.60812,2,TRUE,286.11078,1,100000,0,0,2,2144406,286.11078,7161768,0.506,"C++",TRUE
157,"A",1e+05,0,17,219.31246,3,TRUE,256.03565,2,0,100000,0,1,1448179,256.03565,5673179,0.395,"C++",TRUE
158,"A",1e+05,0,18,220.73512,3,TRUE,264.94452,2,0,100000,0,1,1404949,264.94452,5698122,0.378,"C++",TRUE
159,"A",1e+05,0,19,210.15608,2,TRUE,245.42353,1,100000,0,0,2,2399267,245.42353,5911716,0.411999999999999,"C++",TRUE
160,"A",1e+05,0,20,289.5437,2,TRUE,363.08611,1,100000,0,0,2,6312616,363.08611,7241154,0.497,"C++",TRUE
161,"A",1e+05,0,21,193.84009,2,TRUE,252.38558,1,100000,0,0,2,4627178,252.38558,4933501,0.310000000000002,"C++",TRUE
162,"A",1e+05,0,22,201.09521,2,TRUE,251.801,1,100000,0,0,2,2813920,251.801,5703534,0.396999999999998,"C++",TRUE
163,"A",1e+05,0,23,227.40617,2,TRUE,282.94883,1,100000,0,0,2,2873276,282.94883,6438722,0.43,"C++",TRUE
164,"A",1e+05,0,24,221.24078,2,TRUE,270.31464,1,100000,0,0,2,3038876,270.31464,6304107,0.471,"C++",TRUE
165,"A",1e+05,0,25,256.45588,2,TRUE,318.49693,1,100000,0,0,2,4577483,318.49693,6975163,0.466000000000001,"C++",TRUE
166,"A",1e+05,0,26,218.97233,2,TRUE,273.24055,1,100000,0,0,2,4537501,273.24055,5703613,0.398999999999997,"C++",TRUE
167,"A",1e+05,0,27,229.76037,3,TRUE,259.43394,2,0,100000,0,1,1536245,259.43394,5727795,0.386000000000003,"C++",TRUE
168,"A",1e+05,0,28,219.42687,3,TRUE,256.50718,2,0,100000,0,1,1486243,256.50718,5533823,0.363000000000003,"C++",TRUE
169,"A",1e+05,0,29,195.8666,2,TRUE,236.19032,1,100000,0,0,2,2430587,236.19032,5555212,0.386999999999997,"C++",TRUE
170,"A",1e+05,0,30,241.87287,2,TRUE,306.47606,1,100000,0,0,2,4691314,306.47606,6313898,0.440000000000001,"C++",TRUE
171,"A",1e+05,0,31,307.89437,2,TRUE,369.31355,1,100000,0,0,2,4397518,369.31355,8553281,0.585000000000001,"C++",TRUE
172,"A",1e+05,0,32,305.91979,2,TRUE,379.35877,1,100000,0,0,2,5834177,379.35877,7873781,0.518000000000001,"C++",TRUE
173,"A",1e+05,0,33,213.10761,2,TRUE,271.33024,1,100000,0,0,2,4321084,271.33024,5624600,0.361999999999998,"C++",TRUE
174,"A",1e+05,0,34,266.04748,3,TRUE,304.83557,2,0,100000,0,1,1544741,304.83557,6781674,0.482000000000003,"C++",TRUE
175,"A",1e+05,0,35,202.57802,2,TRUE,246.37259,1,100000,0,0,2,2272447,246.37259,5728958,0.382999999999999,"C++",TRUE
176,"A",1e+05,0,36,198.00898,2,TRUE,248.71918,1,100000,0,0,2,2728172,248.71918,5546541,0.378,"C++",TRUE
177,"A",1e+05,0,37,216.30746,2,TRUE,265.44795,1,100000,0,0,2,3018696,265.44795,5995316,0.414000000000001,"C++",TRUE
178,"A",1e+05,0,38,236.12514,2,TRUE,305.02649,1,100000,0,0,2,5230855,305.02649,6057299,0.424,"C++",TRUE
179,"A",1e+05,0,39,248.28221,2,TRUE,303.15659,1,100000,0,0,2,3906836,303.15659,6917127,0.509,"C++",TRUE
180,"A",1e+05,0,40,243.63009,2,TRUE,312.21672,1,100000,0,0,2,5468122,312.21672,6157056,0.390999999999998,"C++",TRUE
181,"A",1e+05,0,41,256.26068,2,TRUE,334.54862,1,100000,0,0,3,7903795,334.54862,5894121,0.387,"C++",TRUE
182,"A",1e+05,0,42,257.04737,2,TRUE,327.2023,1,100000,0,0,2,5862360,327.2023,6198204,0.401,"C++",TRUE
183,"A",1e+05,0,43,221.30921,2,TRUE,272.59007,1,100000,0,0,2,3634810,272.59007,6053127,0.413,"C++",TRUE
184,"A",1e+05,0,44,306.53405,2,TRUE,375.5098,1,100000,0,0,2,5105384,375.5098,8224658,0.593,"C++",TRUE
185,"A",1e+05,0,45,231.09941,2,TRUE,292.18689,1,100000,0,0,2,4458395,292.18689,6092798,0.403000000000002,"C++",TRUE
186,"A",1e+05,0,46,339.20249,2,TRUE,416.99038,1,100000,0,0,2,6411120,416.99038,8887132,0.613999999999997,"C++",TRUE
187,"A",1e+05,0,47,234.12138,2,TRUE,312.35782,1,100000,0,0,2,5973759,312.35782,5876852,0.362000000000002,"C++",TRUE
188,"A",1e+05,0,48,195.30782,2,TRUE,238.9709,1,100000,0,0,2,2914505,238.9709,5354913,0.372999999999998,"C++",TRUE
189,"A",1e+05,0,49,219.57511,2,TRUE,283.52531,1,100000,0,0,2,4232550,283.52531,5792919,0.402000000000001,"C++",TRUE
190,"A",1e+05,0,50,295.96776,2,TRUE,379.25216,1,100000,0,0,2,6904556,379.25216,7261783,0.481000000000002,"C++",TRUE
191,"A",1e+05,0,51,223.76418,2,TRUE,287.72924,1,100000,0,0,2,4481441,287.72924,5883898,0.424999999999997,"C++",TRUE
192,"A",1e+05,0,52,245.29608,2,TRUE,314.13582,1,100000,0,0,2,4978290,314.13582,6436448,0.427,"C++",TRUE
193,"A",1e+05,0,53,250.54438,2,TRUE,308.19535,1,100000,0,0,2,4261600,308.19535,6688704,0.462999999999997,"C++",TRUE
194,"A",1e+05,0,54,244.06486,2,TRUE,302.64426,1,100000,0,0,2,3945059,302.64426,6704050,0.490000000000002,"C++",TRUE
195,"A",1e+05,0,55,178.99013,2,TRUE,209.80047,1,100000,0,0,2,2056980,209.80047,4856439,0.315999999999999,"C++",TRUE
196,"A",1e+05,0,56,203.88415,2,TRUE,259.14687,1,100000,0,0,2,3723243,259.14687,5561227,0.382999999999999,"C++",TRUE
197,"A",1e+05,0,57,222.97612,2,TRUE,274.66354,1,100000,0,0,2,3996477,274.66354,5950432,0.399000000000001,"C++",TRUE
198,"A",1e+05,0,58,231.36021,2,TRUE,283.79001,1,100000,0,0,2,4122575,283.79001,6247391,0.456,"C++",TRUE
199,"A",1e+05,0,59,247.42435,2,TRUE,316.31669,1,100000,0,0,2,5659776,316.31669,6048066,0.43,"C++",TRUE
200,"A",1e+05,0,60,202.57581,2,TRUE,243.49611,1,100000,0,0,2,2887346,243.49611,5689062,0.375,"C++",TRUE
201,"A",1e+05,0,61,190.92337,2,TRUE,230.23382,1,100000,0,0,2,2379330,230.23382,5416350,0.363,"C++",TRUE
202,"A",1e+05,0,62,241.90742,2,TRUE,318.41171,1,100000,0,0,2,5373192,318.41171,6165949,0.400000000000002,"C++",TRUE
203,"A",1e+05,0,63,274.07245,2,TRUE,326.34455,1,100000,0,0,2,3836773,326.34455,7633295,0.533000000000001,"C++",TRUE
204,"A",1e+05,0,64,214.44649,2,TRUE,259.1793,1,100000,0,0,2,2522797,259.1793,6077521,0.443999999999999,"C++",TRUE
205,"A",1e+05,0,65,232.53052,2,TRUE,325.05234,1,100000,0,0,2,7032488,325.05234,5204739,0.326,"C++",TRUE
206,"A",1e+05,0,66,204.97835,2,TRUE,263.7612,1,100000,0,0,2,3253910,263.7612,5650355,0.396000000000001,"C++",TRUE
207,"A",1e+05,0,67,242.1859,3,TRUE,276.87215,2,0,100000,0,1,1396166,276.87215,6476957,0.424,"C++",TRUE
208,"A",1e+05,0,68,215.98147,2,TRUE,275.20054,1,100000,0,0,2,4121469,275.20054,5775775,0.402000000000001,"C++",TRUE
209,"A",1e+05,0,69,190.59349,2,TRUE,240.91242,1,100000,0,0,2,3188837,240.91242,5287451,0.363,"C++",TRUE
210,"A",1e+05,0,70,267.96987,2,TRUE,321.90101,1,100000,0,0,2,4122078,321.90101,7244019,0.480999999999998,"C++",TRUE
211,"A",1e+05,0,71,241.92672,2,TRUE,291.30449,1,100000,0,0,2,3766780,291.30449,6579667,0.445,"C++",TRUE
212,"A",1e+05,0,72,210.31621,2,TRUE,248.41047,1,100000,0,0,2,2296920,248.41047,5709264,0.388000000000002,"C++",TRUE
213,"A",1e+05,0,73,212.44922,2,TRUE,264.06504,1,100000,0,0,2,3910097,264.06504,5760286,0.402000000000001,"C++",TRUE
214,"A",1e+05,0,74,241.9433,2,TRUE,296.23429,1,100000,0,0,2,4189915,296.23429,6581205,0.472999999999999,"C++",TRUE
215,"A",1e+05,0,75,252.25378,2,TRUE,324.60864,1,100000,0,0,2,5400116,324.60864,6508811,0.429000000000002,"C++",TRUE
216,"A",1e+05,0,76,287.46112,2,TRUE,359.20755,1,100000,0,0,2,5499598,359.20755,7283399,0.497,"C++",TRUE
217,"A",1e+05,0,77,181.76649,2,TRUE,217.26509,1,100000,0,0,2,2157996,217.26509,5069117,0.334999999999997,"C++",TRUE
218,"A",1e+05,0,78,237.79944,2,TRUE,294.10273,1,100000,0,0,2,4045836,294.10273,6385461,0.433999999999997,"C++",TRUE
219,"A",1e+05,0,79,287.60407,2,TRUE,361.45743,1,100000,0,0,2,6343395,361.45743,6831543,0.483000000000001,"C++",TRUE
220,"A",1e+05,0,80,248.0629,2,TRUE,310.38291,1,100000,0,0,2,4657285,310.38291,6723896,0.457000000000001,"C++",TRUE
221,"A",1e+05,0,81,188.35108,2,TRUE,230.83733,1,100000,0,0,2,2128467,230.83733,5304073,0.373999999999999,"C++",TRUE
222,"A",1e+05,0,82,207.61184,2,TRUE,246.60789,1,100000,0,0,2,2570496,246.60789,5858960,0.386000000000003,"C++",TRUE
223,"A",1e+05,0,83,241.80508,2,TRUE,297.24387,1,100000,0,0,2,4214800,297.24387,6611097,0.462,"C++",TRUE
224,"A",1e+05,0,84,226.80032,2,TRUE,298.19933,1,100000,0,0,2,5249537,298.19933,5731588,0.376999999999999,"C++",TRUE
225,"A",1e+05,0,85,194.42007,2,TRUE,244.45327,1,100000,0,0,2,3384580,244.45327,5369639,0.347000000000001,"C++",TRUE
226,"A",1e+05,0,86,264.69121,2,TRUE,315.17796,1,100000,0,0,2,3580371,315.17796,7343126,0.498999999999999,"C++",TRUE
227,"A",1e+05,0,87,307.62443,2,TRUE,381.22974,1,100000,0,0,2,5933483,381.22974,7855001,0.538,"C++",TRUE
228,"A",1e+05,0,88,178.02191,2,TRUE,226.53518,1,100000,0,0,2,3014002,226.53518,4939485,0.343999999999998,"C++",TRUE
229,"A",1e+05,0,89,229.49229,2,TRUE,285.33055,1,100000,0,0,2,3728858,285.33055,6258399,0.413,"C++",TRUE
230,"A",1e+05,0,90,273.72916,2,TRUE,362.63018,1,100000,0,0,2,7749430,362.63018,6419854,0.401,"C++",TRUE
231,"A",1e+05,0,91,230.51216,2,TRUE,276.18636,1,100000,0,0,2,2739997,276.18636,6599903,0.454000000000001,"C++",TRUE
232,"A",1e+05,0,92,195.68448,2,TRUE,240.43182,1,100000,0,0,2,2556489,240.43182,5547883,0.391999999999999,"C++",TRUE
233,"A",1e+05,0,93,230.08784,2,TRUE,293.07284,1,100000,0,0,2,4311425,293.07284,6171878,0.431999999999999,"C++",TRUE
234,"A",1e+05,0,94,200.20344,2,TRUE,263.06819,1,100000,0,0,2,4943462,263.06819,5010614,0.343,"C++",TRUE
235,"A",1e+05,0,95,185.75857,3,TRUE,223.03207,2,0,100000,0,1,1489145,223.03207,4491075,0.279,"C++",TRUE
236,"A",1e+05,0,96,247.32227,2,TRUE,306.07247,1,100000,0,0,2,3862662,306.07247,6811769,0.478999999999999,"C++",TRUE
237,"A",1e+05,0,97,261.05132,2,TRUE,329.49158,1,100000,0,0,2,5070067,329.49158,6747283,0.472000000000001,"C++",TRUE
238,"A",1e+05,0,98,205.03551,2,TRUE,261.7081,1,100000,0,0,2,4080259,261.7081,5305676,0.359999999999999,"C++",TRUE
239,"A",1e+05,0,99,186.00732,2,TRUE,225.65555,1,100000,0,0,2,2211732,225.65555,5262214,0.366,"C++",TRUE
240,"A",1e+05,0,100,201.79332,2,TRUE,241.21856,1,100000,0,0,2,2443846,241.21856,5704786,0.373000000000001,"C++",TRUE
241,"A",1e+05,0,101,179.76011,2,TRUE,223.10297,1,100000,0,0,2,2889172,223.10297,4904914,0.34,"C++",TRUE
242,"A",1e+05,0,102,226.35781,2,TRUE,269.77555,1,100000,0,0,2,2490242,269.77555,6365395,0.448999999999998,"C++",TRUE
243,"A",1e+05,0,103,277.01033,2,TRUE,337.21995,1,100000,0,0,2,5691250,337.21995,6628470,0.464000000000002,"C++",TRUE
244,"A",1e+05,0,104,219.15588,2,TRUE,284.97398,1,100000,0,0,2,3909212,284.97398,5906860,0.387999999999998,"C++",TRUE
245,"A",1e+05,0,105,272.99889,2,TRUE,340.5294,1,100000,0,0,2,4124836,340.5294,7548558,0.521000000000001,"C++",TRUE
246,"A",1e+05,0,106,210.0119,2,TRUE,256.9677,1,100000,0,0,2,3386773,256.9677,5798904,0.422000000000001,"C++",TRUE
247,"A",1e+05,0,107,243.84957,2,TRUE,307.92565,1,100000,0,0,2,5216288,307.92565,6216606,0.424,"C++",TRUE
248,"A",1e+05,0,108,249.67692,3,TRUE,283.00681,2,0,100000,0,1,1723797,283.00681,6207173,0.439,"C++",TRUE
249,"A",1e+05,0,109,270.5336,2,TRUE,314.65604,1,100000,0,0,2,3586172,314.65604,7545625,0.497999999999998,"C++",TRUE
250,"A",1e+05,0,110,232.59545,2,TRUE,294.01095,1,100000,0,0,2,4435681,294.01095,5973304,0.419,"C++",TRUE
251,"A",1e+05,0,111,264.53719,2,TRUE,328.15754,1,100000,0,0,2,4919271,328.15754,6953242,0.488,"C++",TRUE
252,"A",1e+05,0,112,217.99431,2,TRUE,267.03855,1,100000,0,0,2,3553905,267.03855,5988826,0.421000000000003,"C++",TRUE
253,"A",1e+05,0,113,231.03752,2,TRUE,292.30583,1,100000,0,0,2,5019422,292.30583,5867649,0.390000000000001,"C++",TRUE
254,"A",1e+05,0,114,231.38701,2,TRUE,295.67736,1,100000,0,0,2,5150339,295.67736,5890045,0.388999999999999,"C++",TRUE
255,"A",1e+05,0,115,229.84844,2,TRUE,288.22245,1,100000,0,0,2,4516799,288.22245,6130468,0.422000000000001,"C++",TRUE
256,"A",1e+05,0,116,268.78162,2,TRUE,347.06012,1,100000,0,0,2,7446642,347.06012,6115036,0.401999999999997,"C++",TRUE
257,"A",1e+05,0,117,289.0672,2,TRUE,345.99908,1,100000,0,0,2,4735837,345.99908,7674947,0.529,"C++",TRUE
258,"A",1e+05,0,118,228.50952,2,TRUE,278.85528,1,100000,0,0,2,3667517,278.85528,6183596,0.402000000000001,"C++",TRUE
259,"A",1e+05,0,119,206.3713,2,TRUE,270.86901,1,100000,0,0,2,5009785,270.86901,5055282,0.343,"C++",TRUE
260,"A",1e+05,0,120,194.4157,2,TRUE,231.60138,1,100000,0,0,2,2266386,231.60138,5483967,0.388999999999999,"C++",TRUE
261,"A",1e+05,0,121,283.63616,2,TRUE,369.20775,1,100000,0,0,2,6802099,369.20775,6949520,0.465,"C++",TRUE
262,"A",1e+05,0,122,245.50542,2,TRUE,309.0804,1,100000,0,0,2,5392247,309.0804,6238517,0.436,"C++",TRUE
263,"A",1e+05,0,123,276.22125,2,TRUE,320.91973,1,100000,0,0,2,2974360,320.91973,8067116,0.532999999999998,"C++",TRUE
264,"A",1e+05,0,124,297.14995,2,TRUE,369.66755,1,100000,0,0,2,6003196,369.66755,7796200,0.545000000000002,"C++",TRUE
265,"A",1e+05,0,125,232.32753,3,TRUE,295.21469,2,0,100000,0,2,2116129,295.21469,6011081,0.414000000000001,"C++",TRUE
266,"A",1e+05,0,126,199.44456,3,TRUE,237.536,2,0,100000,0,1,1651575,237.536,4970728,0.328999999999997,"C++",TRUE
267,"A",1e+05,0,127,209.27848,2,TRUE,249.16958,1,100000,0,0,2,2442227,249.16958,5906853,0.416,"C++",TRUE
268,"A",1e+05,0,128,252.21991,2,TRUE,314.86409,1,100000,0,0,2,5249844,314.86409,6543293,0.419,"C++",TRUE
269,"A",1e+05,0,129,314.21309,2,TRUE,394.18225,1,100000,0,0,2,5527881,394.18225,8119657,0.574000000000002,"C++",TRUE
270,"A",1e+05,0,130,255.70212,1,TRUE,262.29346,3,0,0,100000,2,2710078,262.29346,5724946,0.393000000000001,"C++",TRUE
271,"A",1e+05,0,131,266.4494,2,TRUE,315.877,1,100000,0,0,2,1947661,315.877,7862895,0.567999999999998,"C++",TRUE
272,"A",1e+05,0,132,268.76834,2,TRUE,337.14488,1,100000,0,0,2,4956342,337.14488,7204508,0.468,"C++",TRUE
273,"A",1e+05,0,133,232.79712,2,TRUE,306.76011,1,100000,0,0,2,4195380,306.76011,6259688,0.411000000000001,"C++",TRUE
274,"A",1e+05,0,134,240.79653,2,TRUE,308.09116,1,100000,0,0,2,4845098,308.09116,6328925,0.425999999999998,"C++",TRUE
275,"A",1e+05,0,135,251.55211,2,TRUE,312.97917,1,100000,0,0,2,3175945,312.97917,7159097,0.498000000000001,"C++",TRUE
276,"A",1e+05,0,136,266.06962,2,TRUE,347.56695,1,100000,0,0,2,6346523,347.56695,6256807,0.408999999999999,"C++",TRUE
277,"A",1e+05,0,137,290.69184,2,TRUE,408.02206,1,100000,0,0,2,10532612,408.02206,6803975,0.459,"C++",TRUE
278,"A",1e+05,0,138,231.11022,2,TRUE,270.80458,1,100000,0,0,2,2673979,270.80458,6594245,0.435000000000002,"C++",TRUE
279,"A",1e+05,0,139,203.47453,2,TRUE,264.14307,1,100000,0,0,2,4593123,264.14307,5150171,0.349999999999998,"C++",TRUE
280,"A",1e+05,0,140,216.95836,2,TRUE,250.64594,1,100000,0,0,2,1996165,250.64594,6037701,0.437000000000001,"C++",TRUE
281,"A",1e+05,0,141,208.03355,2,TRUE,256.32587,1,100000,0,0,2,3318319,256.32587,5731452,0.373000000000001,"C++",TRUE
282,"A",1e+05,0,142,234.47087,2,TRUE,286.63085,1,100000,0,0,2,3660906,286.63085,6447578,0.449999999999999,"C++",TRUE
283,"A",1e+05,0,143,210.01701,2,TRUE,270.70159,1,100000,0,0,2,4499476,270.70159,5422277,0.353999999999999,"C++",TRUE
284,"A",1e+05,0,144,253.16607,3,TRUE,296.11765,2,0,100000,0,2,2081845,296.11765,6560442,0.460999999999999,"C++",TRUE
285,"A",1e+05,0,145,234.46279,2,TRUE,289.34476,1,100000,0,0,2,4157739,289.34476,6216919,0.437000000000001,"C++",TRUE
286,"A",1e+05,0,146,332.38685,2,TRUE,417.40982,1,100000,0,0,2,7788326,417.40982,8413918,0.582999999999998,"C++",TRUE
287,"A",1e+05,0,147,193.78268,2,TRUE,227.42094,1,100000,0,0,1,1518585,227.42094,5459160,0.373000000000001,"C++",TRUE
288,"A",1e+05,0,148,286.4618,2,TRUE,359.27834,1,100000,0,0,2,5321476,359.27834,7531854,0.506,"C++",TRUE
289,"A",1e+05,0,149,222.05163,2,TRUE,258.85874,1,100000,0,0,2,2481060,258.85874,6332906,0.469000000000001,"C++",TRUE
290,"A",1e+05,0,150,214.45702,2,TRUE,256.02509,1,100000,0,0,2,2602027,256.02509,6104611,0.424,"C++",TRUE
291,"A",1e+05,0,151,195.79307,2,TRUE,230.01067,1,100000,0,0,2,2018745,230.01067,5460465,0.382999999999999,"C++",TRUE
292,"A",1e+05,0,152,214.5404,2,TRUE,260.1922,1,100000,0,0,2,2974943,260.1922,6059320,0.417000000000002,"C++",TRUE
293,"A",1e+05,0,153,182.36564,2,TRUE,241.53766,1,100000,0,0,2,3415148,241.53766,4892573,0.323,"C++",TRUE
294,"A",1e+05,0,154,233.90892,2,TRUE,280.6277,1,100000,0,0,2,3399947,280.6277,6507409,0.472999999999999,"C++",TRUE
295,"A",1e+05,0,155,238.27225,2,TRUE,306.21691,1,100000,0,0,2,5378104,306.21691,5878413,0.405999999999999,"C++",TRUE
296,"A",1e+05,0,156,278.85483,2,TRUE,343.94062,1,100000,0,0,2,5410019,343.94062,7012132,0.474,"C++",TRUE
297,"A",1e+05,0,157,199.9094,2,TRUE,243.60771,1,100000,0,0,2,2935545,243.60771,5502764,0.401,"C++",TRUE
298,"A",1e+05,0,158,262.10224,2,TRUE,354.12304,1,100000,0,0,2,8753464,354.12304,5971736,0.396000000000001,"C++",TRUE
299,"A",1e+05,0,159,177.42604,2,TRUE,223.88516,1,100000,0,0,2,2249554,223.88516,5023764,0.355999999999998,"C++",TRUE
300,"A",1e+05,0,160,222.13947,2,TRUE,266.57413,1,100000,0,0,2,2216214,266.57413,6377452,0.451,"C++",TRUE
301,"A",1e+05,0,161,251.26841,2,TRUE,291.781,1,100000,0,0,2,3016212,291.781,6944199,0.489000000000001,"C++",TRUE
302,"A",1e+05,0,162,271.69739,2,TRUE,318.67644,1,100000,0,0,2,3141590,318.67644,7740064,0.518999999999998,"C++",TRUE
303,"A",1e+05,0,163,259.26688,2,TRUE,327.24416,1,100000,0,0,2,5804103,327.24416,6437891,0.442,"C++",TRUE
304,"A",1e+05,0,164,301.29553,2,TRUE,362.12963,1,100000,0,0,2,5344231,362.12963,7903937,0.555999999999997,"C++",TRUE
305,"A",1e+05,0,165,242.20007,2,TRUE,296.98075,1,100000,0,0,2,3905042,296.98075,6625992,0.469000000000001,"C++",TRUE
306,"A",1e+05,0,166,246.7459,2,TRUE,321.36632,1,100000,0,0,2,5552000,321.36632,6270532,0.425999999999998,"C++",TRUE
307,"A",1e+05,0,167,239.98505,2,TRUE,300.68094,1,100000,0,0,2,4689657,300.68094,6307538,0.389000000000003,"C++",TRUE
308,"A",1e+05,0,168,229.80573,2,TRUE,285.51807,1,100000,0,0,2,3324434,285.51807,6434966,0.457999999999998,"C++",TRUE
309,"A",1e+05,0,169,252.24405,2,TRUE,318.89517,1,100000,0,0,2,5418899,318.89517,6231417,0.436,"C++",TRUE
310,"A",1e+05,0,170,229.24773,3,TRUE,267.10867,2,0,100000,0,1,1430234,267.10867,5611967,0.393000000000001,"C++",TRUE
311,"A",1e+05,0,171,212.1801,2,TRUE,264.42117,1,100000,0,0,2,3578874,264.42117,5827733,0.393000000000001,"C++",TRUE
312,"A",1e+05,0,172,269.58231,2,TRUE,351.52899,1,100000,0,0,2,6726602,351.52899,6916831,0.455000000000002,"C++",TRUE
313,"A",1e+05,0,173,264.98008,2,TRUE,316.25917,1,100000,0,0,2,2991988,316.25917,7681983,0.545999999999999,"C++",TRUE
314,"A",1e+05,0,174,215.92061,3,TRUE,256.71547,2,0,100000,0,2,1707560,256.71547,5374573,0.377000000000002,"C++",TRUE
315,"A",1e+05,0,175,183.49766,2,TRUE,227.18902,1,100000,0,0,2,3050616,227.18902,5025618,0.346999999999998,"C++",TRUE
316,"A",1e+05,0,176,244.85065,2,TRUE,303.32515,1,100000,0,0,2,4780177,303.32515,6452144,0.437999999999999,"C++",TRUE
317,"A",1e+05,0,177,226.81809,2,TRUE,280.61959,1,100000,0,0,2,4061529,280.61959,5979444,0.392000000000003,"C++",TRUE
318,"A",1e+05,0,178,184.34711,2,TRUE,240.3629,1,100000,0,0,2,3791062,240.3629,4904476,0.329000000000001,"C++",TRUE
319,"A",1e+05,0,179,247.4027,2,TRUE,309.55619,1,100000,0,0,2,5237360,309.55619,6232221,0.433,"C++",TRUE
320,"A",1e+05,0,180,240.44626,2,TRUE,305.33737,1,100000,0,0,2,3613541,305.33737,6768762,0.462,"C++",TRUE
321,"A",1e+05,0,181,262.99749,2,TRUE,357.16328,1,100000,0,0,2,8745458,357.16328,5901344,0.420999999999999,"C++",TRUE
322,"A",1e+05,0,182,204.94871,2,TRUE,253.54122,1,100000,0,0,2,2411107,253.54122,5791214,0.41,"C++",TRUE
323,"A",1e+05,0,183,271.35118,2,TRUE,332.22973,1,100000,0,0,2,5522580,332.22973,6955623,0.508000000000003,"C++",TRUE
324,"A",1e+05,0,184,212.76467,2,TRUE,253.23734,1,100000,0,0,2,2539499,253.23734,6008644,0.43,"C++",TRUE
325,"A",1e+05,0,185,256.73257,2,TRUE,334.98065,1,100000,0,0,2,6128473,334.98065,6240565,0.413999999999998,"C++",TRUE
326,"A",1e+05,0,186,250.66109,2,TRUE,285.58507,1,100000,0,0,2,2041280,285.58507,7343504,0.530000000000001,"C++",TRUE
327,"A",1e+05,0,187,186.98699,2,TRUE,216.00526,1,100000,0,0,2,2073743,216.00526,4968633,0.309000000000001,"C++",TRUE
328,"A",1e+05,0,188,219.95329,2,TRUE,280.60497,1,100000,0,0,2,4065164,280.60497,5880606,0.41,"C++",TRUE
329,"A",1e+05,0,189,274.88366,2,TRUE,354.30331,1,100000,0,0,2,6945891,354.30331,6796646,0.466999999999999,"C++",TRUE
330,"A",1e+05,0,190,230.6445,2,TRUE,280.15256,1,100000,0,0,2,3488281,280.15256,6429361,0.428999999999998,"C++",TRUE
331,"A",1e+05,0,191,227.74738,2,TRUE,265.61231,1,100000,0,0,2,2725517,265.61231,6114283,0.418000000000003,"C++",TRUE
332,"A",1e+05,0,192,176.71994,2,TRUE,210.15892,1,100000,0,0,1,1496230,210.15892,4984447,0.331999999999997,"C++",TRUE
333,"A",1e+05,0,193,191.85324,2,TRUE,241.05457,1,100000,0,0,2,3141879,241.05457,5183784,0.367000000000001,"C++",TRUE
334,"A",1e+05,0,194,215.55888,2,TRUE,258.07415,1,100000,0,0,2,2856981,258.07415,6116833,0.425000000000001,"C++",TRUE
335,"A",1e+05,0,195,251.45468,2,TRUE,330.28946,1,100000,0,0,2,6697069,330.28946,5840570,0.391999999999999,"C++",TRUE
336,"A",1e+05,0,196,205.89722,2,TRUE,247.14292,1,100000,0,0,2,2831347,247.14292,5693156,0.402999999999999,"C++",TRUE
337,"A",1e+05,0,197,221.84765,2,TRUE,264.94531,1,100000,0,0,2,2855838,264.94531,6329794,0.444000000000003,"C++",TRUE
338,"A",1e+05,0,198,272.48974,2,TRUE,336.45158,1,100000,0,0,2,5325059,336.45158,6935737,0.48,"C++",TRUE
339,"A",1e+05,0,199,215.0062,2,TRUE,264.72116,1,100000,0,0,2,3545251,264.72116,5843792,0.407,"C++",TRUE
340,"A",1e+05,0,200,263.25189,2,TRUE,342.28431,1,100000,0,0,2,6176781,342.28431,6677793,0.436,"C++",TRUE
341,"A",1e+05,0,201,182.71863,2,TRUE,218.90943,1,100000,0,0,1,1549732,218.90943,5081410,0.320999999999998,"C++",TRUE
342,"A",1e+05,0,202,286.02799,2,TRUE,347.29041,1,100000,0,0,2,4715459,347.29041,7663133,0.555,"C++",TRUE
343,"A",1e+05,0,203,241.17227,2,TRUE,301.76306,1,100000,0,0,2,4136423,301.76306,6448793,0.463000000000001,"C++",TRUE
344,"A",1e+05,0,204,249.38739,2,TRUE,307.18244,1,100000,0,0,2,4156727,307.18244,6830849,0.478999999999999,"C++",TRUE
345,"A",1e+05,0,205,198.65997,2,TRUE,251.27815,1,100000,0,0,2,3999919,251.27815,5232320,0.332000000000001,"C++",TRUE
346,"A",1e+05,0,206,265.00216,3,TRUE,307.20341,2,0,100000,0,1,1584578,307.20341,7076770,0.463000000000001,"C++",TRUE
347,"A",1e+05,0,207,241.08697,2,TRUE,301.67226,1,100000,0,0,2,4247511,301.67226,6444585,0.457999999999998,"C++",TRUE
348,"A",1e+05,0,208,304.5256,2,TRUE,383.27878,1,100000,0,0,2,7081119,383.27878,7601287,0.531000000000002,"C++",TRUE
349,"A",1e+05,0,209,209.1751,2,TRUE,253.68142,1,100000,0,0,2,2577878,253.68142,5762691,0.413999999999998,"C++",TRUE
350,"A",1e+05,0,210,273.16854,2,TRUE,340.06384,1,100000,0,0,2,4922746,340.06384,7245694,0.449000000000002,"C++",TRUE
351,"A",1e+05,0,211,206.81194,2,TRUE,256.8879,1,100000,0,0,2,3100562,256.8879,5800933,0.407999999999998,"C++",TRUE
352,"A",1e+05,0,212,241.65093,2,TRUE,296.3211,1,100000,0,0,2,4265937,296.3211,6401694,0.444000000000003,"C++",TRUE
353,"A",1e+05,0,213,187.49738,2,TRUE,223.94331,1,100000,0,0,1,1600419,223.94331,5263021,0.374000000000002,"C++",TRUE
354,"A",1e+05,0,214,230.36141,2,TRUE,263.48201,1,100000,0,0,2,2164315,263.48201,6517241,0.443999999999999,"C++",TRUE
355,"A",1e+05,0,215,200.92769,2,TRUE,237.74925,1,100000,0,0,2,2537181,237.74925,5465091,0.343,"C++",TRUE
356,"A",1e+05,0,216,255.00097,2,TRUE,314.78164,1,100000,0,0,2,4682641,314.78164,6722110,0.471,"C++",TRUE
357,"A",1e+05,0,217,314.78653,2,TRUE,399.46405,1,100000,0,0,2,7032445,399.46405,7972586,0.558999999999997,"C++",TRUE
358,"A",1e+05,0,218,226.69529,2,TRUE,301.84266,1,100000,0,0,2,6574832,301.84266,5176511,0.334999999999997,"C++",TRUE
359,"A",1e+05,0,219,190.38922,2,TRUE,220.86683,1,100000,0,0,2,2496993,220.86683,5131496,0.346,"C++",TRUE
360,"A",1e+05,0,220,178.33918,2,TRUE,209.96828,1,100000,0,0,2,2244352,209.96828,4848876,0.289000000000001,"C++",TRUE
361,"A",1e+05,0,221,255.40741,2,TRUE,314.31835,1,100000,0,0,2,4397727,314.31835,6924155,0.468,"C++",TRUE
362,"A",1e+05,0,222,222.52183,2,TRUE,282.26035,1,100000,0,0,2,3961840,282.26035,6045792,0.428000000000001,"C++",TRUE
363,"A",1e+05,0,223,262.28785,2,TRUE,322.42637,1,100000,0,0,2,4956793,322.42637,6869088,0.478999999999999,"C++",TRUE
364,"A",1e+05,0,224,185.84876,2,TRUE,233.7321,1,100000,0,0,2,2527397,233.7321,5131385,0.326,"C++",TRUE
365,"A",1e+05,0,225,181.90922,2,TRUE,230.9604,1,100000,0,0,2,2881532,230.9604,4887409,0.302999999999997,"C++",TRUE
366,"A",1e+05,0,226,273.23481,2,TRUE,354.43912,1,100000,0,0,2,7023438,354.43912,6157335,0.420000000000002,"C++",TRUE
367,"A",1e+05,0,227,183.6771,2,TRUE,227.95165,1,100000,0,0,2,2519477,227.95165,5154664,0.341000000000001,"C++",TRUE
368,"A",1e+05,0,228,233.70768,2,TRUE,284.14269,1,100000,0,0,2,3402774,284.14269,6444497,0.425999999999998,"C++",TRUE
369,"A",1e+05,0,229,219.30309,2,TRUE,283.18177,1,100000,0,0,2,3885551,283.18177,6046669,0.390999999999998,"C++",TRUE
370,"A",1e+05,0,230,230.36931,2,TRUE,273.89527,1,100000,0,0,2,3173383,273.89527,6368442,0.456000000000003,"C++",TRUE
371,"A",1e+05,0,231,255.17474,2,TRUE,335.57593,1,100000,0,0,2,6287599,335.57593,5952650,0.388999999999999,"C++",TRUE
372,"A",1e+05,0,232,222.81603,2,TRUE,260.00923,1,100000,0,0,2,2070435,260.00923,6451874,0.457000000000001,"C++",TRUE
373,"A",1e+05,0,233,296.76548,2,TRUE,372.12962,1,100000,0,0,2,6532337,372.12962,7625432,0.489000000000001,"C++",TRUE
374,"A",1e+05,0,234,244.1635,1,TRUE,266.38518,3,0,0,100000,2,2869896,266.38518,5658218,0.370000000000001,"C++",TRUE
375,"A",1e+05,0,235,210.15518,2,TRUE,272.0569,1,100000,0,0,2,4837078,272.0569,5331282,0.359999999999999,"C++",TRUE
376,"A",1e+05,0,236,261.52831,2,TRUE,352.54115,1,100000,0,0,2,7755476,352.54115,6386353,0.420999999999999,"C++",TRUE
377,"A",1e+05,0,237,298.89712,2,TRUE,372.02799,1,100000,0,0,2,6147273,372.02799,7705119,0.531000000000002,"C++",TRUE
378,"A",1e+05,0,238,285.71204,2,TRUE,350.11354,1,100000,0,0,2,5380947,350.11354,7311774,0.469000000000001,"C++",TRUE
379,"A",1e+05,0,239,269.96334,2,TRUE,339.11282,1,100000,0,0,2,5789184,339.11282,7022275,0.484999999999999,"C++",TRUE
380,"A",1e+05,0,240,216.46241,2,TRUE,277.22564,1,100000,0,0,2,4662023,277.22564,5589860,0.379999999999999,"C++",TRUE
381,"A",1e+05,0,241,224.43974,2,TRUE,299.45603,1,100000,0,0,2,5180065,299.45603,5655586,0.362000000000002,"C++",TRUE
382,"A",1e+05,0,242,210.11344,2,TRUE,268.84771,1,100000,0,0,2,3851207,268.84771,5725858,0.385999999999996,"C++",TRUE
383,"A",1e+05,0,243,225.89664,2,TRUE,275.04991,1,100000,0,0,2,3219885,275.04991,6330163,0.411999999999999,"C++",TRUE
384,"A",1e+05,0,244,315.25031,2,TRUE,393.86763,1,100000,0,0,2,6188145,393.86763,8030107,0.565000000000001,"C++",TRUE
385,"A",1e+05,0,245,284.50234,3,TRUE,339.8458,2,0,100000,0,2,2585514,339.8458,7376089,0.514999999999997,"C++",TRUE
386,"A",1e+05,0,246,201.40185,2,TRUE,249.90774,1,100000,0,0,2,3638531,249.90774,5460595,0.380000000000003,"C++",TRUE
387,"A",1e+05,0,247,199.91214,2,TRUE,242.28351,1,100000,0,0,2,3289889,242.28351,5457315,0.359000000000002,"C++",TRUE
388,"A",1e+05,0,248,218.41117,2,TRUE,256.99734,1,100000,0,0,2,2319155,256.99734,6171473,0.401000000000003,"C++",TRUE
389,"A",1e+05,0,249,206.15489,2,TRUE,264.72969,1,100000,0,0,2,4129921,264.72969,5381838,0.369,"C++",TRUE
390,"A",1e+05,0,250,235.28753,2,TRUE,281.47214,1,100000,0,0,2,3398514,281.47214,6593405,0.428999999999998,"C++",TRUE
391,"A",1e+05,0,251,244.40874,2,TRUE,305.97592,1,100000,0,0,2,3738544,305.97592,6755135,0.48,"C++",TRUE
392,"A",1e+05,0,252,259.67869,2,TRUE,351.79844,1,100000,0,0,2,8310291,351.79844,6254536,0.423000000000002,"C++",TRUE
393,"A",1e+05,0,253,236.55263,2,TRUE,310.47284,1,100000,0,0,2,5640409,310.47284,5890877,0.372,"C++",TRUE
394,"A",1e+05,0,254,270.10742,3,TRUE,308.62023,2,0,100000,0,1,1293995,308.62023,7365205,0.536999999999999,"C++",TRUE
395,"A",1e+05,0,255,219.0052,2,TRUE,254.23836,1,100000,0,0,2,2531776,254.23836,6111697,0.417999999999999,"C++",TRUE
396,"A",1e+05,0,256,222.99232,2,TRUE,274.64479,1,100000,0,0,2,3545884,274.64479,6146484,0.435000000000002,"C++",TRUE
397,"A",1e+05,0,257,175.38365,2,TRUE,222.12577,1,100000,0,0,2,2285365,222.12577,4925383,0.329000000000001,"C++",TRUE
398,"A",1e+05,0,258,215.78164,2,TRUE,294.2077,1,100000,0,0,2,5124552,294.2077,5364616,0.344000000000001,"C++",TRUE
399,"A",1e+05,0,259,218.76766,2,TRUE,281.04686,1,100000,0,0,2,4825052,281.04686,5690371,0.392999999999997,"C++",TRUE
400,"A",1e+05,0,260,224.89001,2,TRUE,277.5842,1,100000,0,0,2,2381215,277.5842,6493045,0.431999999999999,"C++",TRUE
401,"A",1e+05,0,261,243.63655,2,TRUE,310.55634,1,100000,0,0,2,4519519,310.55634,6413385,0.443000000000005,"C++",TRUE
402,"A",1e+05,0,262,255.61172,2,TRUE,318.62117,1,100000,0,0,2,4479827,318.62117,6816922,0.457999999999998,"C++",TRUE
403,"A",1e+05,0,263,243.7235,3,TRUE,276.63477,2,0,100000,0,1,1445916,276.63477,5995165,0.405000000000001,"C++",TRUE
404,"A",1e+05,0,264,189.08023,2,TRUE,230.2354,1,100000,0,0,2,2659279,230.2354,5215197,0.359999999999999,"C++",TRUE
405,"A",1e+05,0,265,249.8877,2,TRUE,325.18238,1,100000,0,0,2,6292199,325.18238,6107994,0.399999999999999,"C++",TRUE
406,"A",1e+05,0,266,225.9672,2,TRUE,292.58362,1,100000,0,0,2,5562738,292.58362,5474423,0.374000000000002,"C++",TRUE
407,"A",1e+05,0,267,224.88528,2,TRUE,284.03581,1,100000,0,0,2,4076785,284.03581,5912975,0.386000000000003,"C++",TRUE
408,"A",1e+05,0,268,256.75241,2,TRUE,310.06675,1,100000,0,0,2,5192714,310.06675,6228094,0.414000000000001,"C++",TRUE
409,"A",1e+05,0,269,226.72029,2,TRUE,266.53583,1,100000,0,0,1,1665886,266.53583,6666305,0.469999999999999,"C++",TRUE
410,"A",1e+05,0,270,232.86303,2,TRUE,302.37812,1,100000,0,0,2,5705917,302.37812,5785568,0.384,"C++",TRUE
411,"A",1e+05,0,271,198.64644,2,TRUE,249.84138,1,100000,0,0,2,3743847,249.84138,5337755,0.366999999999997,"C++",TRUE
412,"A",1e+05,0,272,188.9351,2,TRUE,229.75241,1,100000,0,0,2,2183639,229.75241,5450648,0.371000000000002,"C++",TRUE
413,"A",1e+05,0,273,220.93811,2,TRUE,262.27833,1,100000,0,0,2,3203447,262.27833,5955211,0.407,"C++",TRUE
414,"A",1e+05,0,274,267.85695,2,TRUE,341.00601,1,100000,0,0,2,6956159,341.00601,6152264,0.416999999999998,"C++",TRUE
415,"A",1e+05,0,275,246.04585,2,TRUE,300.3197,1,100000,0,0,2,3761164,300.3197,6765612,0.465999999999998,"C++",TRUE
416,"A",1e+05,0,276,263.37868,1,TRUE,276.96599,3,0,0,100000,2,2706433,276.96599,6180187,0.421000000000006,"C++",TRUE
417,"A",1e+05,0,277,190.367,2,TRUE,222.38662,1,100000,0,0,2,2233612,222.38662,5270430,0.358999999999995,"C++",TRUE
418,"A",1e+05,0,278,259.42068,2,TRUE,325.14345,1,100000,0,0,2,5071885,325.14345,6663768,0.462,"C++",TRUE
419,"A",1e+05,0,279,193.64544,2,TRUE,226.94893,1,100000,0,0,2,2250617,226.94893,5341706,0.367999999999999,"C++",TRUE
420,"A",1e+05,0,280,202.95406,2,TRUE,251.55573,1,100000,0,0,2,2984960,251.55573,5718133,0.381999999999998,"C++",TRUE
421,"A",1e+05,0,281,226.47618,2,TRUE,278.82364,1,100000,0,0,2,3430034,278.82364,6246571,0.415000000000006,"C++",TRUE
422,"A",1e+05,0,282,189.6206,2,TRUE,251.58025,1,100000,0,0,2,3206428,251.58025,5225540,0.347999999999999,"C++",TRUE
423,"A",1e+05,0,283,351.73594,2,TRUE,426.93022,1,100000,0,0,2,5902968,426.93022,9410781,0.658000000000001,"C++",TRUE
424,"A",1e+05,0,284,208.06474,2,TRUE,256.48185,1,100000,0,0,2,2758357,256.48185,5797787,0.390999999999998,"C++",TRUE
425,"A",1e+05,0,285,220.63543,2,TRUE,273.7053,1,100000,0,0,2,3686165,273.7053,6005581,0.407999999999998,"C++",TRUE
426,"A",1e+05,0,286,251.83722,2,TRUE,329.61542,1,100000,0,0,2,6722063,329.61542,6131225,0.391000000000005,"C++",TRUE
427,"A",1e+05,0,287,200.1705,2,TRUE,247.75479,1,100000,0,0,2,2738062,247.75479,5611995,0.366999999999997,"C++",TRUE
428,"A",1e+05,0,288,222.57651,2,TRUE,298.64648,1,100000,0,0,2,6216861,298.64648,5206939,0.338000000000001,"C++",TRUE
429,"A",1e+05,0,289,209.38927,2,TRUE,270.81414,1,100000,0,0,2,3621969,270.81414,5704923,0.402000000000001,"C++",TRUE
430,"A",1e+05,0,290,288.01783,2,TRUE,359.43429,1,100000,0,0,2,5856728,359.43429,7384889,0.503,"C++",TRUE
431,"A",1e+05,0,291,254.17308,2,TRUE,303.69493,1,100000,0,0,2,3465317,303.69493,7175922,0.497,"C++",TRUE
432,"A",1e+05,0,292,242.17141,3,TRUE,290.08113,2,0,100000,0,1,1473935,290.08113,6503552,0.448,"C++",TRUE
433,"A",1e+05,0,293,229.86998,2,TRUE,295.19906,1,100000,0,0,2,5146777,295.19906,5878200,0.414999999999999,"C++",TRUE
434,"A",1e+05,0,294,223.30577,3,TRUE,265.04703,2,0,100000,0,1,1517461,265.04703,5702965,0.396000000000001,"C++",TRUE
435,"A",1e+05,0,295,280.62358,2,TRUE,350.86216,1,100000,0,0,2,5743749,350.86216,7209395,0.495000000000001,"C++",TRUE
436,"A",1e+05,0,296,209.3262,2,TRUE,249.69015,1,100000,0,0,1,1946113,249.69015,5967497,0.400999999999996,"C++",TRUE
437,"A",1e+05,0,297,251.16514,2,TRUE,312.93462,1,100000,0,0,2,4617983,312.93462,6732616,0.446000000000005,"C++",TRUE
438,"A",1e+05,0,298,232.15137,2,TRUE,276.40577,1,100000,0,0,2,3330637,276.40577,6498097,0.467000000000002,"C++",TRUE
439,"A",1e+05,0,299,245.079,2,TRUE,293.85526,1,100000,0,0,2,3097873,293.85526,6917927,0.474999999999998,"C++",TRUE
440,"A",1e+05,0,300,228.38922,2,TRUE,264.99659,1,100000,0,0,2,2520332,264.99659,6474891,0.452999999999999,"C++",TRUE
441,"A",1e+05,0,301,181.8687,2,TRUE,223.53962,1,100000,0,0,2,2440715,223.53962,5044515,0.332999999999998,"C++",TRUE
442,"A",1e+05,0,302,215.7788,2,TRUE,273.03837,1,100000,0,0,2,4548771,273.03837,5547286,0.358000000000004,"C++",TRUE
443,"A",1e+05,0,303,251.53026,2,TRUE,314.38975,1,100000,0,0,2,4655971,314.38975,6667040,0.459,"C++",TRUE
444,"A",1e+05,0,304,221.68545,2,TRUE,284.11493,1,100000,0,0,2,3838393,284.11493,6035161,0.413999999999998,"C++",TRUE
445,"A",1e+05,0,305,265.28676,2,TRUE,363.35969,1,100000,0,0,2,8571881,363.35969,6358353,0.440000000000001,"C++",TRUE
446,"A",1e+05,0,306,230.48105,2,TRUE,276.73495,1,100000,0,0,2,3099948,276.73495,6484340,0.445,"C++",TRUE
447,"A",1e+05,0,307,234.18452,2,TRUE,271.57337,1,100000,0,0,1,1653968,271.57337,6765658,0.469000000000001,"C++",TRUE
448,"A",1e+05,0,308,220.97057,2,TRUE,269.43255,1,100000,0,0,2,3614494,269.43255,6090635,0.441000000000003,"C++",TRUE
449,"A",1e+05,0,309,178.85447,2,TRUE,230.11808,1,100000,0,0,2,3245732,230.11808,4954301,0.331,"C++",TRUE
450,"A",1e+05,0,310,209.26714,2,TRUE,254.53758,1,100000,0,0,2,2995371,254.53758,5792187,0.399000000000001,"C++",TRUE
451,"A",1e+05,0,311,188.13981,2,TRUE,220.85695,1,100000,0,0,1,2116553,220.85695,5179602,0.363999999999997,"C++",TRUE
452,"A",1e+05,0,312,254.73725,2,TRUE,316.07537,1,100000,0,0,2,4823737,316.07537,6695356,0.436999999999998,"C++",TRUE
453,"A",1e+05,0,313,205.57131,2,TRUE,257.2928,1,100000,0,0,2,2838517,257.2928,5691347,0.384,"C++",TRUE
454,"A",1e+05,0,314,271.38319,2,TRUE,327.39362,1,100000,0,0,2,4940436,327.39362,7113869,0.481000000000002,"C++",TRUE
455,"A",1e+05,0,315,237.08449,2,TRUE,290.59025,1,100000,0,0,2,4102362,290.59025,6434546,0.427,"C++",TRUE
456,"A",1e+05,0,316,272.75061,2,TRUE,351.62456,1,100000,0,0,2,6979504,351.62456,6576711,0.454000000000001,"C++",TRUE
457,"A",1e+05,0,317,252.96463,2,TRUE,317.40007,1,100000,0,0,2,4983366,317.40007,6405478,0.445999999999998,"C++",TRUE
458,"A",1e+05,0,318,236.85618,2,TRUE,284.32154,1,100000,0,0,2,3275953,284.32154,6587892,0.457999999999998,"C++",TRUE
459,"A",1e+05,0,319,197.97203,2,TRUE,227.58798,1,100000,0,0,1,2072881,227.58798,5275101,0.357999999999997,"C++",TRUE
460,"A",1e+05,0,320,199.04966,2,TRUE,254.86601,1,100000,0,0,2,3740094,254.86601,5402133,0.368000000000002,"C++",TRUE
461,"A",1e+05,0,321,245.94793,2,TRUE,283.56398,1,100000,0,0,2,2614622,283.56398,6873367,0.466000000000001,"C++",TRUE
462,"A",1e+05,0,322,247.41869,2,TRUE,295.88636,1,100000,0,0,2,3501684,295.88636,6886710,0.487000000000002,"C++",TRUE
463,"A",1e+05,0,323,239.66404,1,TRUE,259.30975,3,0,0,100000,2,2742804,259.30975,5697456,0.383000000000003,"C++",TRUE
464,"A",1e+05,0,324,227.33557,2,TRUE,267.19644,1,100000,0,0,2,2600411,267.19644,6437864,0.442999999999998,"C++",TRUE
465,"A",1e+05,0,325,221.52197,2,TRUE,282.9425,1,100000,0,0,2,4281961,282.9425,5953819,0.387,"C++",TRUE
466,"A",1e+05,0,326,268.11853,2,TRUE,317.79553,1,100000,0,0,2,3918180,317.79553,7386649,0.522999999999996,"C++",TRUE
467,"A",1e+05,0,327,228.86291,2,TRUE,290.42076,1,100000,0,0,2,3951923,290.42076,6214969,0.440000000000005,"C++",TRUE
468,"A",1e+05,0,328,211.8335,3,TRUE,244.8374,2,0,100000,0,1,1806505,244.8374,5144987,0.340999999999998,"C++",TRUE
469,"A",1e+05,0,329,232.32869,3,TRUE,283.56374,2,0,100000,0,1,1513274,283.56374,5959326,0.393000000000001,"C++",TRUE
470,"A",1e+05,0,330,213.94602,2,TRUE,254.53613,1,100000,0,0,2,2459156,254.53613,6050174,0.401000000000003,"C++",TRUE
471,"A",1e+05,0,331,236.95985,2,TRUE,285.53633,1,100000,0,0,2,3720839,285.53633,6439854,0.448,"C++",TRUE
472,"A",1e+05,0,332,215.38186,2,TRUE,271.98967,1,100000,0,0,2,3006517,271.98967,6060759,0.424999999999997,"C++",TRUE
473,"A",1e+05,0,333,350.11285,2,TRUE,424.77136,1,100000,0,0,2,7551593,424.77136,8749205,0.588999999999999,"C++",TRUE
474,"A",1e+05,0,334,183.7148,2,TRUE,224.86093,1,100000,0,0,2,2698519,224.86093,5118142,0.344000000000001,"C++",TRUE
475,"A",1e+05,0,335,247.98052,2,TRUE,354.51476,1,100000,0,0,2,9109855,354.51476,5891182,0.381999999999998,"C++",TRUE
476,"A",1e+05,0,336,183.97588,2,TRUE,221.97997,1,100000,0,0,2,2076874,221.97997,5042790,0.353999999999999,"C++",TRUE
477,"A",1e+05,0,337,229.39685,2,TRUE,285.29919,1,100000,0,0,2,4435717,285.29919,5951384,0.396000000000001,"C++",TRUE
478,"A",1e+05,0,338,206.85665,2,TRUE,275.21102,1,100000,0,0,2,4266794,275.21102,5413712,0.358999999999995,"C++",TRUE
479,"A",1e+05,0,339,254.01938,2,TRUE,313.19259,1,100000,0,0,2,4161259,313.19259,6940661,0.468000000000004,"C++",TRUE
480,"A",1e+05,0,340,247.02173,2,TRUE,313.10595,1,100000,0,0,2,4489939,313.10595,6554085,0.445999999999998,"C++",TRUE
481,"A",1e+05,0,341,271.12517,2,TRUE,307.57926,1,100000,0,0,2,2563490,307.57926,7725268,0.536000000000001,"C++",TRUE
482,"A",1e+05,0,342,210.4516,2,TRUE,264.86516,1,100000,0,0,2,2719287,264.86516,5953348,0.427,"C++",TRUE
483,"A",1e+05,0,343,231.63266,2,TRUE,272.73296,1,100000,0,0,2,3086346,272.73296,6499542,0.435000000000002,"C++",TRUE
484,"A",1e+05,0,344,238.8782,3,TRUE,285.19756,2,0,100000,0,1,1574726,285.19756,6268184,0.433,"C++",TRUE
485,"A",1e+05,0,345,255.39931,2,TRUE,324.96262,1,100000,0,0,2,6073647,324.96262,6329999,0.436999999999998,"C++",TRUE
486,"A",1e+05,0,346,281.4649,2,TRUE,364.14682,1,100000,0,0,2,7066017,364.14682,6875702,0.472999999999999,"C++",TRUE
487,"A",1e+05,0,347,277.5783,2,TRUE,331.16938,1,100000,0,0,2,3963951,331.16938,7665765,0.526000000000003,"C++",TRUE
488,"A",1e+05,0,348,206.19023,2,TRUE,255.86887,1,100000,0,0,2,3387605,255.86887,5568764,0.389000000000003,"C++",TRUE
489,"A",1e+05,0,349,226.78458,2,TRUE,300.27928,1,100000,0,0,2,5692446,300.27928,5662116,0.381,"C++",TRUE
490,"A",1e+05,0,350,232.64327,2,TRUE,283.15171,1,100000,0,0,2,3561294,283.15171,6499499,0.467999999999996,"C++",TRUE
491,"A",1e+05,0,351,212.95559,3,TRUE,258.3394,2,0,100000,0,1,1466033,258.3394,5388236,0.365000000000002,"C++",TRUE
492,"A",1e+05,0,352,263.98094,2,TRUE,331.0902,1,100000,0,0,2,5641940,331.0902,6745935,0.457000000000001,"C++",TRUE
493,"A",1e+05,0,353,266.31912,1,TRUE,274.10726,3,0,0,100000,2,2618259,274.10726,6208355,0.405999999999999,"C++",TRUE
494,"A",1e+05,0,354,196.52364,2,TRUE,244.09864,1,100000,0,0,1,2118412,244.09864,5563634,0.393000000000001,"C++",TRUE
495,"A",1e+05,0,355,282.6614,2,TRUE,352.14849,1,100000,0,0,2,5848617,352.14849,7080392,0.481000000000002,"C++",TRUE
496,"A",1e+05,0,356,245.33892,2,TRUE,309.32507,1,100000,0,0,2,4415518,309.32507,6630962,0.457000000000001,"C++",TRUE
497,"A",1e+05,0,357,200.72092,2,TRUE,251.3011,1,100000,0,0,2,3890549,251.3011,5267046,0.355999999999995,"C++",TRUE
498,"A",1e+05,0,358,224.26733,2,TRUE,277.11182,1,100000,0,0,2,3775913,277.11182,5973810,0.388000000000005,"C++",TRUE
499,"A",1e+05,0,359,205.62156,2,TRUE,245.1157,1,100000,0,0,2,2375059,245.1157,5885344,0.415999999999997,"C++",TRUE
500,"A",1e+05,0,360,225.18097,2,TRUE,260.38717,1,100000,0,0,2,2183710,260.38717,6340540,0.454000000000001,"C++",TRUE
501,"A",1e+05,0,361,226.16321,3,TRUE,259.90339,2,0,100000,0,1,1506945,259.90339,5590586,0.378999999999998,"C++",TRUE
502,"A",1e+05,0,362,199.66842,2,TRUE,264.2902,1,100000,0,0,2,3014750,264.2902,5496086,0.376000000000005,"C++",TRUE
503,"A",1e+05,0,363,240.99408,2,TRUE,302.70108,1,100000,0,0,2,5240743,302.70108,5908484,0.399000000000001,"C++",TRUE
504,"A",1e+05,0,364,210.72044,2,TRUE,255.32292,1,100000,0,0,2,2889740,255.32292,5858087,0.414000000000001,"C++",TRUE
505,"A",1e+05,0,365,273.56428,2,TRUE,339.66044,1,100000,0,0,2,4677831,339.66044,7325809,0.516999999999996,"C++",TRUE
506,"A",1e+05,0,366,242.9222,2,TRUE,302.24358,1,100000,0,0,2,4515215,302.24358,6479760,0.441000000000003,"C++",TRUE
507,"A",1e+05,0,367,215.91412,2,TRUE,257.07257,1,100000,0,0,2,2708550,257.07257,6127293,0.417000000000002,"C++",TRUE
508,"A",1e+05,0,368,207.21733,2,TRUE,261.3471,1,100000,0,0,2,3781877,261.3471,5551439,0.359000000000002,"C++",TRUE
509,"A",1e+05,0,369,174.22127,2,TRUE,227.58956,1,100000,0,0,2,2741248,227.58956,4725906,0.329999999999998,"C++",TRUE
510,"A",1e+05,0,370,232.07595,2,TRUE,292.74679,1,100000,0,0,2,5127133,292.74679,6022392,0.422000000000004,"C++",TRUE
511,"A",1e+05,0,371,296.59354,2,TRUE,368.81615,1,100000,0,0,2,6629147,368.81615,6972888,0.477999999999994,"C++",TRUE
512,"A",1e+05,0,372,237.73961,3,TRUE,278.64258,2,0,100000,0,1,1405608,278.64258,6358876,0.443000000000005,"C++",TRUE
513,"A",1e+05,0,373,210.78844,2,TRUE,267.10436,1,100000,0,0,2,3369414,267.10436,5662479,0.378,"C++",TRUE
514,"A",1e+05,0,374,237.70884,2,TRUE,294.20264,1,100000,0,0,2,3913186,294.20264,6545991,0.444000000000003,"C++",TRUE
515,"A",1e+05,0,375,219.09445,2,TRUE,284.259,1,100000,0,0,2,4583246,284.259,5742880,0.402999999999999,"C++",TRUE
516,"A",1e+05,0,376,220.82405,2,TRUE,276.14822,1,100000,0,0,2,3948308,276.14822,5908438,0.408999999999999,"C++",TRUE
517,"A",1e+05,0,377,280.16578,2,TRUE,376.42534,1,100000,0,0,2,8688862,376.42534,6815064,0.452000000000005,"C++",TRUE
518,"A",1e+05,0,378,218.53249,2,TRUE,269.69327,1,100000,0,0,2,3230642,269.69327,6087111,0.414999999999999,"C++",TRUE
519,"A",1e+05,0,379,194.25218,2,TRUE,238.78103,1,100000,0,0,1,1852568,238.78103,5581024,0.406999999999996,"C++",TRUE
520,"A",1e+05,0,380,243.03558,2,TRUE,307.84291,1,100000,0,0,2,5916346,307.84291,5876512,0.398000000000003,"C++",TRUE
521,"A",1e+05,0,381,213.75738,2,TRUE,268.53385,1,100000,0,0,2,3434977,268.53385,5881616,0.421999999999997,"C++",TRUE
522,"A",1e+05,0,382,227.42933,2,TRUE,290.17807,1,100000,0,0,2,4453044,290.17807,5972282,0.401000000000003,"C++",TRUE
523,"A",1e+05,0,383,307.14898,2,TRUE,374.88989,1,100000,0,0,2,4919179,374.88989,8464573,0.590000000000003,"C++",TRUE
524,"A",1e+05,0,384,193.43197,3,TRUE,246.82682,2,0,100000,0,1,1418649,246.82682,5026920,0.344000000000001,"C++",TRUE
525,"A",1e+05,0,385,189.46062,2,TRUE,222.70871,1,100000,0,0,2,2245646,222.70871,5236441,0.345999999999997,"C++",TRUE
526,"A",1e+05,0,386,244.50272,2,TRUE,303.83424,1,100000,0,0,2,4883113,303.83424,6406121,0.433,"C++",TRUE
527,"A",1e+05,0,387,243.28462,2,TRUE,298.88159,1,100000,0,0,2,4030747,298.88159,6657625,0.456000000000003,"C++",TRUE
528,"A",1e+05,0,388,277.56205,2,TRUE,359.33648,1,100000,0,0,2,7292062,359.33648,6478216,0.434000000000005,"C++",TRUE
529,"A",1e+05,0,389,173.42133,2,TRUE,219.51213,1,100000,0,0,2,2308522,219.51213,4919635,0.341999999999999,"C++",TRUE
530,"A",1e+05,0,390,218.8199,2,TRUE,273.70509,1,100000,0,0,2,3772275,273.70509,5954012,0.399000000000001,"C++",TRUE
531,"A",1e+05,0,391,257.40719,2,TRUE,313.46328,1,100000,0,0,2,4386137,313.46328,6762954,0.466999999999999,"C++",TRUE
532,"A",1e+05,0,392,212.67302,2,TRUE,255.2472,1,100000,0,0,2,2595825,255.2472,6118227,0.426000000000002,"C++",TRUE
533,"A",1e+05,0,393,249.56527,2,TRUE,311.34598,1,100000,0,0,2,4597784,311.34598,6609272,0.448,"C++",TRUE
534,"A",1e+05,0,394,246.4508,2,TRUE,326.48704,1,100000,0,0,2,7041378,326.48704,5855800,0.396999999999998,"C++",TRUE
535,"A",1e+05,0,395,216.62164,2,TRUE,264.67674,1,100000,0,0,2,4013056,264.67674,5758175,0.396999999999998,"C++",TRUE
536,"A",1e+05,0,396,281.51383,2,TRUE,357.88473,1,100000,0,0,2,6805116,357.88473,6776519,0.461000000000006,"C++",TRUE
537,"A",1e+05,0,397,302.84618,2,TRUE,403.20265,1,100000,0,0,2,9304251,403.20265,7027895,0.469999999999999,"C++",TRUE
538,"A",1e+05,0,398,218.50661,3,TRUE,256.67828,2,0,100000,0,1,2261243,256.67828,5290399,0.348000000000006,"C++",TRUE
539,"A",1e+05,0,399,210.91876,2,TRUE,274.30073,1,100000,0,0,2,3252711,274.30073,5915842,0.404999999999994,"C++",TRUE
540,"A",1e+05,0,400,201.70243,2,TRUE,263.29084,1,100000,0,0,2,3857777,263.29084,5472556,0.359000000000002,"C++",TRUE
541,"A",1e+05,0,401,206.03353,2,TRUE,250.66081,1,100000,0,0,2,2817963,250.66081,5733632,0.398000000000003,"C++",TRUE
542,"A",1e+05,0,402,189.60404,2,TRUE,238.9881,1,100000,0,0,2,2984154,238.9881,5207705,0.347999999999999,"C++",TRUE
543,"A",1e+05,0,403,239.3861,2,TRUE,318.55405,1,100000,0,0,2,5539856,318.55405,6145620,0.422999999999995,"C++",TRUE
544,"A",1e+05,0,404,290.93053,2,TRUE,361.24569,1,100000,0,0,2,5600559,361.24569,7606542,0.517000000000003,"C++",TRUE
545,"A",1e+05,0,405,210.5448,2,TRUE,275.07441,1,100000,0,0,2,4255453,275.07441,5516784,0.377000000000002,"C++",TRUE
546,"A",1e+05,0,406,272.46926,2,TRUE,348.81634,1,100000,0,0,2,6391693,348.81634,6540972,0.437999999999995,"C++",TRUE
547,"A",1e+05,0,407,264.21751,2,TRUE,326.36793,1,100000,0,0,2,4493105,326.36793,6957959,0.468000000000004,"C++",TRUE
548,"A",1e+05,0,408,205.05815,2,TRUE,266.30936,1,100000,0,0,2,4386791,266.30936,5394402,0.366999999999997,"C++",TRUE
549,"A",1e+05,0,409,273.05994,2,TRUE,334.56478,1,100000,0,0,2,4689348,334.56478,7401630,0.515999999999998,"C++",TRUE
550,"A",1e+05,0,410,193.28716,2,TRUE,235.87025,1,100000,0,0,2,2166309,235.87025,5539412,0.390000000000001,"C++",TRUE
551,"A",1e+05,0,411,204.05053,2,TRUE,253.48183,1,100000,0,0,2,3339234,253.48183,5520550,0.375999999999998,"C++",TRUE
552,"A",1e+05,0,412,263.30793,2,TRUE,332.50593,1,100000,0,0,2,5888202,332.50593,6612159,0.445,"C++",TRUE
553,"A",1e+05,0,413,234.87827,2,TRUE,299.75814,1,100000,0,0,2,4711145,299.75814,6133961,0.424,"C++",TRUE
554,"A",1e+05,0,414,203.17005,2,TRUE,249.32251,1,100000,0,0,2,2924666,249.32251,5687777,0.385999999999996,"C++",TRUE
555,"A",1e+05,0,415,189.74033,2,TRUE,231.20528,1,100000,0,0,2,2409322,231.20528,5344374,0.376000000000005,"C++",TRUE
556,"A",1e+05,0,416,304.0314,2,TRUE,380.21649,1,100000,0,0,2,6120681,380.21649,7802951,0.533999999999999,"C++",TRUE
557,"A",1e+05,0,417,208.07568,2,TRUE,270.51239,1,100000,0,0,2,3556216,270.51239,5638556,0.365000000000002,"C++",TRUE
558,"A",1e+05,0,418,227.08162,2,TRUE,294.3877,1,100000,0,0,2,5737415,294.3877,5524275,0.375,"C++",TRUE
559,"A",1e+05,0,419,213.67123,2,TRUE,255.49257,1,100000,0,0,2,2769202,255.49257,5931195,0.424,"C++",TRUE
560,"A",1e+05,0,420,202.34457,3,TRUE,234.00295,2,0,100000,0,1,1301210,234.00295,5102892,0.350000000000001,"C++",TRUE
561,"A",1e+05,0,421,234.99403,2,TRUE,288.99693,1,100000,0,0,2,3788787,288.99693,6400301,0.43,"C++",TRUE
562,"A",1e+05,0,422,191.23839,2,TRUE,241.96244,1,100000,0,0,2,3369492,241.96244,5128099,0.335999999999999,"C++",TRUE
563,"A",1e+05,0,423,258.62006,1,TRUE,282.24306,3,0,0,100000,2,2877002,282.24306,5691757,0.383000000000003,"C++",TRUE
564,"A",1e+05,0,424,227.04146,3,TRUE,279.85092,2,0,100000,0,1,1429036,279.85092,6068887,0.413000000000004,"C++",TRUE
565,"A",1e+05,0,425,262.66893,2,TRUE,346.25255,1,100000,0,0,2,6309276,346.25255,6597088,0.460999999999999,"C++",TRUE
566,"A",1e+05,0,426,189.77328,2,TRUE,238.4201,1,100000,0,0,2,2801290,238.4201,5321815,0.357999999999997,"C++",TRUE
567,"A",1e+05,0,427,202.52137,2,TRUE,246.33843,1,100000,0,0,2,2981424,246.33843,5562274,0.373000000000005,"C++",TRUE
568,"A",1e+05,0,428,198.29398,2,TRUE,229.84128,1,100000,0,0,2,2812271,229.84128,5198849,0.374000000000002,"C++",TRUE
569,"A",1e+05,0,429,252.13074,2,TRUE,329.61674,1,100000,0,0,2,6524258,329.61674,6242455,0.424999999999997,"C++",TRUE
570,"A",1e+05,0,430,266.65937,2,TRUE,342.3258,1,100000,0,0,2,6528840,342.3258,6422968,0.411999999999999,"C++",TRUE
571,"A",1e+05,0,431,196.56328,2,TRUE,235.52469,1,100000,0,0,1,2058188,235.52469,5556354,0.382000000000005,"C++",TRUE
572,"A",1e+05,0,432,276.93071,2,TRUE,318.16199,1,100000,0,0,2,2381376,318.16199,8055874,0.568999999999996,"C++",TRUE
573,"A",1e+05,0,433,280.27339,2,TRUE,359.72902,1,100000,0,0,2,6856656,359.72902,6709181,0.460999999999999,"C++",TRUE
574,"A",1e+05,0,434,224.26542,2,TRUE,288.49671,1,100000,0,0,2,4564061,288.49671,5832201,0.399000000000001,"C++",TRUE
575,"A",1e+05,0,435,192.94457,2,TRUE,236.93078,1,100000,0,0,2,2211662,236.93078,5472755,0.372999999999998,"C++",TRUE
576,"A",1e+05,0,436,240.21326,2,TRUE,281.49058,1,100000,0,0,2,2563816,281.49058,6900746,0.481999999999999,"C++",TRUE
577,"A",1e+05,0,437,243.9007,2,TRUE,299.3589,1,100000,0,0,2,4493490,299.3589,6494128,0.444000000000003,"C++",TRUE
578,"A",1e+05,0,438,316.88977,2,TRUE,380.47307,1,100000,0,0,2,5317128,380.47307,8407015,0.597000000000001,"C++",TRUE
579,"A",1e+05,0,439,216.24295,3,TRUE,259.514,2,0,100000,0,1,1571212,259.514,5434273,0.384,"C++",TRUE
580,"A",1e+05,0,440,221.92486,2,TRUE,263.20602,1,100000,0,0,2,2819106,263.20602,6155746,0.395000000000003,"C++",TRUE
581,"A",1e+05,0,441,238.4459,2,TRUE,275.56578,1,100000,0,0,2,2380461,275.56578,6858763,0.472000000000001,"C++",TRUE
582,"A",1e+05,0,442,252.77152,2,TRUE,293.41631,1,100000,0,0,2,2276558,293.41631,7356253,0.515999999999998,"C++",TRUE
583,"A",1e+05,0,443,247.47907,1,TRUE,269.61736,3,0,0,100000,2,3232260,269.61736,5724606,0.402999999999999,"C++",TRUE
584,"A",1e+05,0,444,218.94311,2,TRUE,273.73861,1,100000,0,0,2,4087956,273.73861,5878253,0.407000000000004,"C++",TRUE
585,"A",1e+05,0,445,224.31645,2,TRUE,268.60577,1,100000,0,0,2,3250591,268.60577,6237034,0.43,"C++",TRUE
586,"A",1e+05,0,446,299.10908,2,TRUE,385.37491,1,100000,0,0,3,7333743,385.37491,6848320,0.464999999999996,"C++",TRUE
587,"A",1e+05,0,447,262.23289,2,TRUE,339.56522,1,100000,0,0,2,6546088,339.56522,6458397,0.440000000000005,"C++",TRUE
588,"A",1e+05,0,448,208.63783,2,TRUE,253.0315,1,100000,0,0,2,3394934,253.0315,5673895,0.383000000000003,"C++",TRUE
589,"A",1e+05,0,449,211.70931,2,TRUE,262.12776,1,100000,0,0,2,3950799,262.12776,5588959,0.379999999999995,"C++",TRUE
590,"A",1e+05,0,450,252.51029,3,TRUE,290.92933,2,0,100000,0,1,1462944,290.92933,6728664,0.451999999999998,"C++",TRUE
591,"A",1e+05,0,451,173.99607,2,TRUE,214.00639,1,100000,0,0,2,2325382,214.00639,4860500,0.336000000000006,"C++",TRUE
592,"A",1e+05,0,452,194.67854,2,TRUE,228.71937,1,100000,0,0,1,1624811,228.71937,5515077,0.384999999999998,"C++",TRUE
593,"A",1e+05,0,453,223.42378,2,TRUE,270.15977,1,100000,0,0,2,3278728,270.15977,6264071,0.432000000000002,"C++",TRUE
594,"A",1e+05,0,454,206.11459,2,TRUE,256.68186,1,100000,0,0,2,3367990,256.68186,5728787,0.398999999999994,"C++",TRUE
595,"A",1e+05,0,455,218.89575,2,TRUE,257.76404,1,100000,0,0,2,2677994,257.76404,6075519,0.424999999999997,"C++",TRUE
596,"A",1e+05,0,456,196.97656,2,TRUE,252.43684,1,100000,0,0,2,3962603,252.43684,5152156,0.334000000000003,"C++",TRUE
597,"A",1e+05,0,457,223.24447,2,TRUE,273.74616,1,100000,0,0,2,2887951,273.74616,6301350,0.457000000000001,"C++",TRUE
598,"A",1e+05,0,458,211.08056,2,TRUE,259.99511,1,100000,0,0,2,3697598,259.99511,5606695,0.370999999999995,"C++",TRUE
599,"A",1e+05,0,459,200.41737,2,TRUE,232.75817,1,100000,0,0,2,1814508,232.75817,5503688,0.376000000000005,"C++",TRUE
600,"A",1e+05,0,460,293.56001,2,TRUE,365.49752,1,100000,0,0,2,5591621,365.49752,7556657,0.509,"C++",TRUE
601,"A",1e+05,0,461,262.05456,2,TRUE,365.28281,1,100000,0,0,2,8834702,365.28281,6160916,0.400999999999996,"C++",TRUE
602,"A",1e+05,0,462,235.89046,2,TRUE,309.4523,1,100000,0,0,2,5621380,309.4523,5793167,0.390000000000001,"C++",TRUE
603,"A",1e+05,0,463,252.73034,2,TRUE,331.12444,1,100000,0,0,2,6451569,331.12444,6045185,0.399000000000001,"C++",TRUE
604,"A",1e+05,0,464,273.31289,2,TRUE,351.46042,1,100000,0,0,2,6789234,351.46042,6914426,0.463999999999999,"C++",TRUE
605,"A",1e+05,0,465,193.0354,2,TRUE,234.81273,1,100000,0,0,2,3154790,234.81273,5264070,0.370999999999995,"C++",TRUE
606,"A",1e+05,0,466,208.42523,2,TRUE,264.59542,1,100000,0,0,2,4077245,264.59542,5534809,0.376000000000005,"C++",TRUE
607,"A",1e+05,0,467,230.59353,3,TRUE,292.62462,2,0,100000,0,2,2470459,292.62462,5769728,0.381,"C++",TRUE
608,"A",1e+05,0,468,263.61301,2,TRUE,323.50408,1,100000,0,0,2,4656300,323.50408,6982518,0.478999999999999,"C++",TRUE
609,"A",1e+05,0,469,291.45844,1,TRUE,310.2775,3,0,0,100000,2,3226707,310.2775,6469385,0.459000000000003,"C++",TRUE
610,"A",1e+05,0,470,340.82095,2,TRUE,419.16214,1,100000,0,0,2,7428659,419.16214,8168722,0.571999999999996,"C++",TRUE
611,"A",1e+05,0,471,243.42266,2,TRUE,293.24677,1,100000,0,0,2,3315814,293.24677,6899412,0.482000000000006,"C++",TRUE
612,"A",1e+05,0,472,212.77699,2,TRUE,245.56985,1,100000,0,0,1,1948857,245.56985,6023313,0.402999999999999,"C++",TRUE
613,"A",1e+05,0,473,237.57186,2,TRUE,281.87935,1,100000,0,0,2,2306616,281.87935,6903236,0.481000000000002,"C++",TRUE
614,"A",1e+05,0,474,263.96224,3,TRUE,303.34664,2,0,100000,0,1,1400130,303.34664,7064444,0.5,"C++",TRUE
615,"A",1e+05,0,475,189.21154,2,TRUE,235.37769,1,100000,0,0,2,3037421,235.37769,5207532,0.356999999999999,"C++",TRUE
616,"A",1e+05,0,476,181.70988,2,TRUE,239.61751,1,100000,0,0,2,3358948,239.61751,4842722,0.332000000000001,"C++",TRUE
617,"A",1e+05,0,477,264.7404,2,TRUE,341.29746,1,100000,0,0,3,6968400,341.29746,5868177,0.389000000000003,"C++",TRUE
618,"A",1e+05,0,478,193.6135,2,TRUE,245.93826,1,100000,0,0,2,3617631,245.93826,5156896,0.342000000000006,"C++",TRUE
619,"A",1e+05,0,479,193.04729,2,TRUE,239.8227,1,100000,0,0,2,2649273,239.8227,5399060,0.381,"C++",TRUE
620,"A",1e+05,0,480,242.9528,2,TRUE,295.93507,1,100000,0,0,2,3973146,295.93507,6603305,0.459999999999994,"C++",TRUE
621,"A",1e+05,0,481,188.38461,2,TRUE,227.39389,1,100000,0,0,1,1473315,227.39389,5348683,0.372,"C++",TRUE
622,"A",1e+05,0,482,207.16999,2,TRUE,257.48889,1,100000,0,0,2,2695252,257.48889,5738981,0.389000000000003,"C++",TRUE
623,"A",1e+05,0,483,244.33073,2,TRUE,314.8013,1,100000,0,0,2,4990373,314.8013,6278165,0.412000000000006,"C++",TRUE
624,"A",1e+05,0,484,219.93757,3,TRUE,261.74861,2,0,100000,0,2,2034278,261.74861,5460671,0.384999999999998,"C++",TRUE
625,"A",1e+05,0,485,231.48836,2,TRUE,283.19273,1,100000,0,0,2,3625451,283.19273,6309367,0.436,"C++",TRUE
626,"A",1e+05,0,486,205.49562,2,TRUE,255.09817,1,100000,0,0,2,3516109,255.09817,5633780,0.379999999999995,"C++",TRUE
627,"A",1e+05,0,487,242.38157,2,TRUE,304.99167,1,100000,0,0,2,5038056,304.99167,6262485,0.415000000000006,"C++",TRUE
628,"A",1e+05,0,488,229.26194,2,TRUE,301.68359,1,100000,0,0,2,5530909,301.68359,5789295,0.384999999999998,"C++",TRUE
629,"A",1e+05,0,489,202.11323,2,TRUE,234.74899,1,100000,0,0,1,1553259,234.74899,5835355,0.423000000000002,"C++",TRUE
630,"A",1e+05,0,490,257.96685,2,TRUE,316.90586,1,100000,0,0,2,4545870,316.90586,6954125,0.469000000000001,"C++",TRUE
631,"A",1e+05,0,491,234.2515,2,TRUE,305.35805,1,100000,0,0,2,5819037,305.35805,5816655,0.396000000000001,"C++",TRUE
632,"A",1e+05,0,492,214.60756,2,TRUE,255.00356,1,100000,0,0,2,2693311,255.00356,5922149,0.390999999999998,"C++",TRUE
633,"A",1e+05,0,493,235.71205,2,TRUE,309.30052,1,100000,0,0,2,4683343,309.30052,6208265,0.412000000000006,"C++",TRUE
634,"A",1e+05,0,494,209.784,2,TRUE,263.75997,1,100000,0,0,2,3223402,263.75997,5825517,0.413999999999994,"C++",TRUE
635,"A",1e+05,0,495,267.63341,2,TRUE,355.85914,1,100000,0,0,2,6528175,355.85914,6717797,0.464000000000006,"C++",TRUE
636,"A",1e+05,0,496,241.29588,2,TRUE,285.92514,1,100000,0,0,2,3708356,285.92514,6545358,0.442,"C++",TRUE
637,"A",1e+05,0,497,225.27226,2,TRUE,279.6698,1,100000,0,0,2,2481186,279.6698,6397058,0.424999999999997,"C++",TRUE
638,"A",1e+05,0,498,223.46913,3,TRUE,257.27256,2,0,100000,0,1,1533182,257.27256,5428601,0.365000000000002,"C++",TRUE
639,"A",1e+05,0,499,247.87949,2,TRUE,307.70946,1,100000,0,0,2,4420254,307.70946,6602521,0.462999999999994,"C++",TRUE
640,"A",1e+05,0,500,230.32906,2,TRUE,297.23646,1,100000,0,0,2,5261849,297.23646,5849139,0.390000000000001,"C++",TRUE
641,"A",1e+05,0,501,200.46655,2,TRUE,237.95424,1,100000,0,0,2,2285172,237.95424,5699033,0.414000000000001,"C++",TRUE
642,"A",1e+05,0,502,205.62489,3,TRUE,234.52804,2,0,100000,0,1,1485108,234.52804,5008747,0.323,"C++",TRUE
643,"A",1e+05,0,503,279.12589,2,TRUE,335.99717,1,100000,0,0,2,3682828,335.99717,7888058,0.552999999999997,"C++",TRUE
644,"A",1e+05,0,504,218.75352,2,TRUE,276.71118,1,100000,0,0,2,3877618,276.71118,5854984,0.407000000000004,"C++",TRUE
645,"A",1e+05,0,505,240.72142,2,TRUE,306.98011,1,100000,0,0,2,5374440,306.98011,6138432,0.403999999999996,"C++",TRUE
646,"A",1e+05,0,506,213.31823,2,TRUE,269.10766,1,100000,0,0,2,3498778,269.10766,5826499,0.401000000000003,"C++",TRUE
647,"A",1e+05,0,507,185.90127,2,TRUE,226.79762,1,100000,0,0,2,3098988,226.79762,5021714,0.326,"C++",TRUE
648,"A",1e+05,0,508,222.24861,2,TRUE,281.86226,1,100000,0,0,2,4950257,281.86226,5542844,0.375999999999998,"C++",TRUE
649,"A",1e+05,0,509,200.89414,2,TRUE,248.79842,1,100000,0,0,2,3248165,248.79842,5531442,0.375,"C++",TRUE
650,"A",1e+05,0,510,196.3675,3,TRUE,235.3438,2,0,100000,0,1,1392889,235.3438,4917977,0.337000000000003,"C++",TRUE
651,"A",1e+05,0,511,200.04709,3,TRUE,243.27195,2,0,100000,0,1,1480437,243.27195,4895502,0.332000000000001,"C++",TRUE
652,"A",1e+05,0,512,226.59339,2,TRUE,269.24136,1,100000,0,0,2,2886168,269.24136,6419677,0.427999999999997,"C++",TRUE
653,"A",1e+05,0,513,265.02353,2,TRUE,312.57833,1,100000,0,0,2,3677951,312.57833,7329835,0.519999999999996,"C++",TRUE
654,"A",1e+05,0,514,202.53945,2,TRUE,232.96484,1,100000,0,0,1,1601340,232.96484,5730148,0.411000000000001,"C++",TRUE
655,"A",1e+05,0,515,185.98758,2,TRUE,237.78308,1,100000,0,0,2,3710019,237.78308,4935301,0.323999999999998,"C++",TRUE
656,"A",1e+05,0,516,251.21488,2,TRUE,333.3902,1,100000,0,0,2,7646789,333.3902,5920089,0.395000000000003,"C++",TRUE
657,"A",1e+05,0,517,298.67708,2,TRUE,389.59202,1,100000,0,0,2,8175103,389.59202,7541275,0.481999999999999,"C++",TRUE
658,"A",1e+05,0,518,300.36422,2,TRUE,379.41829,1,100000,0,0,2,7456439,379.41829,7177713,0.475999999999999,"C++",TRUE
659,"A",1e+05,0,519,241.6957,2,TRUE,297.66687,1,100000,0,0,2,4070731,297.66687,6641161,0.468000000000004,"C++",TRUE
660,"A",1e+05,0,520,282.64795,2,TRUE,382.23707,1,100000,0,0,2,7884672,382.23707,7007471,0.475999999999999,"C++",TRUE
661,"A",1e+05,0,521,264.924,2,TRUE,363.19156,1,100000,0,0,2,7019857,363.19156,6385970,0.412999999999997,"C++",TRUE
662,"A",1e+05,0,522,210.30844,2,TRUE,244.34543,1,100000,0,0,1,1539311,244.34543,5937826,0.389000000000003,"C++",TRUE
663,"A",1e+05,0,523,273.88472,2,TRUE,327.05319,1,100000,0,0,2,3717158,327.05319,7667905,0.544000000000004,"C++",TRUE
664,"A",1e+05,0,524,188.52599,2,TRUE,237.03514,1,100000,0,0,2,3165640,237.03514,5081228,0.341000000000001,"C++",TRUE
665,"A",1e+05,0,525,256.83835,2,TRUE,334.45209,1,100000,0,0,2,6198670,334.45209,6311823,0.417999999999999,"C++",TRUE
666,"A",1e+05,0,526,263.11772,2,TRUE,342.06475,1,100000,0,0,2,7385169,342.06475,6090987,0.394999999999996,"C++",TRUE
667,"A",1e+05,0,527,258.18862,2,TRUE,320.82586,1,100000,0,0,2,6232452,320.82586,5941974,0.369,"C++",TRUE
668,"A",1e+05,0,528,293.57718,2,TRUE,364.70847,1,100000,0,0,2,6028097,364.70847,7566403,0.528999999999996,"C++",TRUE
669,"A",1e+05,0,529,313.02765,2,TRUE,385.71722,1,100000,0,0,2,6254510,385.71722,7608232,0.518999999999998,"C++",TRUE
670,"A",1e+05,0,530,232.05585,2,TRUE,296.23696,1,100000,0,0,2,5442308,296.23696,5803691,0.388000000000005,"C++",TRUE
671,"A",1e+05,0,531,278.75045,2,TRUE,353.97646,1,100000,0,0,2,6275278,353.97646,6971979,0.439999999999998,"C++",TRUE
672,"A",1e+05,0,532,212.32035,2,TRUE,258.0184,1,100000,0,0,2,3207467,258.0184,5889635,0.398000000000003,"C++",TRUE
673,"A",1e+05,0,533,198.99631,2,TRUE,255.67491,1,100000,0,0,2,3652648,255.67491,5384988,0.373999999999995,"C++",TRUE
674,"A",1e+05,0,534,285.85876,2,TRUE,351.27522,1,100000,0,0,2,5340533,351.27522,7354908,0.508000000000003,"C++",TRUE
675,"A",1e+05,0,535,220.75642,2,TRUE,260.7585,1,100000,0,0,2,2496682,260.7585,6211576,0.436,"C++",TRUE
676,"A",1e+05,0,536,237.52357,3,TRUE,285.74756,2,0,100000,0,2,2121892,285.74756,5914886,0.384,"C++",TRUE
677,"A",1e+05,0,537,203.30391,2,TRUE,238.78349,1,100000,0,0,1,2075449,238.78349,5423503,0.347000000000001,"C++",TRUE
678,"A",1e+05,0,538,295.08077,2,TRUE,371.30819,1,100000,0,0,2,6754228,371.30819,7277055,0.503999999999998,"C++",TRUE
679,"A",1e+05,0,539,274.55983,2,TRUE,340.62192,1,100000,0,0,2,5696101,340.62192,6906681,0.465000000000003,"C++",TRUE
680,"A",1e+05,0,540,202.78967,2,TRUE,249.72674,1,100000,0,0,2,2976705,249.72674,5635632,0.387,"C++",TRUE
681,"A",1e+05,0,541,250.25389,2,TRUE,308.25156,1,100000,0,0,2,4273113,308.25156,6628352,0.434999999999995,"C++",TRUE
682,"A",1e+05,0,542,256.87222,2,TRUE,314.49279,1,100000,0,0,2,4551669,314.49279,6776420,0.456000000000003,"C++",TRUE
683,"A",1e+05,0,543,232.88611,2,TRUE,294.96555,1,100000,0,0,2,4535333,294.96555,6110907,0.409999999999997,"C++",TRUE
684,"A",1e+05,0,544,225.981,2,TRUE,262.70644,1,100000,0,0,2,2442232,262.70644,6358351,0.436,"C++",TRUE
685,"A",1e+05,0,545,279.14898,2,TRUE,340.22148,1,100000,0,0,2,5145614,340.22148,7240282,0.466999999999999,"C++",TRUE
686,"A",1e+05,0,546,299.22645,2,TRUE,364.24934,1,100000,0,0,2,4808194,364.24934,8100942,0.556000000000004,"C++",TRUE
687,"A",1e+05,0,547,235.15467,2,TRUE,293.84724,1,100000,0,0,2,4387170,293.84724,6132682,0.417000000000002,"C++",TRUE
688,"A",1e+05,0,548,207.88611,3,TRUE,252.65795,2,0,100000,0,1,1771429,252.65795,5086510,0.354999999999997,"C++",TRUE
689,"A",1e+05,0,549,173.77678,2,TRUE,226.04569,1,100000,0,0,2,2573511,226.04569,4840018,0.324000000000005,"C++",TRUE
690,"A",1e+05,0,550,298.61288,3,TRUE,348.82373,2,0,100000,0,2,2176172,348.82373,7982677,0.512,"C++",TRUE
691,"A",1e+05,0,551,259.85168,2,TRUE,314.81762,1,100000,0,0,2,4765716,314.81762,6790824,0.452999999999996,"C++",TRUE
692,"A",1e+05,0,552,229.51716,2,TRUE,281.49782,1,100000,0,0,2,3178816,281.49782,6531653,0.445999999999998,"C++",TRUE
693,"A",1e+05,0,553,208.47586,2,TRUE,246.83211,1,100000,0,0,2,2640076,246.83211,5839559,0.401000000000003,"C++",TRUE
694,"A",1e+05,0,554,194.22427,2,TRUE,259.17161,1,100000,0,0,2,4642307,259.17161,4943354,0.314999999999998,"C++",TRUE
695,"A",1e+05,0,555,238.36994,2,TRUE,285.95965,1,100000,0,0,2,3366200,285.95965,6723115,0.439,"C++",TRUE
696,"A",1e+05,0,556,297.88042,2,TRUE,372.38042,1,100000,0,0,2,6844464,372.38042,7101250,0.479999999999997,"C++",TRUE
697,"A",1e+05,0,557,253.29293,2,TRUE,340.15214,1,100000,0,0,2,5970357,340.15214,6334062,0.438000000000002,"C++",TRUE
698,"A",1e+05,0,558,218.1553,2,TRUE,300.58316,1,100000,0,0,2,4699321,300.58316,5568374,0.372,"C++",TRUE
699,"A",1e+05,0,559,204.39899,2,TRUE,256.36483,1,100000,0,0,2,2975440,256.36483,5728751,0.382000000000005,"C++",TRUE
700,"A",1e+05,0,560,306.78891,2,TRUE,386.99253,1,100000,0,0,3,7190365,386.99253,7323841,0.461999999999996,"C++",TRUE
701,"A",1e+05,0,561,188.57937,2,TRUE,228.27813,1,100000,0,0,2,3163170,228.27813,4919170,0.335999999999999,"C++",TRUE
702,"A",1e+05,0,562,227.2435,2,TRUE,281.79441,1,100000,0,0,2,2914985,281.79441,6374087,0.433,"C++",TRUE
703,"A",1e+05,0,563,191.32424,2,TRUE,229.14594,1,100000,0,0,2,2387784,229.14594,5281140,0.355000000000004,"C++",TRUE
704,"A",1e+05,0,564,176.06988,2,TRUE,218.9922,1,100000,0,0,2,2304163,218.9922,4909873,0.312999999999995,"C++",TRUE
705,"A",1e+05,0,565,244.00807,2,TRUE,287.59231,1,100000,0,0,2,3059605,287.59231,6902521,0.473000000000006,"C++",TRUE
706,"A",1e+05,0,566,205.41879,2,TRUE,267.69303,1,100000,0,0,2,3968383,267.69303,5436860,0.363999999999997,"C++",TRUE
707,"A",1e+05,0,567,214.84117,2,TRUE,264.10858,1,100000,0,0,2,3803601,264.10858,5717902,0.380000000000003,"C++",TRUE
708,"A",1e+05,0,568,225.01952,2,TRUE,282.43225,1,100000,0,0,2,3892076,282.43225,6073076,0.399999999999999,"C++",TRUE
709,"A",1e+05,0,569,245.86803,2,TRUE,311.32456,1,100000,0,0,2,4406619,311.32456,6585548,0.439,"C++",TRUE
710,"A",1e+05,0,570,211.54682,3,TRUE,252.34894,2,0,100000,0,2,2262842,252.34894,5065805,0.344000000000001,"C++",TRUE
711,"A",1e+05,0,571,221.45913,2,TRUE,276.07051,1,100000,0,0,2,4680757,276.07051,5615278,0.384,"C++",TRUE
712,"A",1e+05,0,572,271.96527,2,TRUE,349.13169,1,100000,0,0,2,6110545,349.13169,6704159,0.464999999999996,"C++",TRUE
713,"A",1e+05,0,573,283.36043,2,TRUE,361.02703,1,100000,0,0,2,6220656,361.02703,6925879,0.463999999999999,"C++",TRUE
714,"A",1e+05,0,574,291.33335,2,TRUE,397.83578,1,100000,0,0,2,8292850,397.83578,7022572,0.480000000000004,"C++",TRUE
715,"A",1e+05,0,575,264.55131,2,TRUE,321.66715,1,100000,0,0,2,5074191,321.66715,6859479,0.473999999999997,"C++",TRUE
716,"A",1e+05,0,576,246.87811,2,TRUE,292.99248,1,100000,0,0,2,4008612,292.99248,6553637,0.448,"C++",TRUE
717,"A",1e+05,0,577,261.60061,2,TRUE,347.32386,1,100000,0,0,2,6618208,347.32386,6300003,0.419000000000004,"C++",TRUE
718,"A",1e+05,0,578,260.07538,2,TRUE,302.71797,1,100000,0,0,2,2204118,302.71797,7707132,0.530000000000001,"C++",TRUE
719,"A",1e+05,0,579,208.03565,2,TRUE,270.45581,1,100000,0,0,2,4426345,270.45581,5412684,0.361000000000004,"C++",TRUE
720,"A",1e+05,0,580,283.20169,2,TRUE,377.2009,1,100000,0,0,2,8255212,377.2009,7103655,0.477999999999994,"C++",TRUE
721,"A",1e+05,0,581,279.78929,2,TRUE,350.3933,1,100000,0,0,2,6584656,350.3933,6846726,0.462000000000003,"C++",TRUE
722,"A",1e+05,0,582,226.26152,3,TRUE,264.48496,2,0,100000,0,1,1923324,264.48496,5716905,0.378999999999998,"C++",TRUE
723,"A",1e+05,0,583,179.12303,2,TRUE,216.51495,1,100000,0,0,1,1986959,216.51495,4997203,0.327000000000005,"C++",TRUE
724,"A",1e+05,0,584,228.90459,2,TRUE,270.31847,1,100000,0,0,2,2673126,270.31847,6456080,0.445,"C++",TRUE
725,"A",1e+05,0,585,220.63931,2,TRUE,279.00617,1,100000,0,0,2,4657702,279.00617,5896234,0.399000000000001,"C++",TRUE
726,"A",1e+05,0,586,207.429,2,TRUE,272.96579,1,100000,0,0,2,4519030,272.96579,5252992,0.351999999999997,"C++",TRUE
727,"A",1e+05,0,587,252.90775,2,TRUE,322.36916,1,100000,0,0,2,5551734,322.36916,6196273,0.420999999999999,"C++",TRUE
728,"A",1e+05,0,588,224.17163,2,TRUE,281.02748,1,100000,0,0,2,3813493,281.02748,6100430,0.404999999999994,"C++",TRUE
729,"A",1e+05,0,589,222.03831,2,TRUE,268.12463,1,100000,0,0,2,3664548,268.12463,5941318,0.408000000000001,"C++",TRUE
730,"A",1e+05,0,590,176.15266,2,TRUE,214.34465,1,100000,0,0,2,2709948,214.34465,4801357,0.329999999999998,"C++",TRUE
731,"A",1e+05,0,591,211.07069,3,TRUE,246.84685,2,0,100000,0,1,1407812,246.84685,5314208,0.357000000000006,"C++",TRUE
732,"A",1e+05,0,592,231.14383,2,TRUE,292.25184,1,100000,0,0,2,3581559,292.25184,6362676,0.436999999999998,"C++",TRUE
733,"A",1e+05,0,593,258.70671,2,TRUE,327.65472,1,100000,0,0,2,4661848,327.65472,6909416,0.467999999999996,"C++",TRUE
734,"A",1e+05,0,594,184.62367,2,TRUE,234.62925,1,100000,0,0,1,2079240,234.62925,5332422,0.368000000000002,"C++",TRUE
735,"A",1e+05,0,595,227.00884,2,TRUE,295.67844,1,100000,0,0,2,5163460,295.67844,5802134,0.389000000000003,"C++",TRUE
736,"A",1e+05,0,596,216.49902,2,TRUE,254.08483,1,100000,0,0,2,2229394,254.08483,6183554,0.434999999999995,"C++",TRUE
737,"A",1e+05,0,597,234.4934,2,TRUE,274.89756,1,100000,0,0,2,2453355,274.89756,6748598,0.449000000000005,"C++",TRUE
738,"A",1e+05,0,598,204.43945,2,TRUE,259.5803,1,100000,0,0,2,4069665,259.5803,5415116,0.349000000000004,"C++",TRUE
739,"A",1e+05,0,599,227.56887,3,TRUE,264.72869,2,0,100000,0,1,1607693,264.72869,5743028,0.388999999999996,"C++",TRUE
740,"A",1e+05,0,600,298.7805,2,TRUE,363.44766,1,100000,0,0,2,5705107,363.44766,7788462,0.550000000000004,"C++",TRUE
741,"A",1e+05,0,601,225.20924,2,TRUE,274.40153,1,100000,0,0,2,2586481,274.40153,6416829,0.452999999999996,"C++",TRUE
742,"A",1e+05,0,602,209.73454,2,TRUE,248.0257,1,100000,0,0,1,1748689,248.0257,6004099,0.420999999999999,"C++",TRUE
743,"A",1e+05,0,603,215.18099,2,TRUE,261.16802,1,100000,0,0,2,3760427,261.16802,5651960,0.387999999999998,"C++",TRUE
744,"A",1e+05,0,604,225.68485,3,TRUE,267.89639,2,0,100000,0,1,1435157,267.89639,5922605,0.408999999999999,"C++",TRUE
745,"A",1e+05,0,605,217.38665,2,TRUE,291.87358,1,100000,0,0,2,5653540,291.87358,5511283,0.367000000000004,"C++",TRUE
746,"A",1e+05,0,606,200.20487,2,TRUE,252.92469,1,100000,0,0,2,3901689,252.92469,5289799,0.356999999999999,"C++",TRUE
747,"A",1e+05,0,607,219.90128,2,TRUE,271.97142,1,100000,0,0,2,3131381,271.97142,6224599,0.433,"C++",TRUE
748,"A",1e+05,0,608,201.24827,2,TRUE,248.92767,1,100000,0,0,2,3031203,248.92767,5546007,0.378,"C++",TRUE
749,"A",1e+05,0,609,245.24705,2,TRUE,323.32735,1,100000,0,0,2,5984444,323.32735,6117605,0.411999999999999,"C++",TRUE
750,"A",1e+05,0,610,260.91204,2,TRUE,322.943,1,100000,0,0,2,5131471,322.943,6845671,0.482999999999997,"C++",TRUE
751,"A",1e+05,0,611,280.50469,2,TRUE,352.38452,1,100000,0,0,2,6609768,352.38452,7059293,0.490000000000002,"C++",TRUE
752,"A",1e+05,0,612,352.23921,2,TRUE,431.87851,1,100000,0,0,3,7997493,431.87851,8546588,0.566000000000003,"C++",TRUE
753,"A",1e+05,0,613,271.22766,2,TRUE,339.58952,1,100000,0,0,2,5125462,339.58952,7193730,0.5,"C++",TRUE
754,"A",1e+05,0,614,235.55598,2,TRUE,296.7909,1,100000,0,0,2,4432746,296.7909,6191261,0.431000000000004,"C++",TRUE
755,"A",1e+05,0,615,235.83376,3,TRUE,292.26304,2,0,100000,0,1,1524810,292.26304,6165492,0.420999999999999,"C++",TRUE
756,"A",1e+05,0,616,224.24209,3,TRUE,266.94192,2,0,100000,0,1,1484748,266.94192,5754309,0.397999999999996,"C++",TRUE
757,"A",1e+05,0,617,190.62641,2,TRUE,235.42903,1,100000,0,0,2,3035010,235.42903,5185144,0.341000000000001,"C++",TRUE
758,"A",1e+05,0,618,280.33486,2,TRUE,376.08191,1,100000,0,0,2,8245113,376.08191,6775938,0.462000000000003,"C++",TRUE
759,"A",1e+05,0,619,220.05831,2,TRUE,266.58619,1,100000,0,0,2,3354818,266.58619,6116722,0.424,"C++",TRUE
760,"A",1e+05,0,620,219.68603,2,TRUE,275.89769,1,100000,0,0,2,4372570,275.89769,5803822,0.384,"C++",TRUE
761,"A",1e+05,0,621,220.72085,2,TRUE,261.82847,1,100000,0,0,2,2951431,261.82847,6219505,0.427,"C++",TRUE
762,"A",1e+05,0,622,299.20205,2,TRUE,368.85409,1,100000,0,0,2,6018970,368.85409,7748564,0.525999999999996,"C++",TRUE
763,"A",1e+05,0,623,223.75698,2,TRUE,283.13825,1,100000,0,0,2,3392178,283.13825,6156959,0.409999999999997,"C++",TRUE
764,"A",1e+05,0,624,233.293,2,TRUE,270.8401,1,100000,0,0,2,2447725,270.8401,6589471,0.451999999999998,"C++",TRUE
765,"A",1e+05,0,625,208.71502,2,TRUE,254.36704,1,100000,0,0,2,2950834,254.36704,5801683,0.402999999999999,"C++",TRUE
766,"A",1e+05,0,626,272.34533,2,TRUE,343.03568,1,100000,0,0,2,6004948,343.03568,6756078,0.454000000000001,"C++",TRUE
767,"A",1e+05,0,627,270.42936,3,TRUE,314.69634,2,0,100000,0,1,1841020,314.69634,6955610,0.469000000000001,"C++",TRUE
768,"A",1e+05,0,628,213.34364,2,TRUE,247.47111,1,100000,0,0,2,2195897,247.47111,5965230,0.408999999999999,"C++",TRUE
769,"A",1e+05,0,629,255.03349,2,TRUE,316.138,1,100000,0,0,2,4654356,316.138,6778093,0.461999999999996,"C++",TRUE
770,"A",1e+05,0,630,331.44194,2,TRUE,381.41388,1,100000,0,0,2,3221903,381.41388,9651826,0.677,"C++",TRUE
771,"A",1e+05,0,631,222.08493,2,TRUE,252.36861,1,100000,0,0,2,1837268,252.36861,6205385,0.431000000000004,"C++",TRUE
772,"A",1e+05,0,632,252.42934,3,TRUE,292.57208,2,0,100000,0,1,1469897,292.57208,6761920,0.439,"C++",TRUE
773,"A",1e+05,0,633,267.05772,2,TRUE,330.06373,1,100000,0,0,2,4882916,330.06373,7095621,0.477999999999994,"C++",TRUE
774,"A",1e+05,0,634,231.70485,2,TRUE,281.65947,1,100000,0,0,2,2806830,281.65947,6520397,0.460000000000001,"C++",TRUE
775,"A",1e+05,0,635,266.93388,2,TRUE,341.4673,1,100000,0,0,2,5382465,341.4673,6941882,0.464000000000006,"C++",TRUE
776,"A",1e+05,0,636,276.0941,2,TRUE,334.87213,1,100000,0,0,2,3928097,334.87213,7624867,0.514999999999993,"C++",TRUE
777,"A",1e+05,0,637,260.68213,2,TRUE,297.70336,1,100000,0,0,2,2150452,297.70336,7512300,0.495000000000005,"C++",TRUE
778,"A",1e+05,0,638,227.99515,2,TRUE,281.63274,1,100000,0,0,2,2922890,281.63274,6482718,0.444000000000003,"C++",TRUE
779,"A",1e+05,0,639,251.22625,2,TRUE,315.32671,1,100000,0,0,2,5277505,315.32671,6433484,0.432000000000002,"C++",TRUE
780,"A",1e+05,0,640,230.40466,2,TRUE,278.29621,1,100000,0,0,2,3636053,278.29621,6230532,0.421999999999997,"C++",TRUE
781,"A",1e+05,0,641,237.90731,2,TRUE,296.55892,1,100000,0,0,2,4823857,296.55892,6184578,0.427,"C++",TRUE
782,"A",1e+05,0,642,230.19428,2,TRUE,304.88128,1,100000,0,0,2,5777967,304.88128,5602089,0.369,"C++",TRUE
783,"A",1e+05,0,643,218.82055,2,TRUE,255.18749,1,100000,0,0,2,2807114,255.18749,5912209,0.407999999999994,"C++",TRUE
784,"A",1e+05,0,644,268.6965,2,TRUE,337.63926,1,100000,0,0,2,5363593,337.63926,6822474,0.484000000000002,"C++",TRUE
785,"A",1e+05,0,645,194.62815,2,TRUE,248.85013,1,100000,0,0,2,3086279,248.85013,5360996,0.371000000000002,"C++",TRUE
786,"A",1e+05,0,646,271.88635,3,TRUE,305.9421,2,0,100000,0,1,1847682,305.9421,7031368,0.493000000000002,"C++",TRUE
787,"A",1e+05,0,647,267.51891,2,TRUE,341.06785,1,100000,0,0,2,6513343,341.06785,6400446,0.413999999999994,"C++",TRUE
788,"A",1e+05,0,648,209.70057,2,TRUE,254.11266,1,100000,0,0,2,2580928,254.11266,6018906,0.424,"C++",TRUE
789,"A",1e+05,0,649,264.91131,3,TRUE,291.80593,2,0,100000,0,1,1454913,291.80593,6817932,0.484999999999999,"C++",TRUE
790,"A",1e+05,0,650,292.50224,2,TRUE,368.13196,1,100000,0,0,2,6611540,368.13196,7122963,0.483999999999995,"C++",TRUE
791,"A",1e+05,0,651,236.25247,2,TRUE,304.88264,1,100000,0,0,2,4852318,304.88264,6175061,0.405000000000001,"C++",TRUE
792,"A",1e+05,0,652,259.42471,3,TRUE,291.7724,2,0,100000,0,2,1730786,291.7724,6658498,0.438000000000002,"C++",TRUE
793,"A",1e+05,0,653,193.35244,2,TRUE,241.75842,1,100000,0,0,2,3087437,241.75842,5363825,0.359999999999999,"C++",TRUE
794,"A",1e+05,0,654,191.57802,2,TRUE,238.49597,1,100000,0,0,2,3038047,238.49597,5196432,0.350999999999999,"C++",TRUE
795,"A",1e+05,0,655,305.24484,2,TRUE,385.41241,1,100000,0,0,2,7098776,385.41241,7580278,0.522000000000006,"C++",TRUE
796,"A",1e+05,0,656,255.52899,2,TRUE,322.09221,1,100000,0,0,2,5703967,322.09221,6398837,0.420999999999999,"C++",TRUE
797,"A",1e+05,0,657,247.60301,2,TRUE,311.4046,1,100000,0,0,2,5046772,311.4046,6353031,0.402999999999999,"C++",TRUE
798,"A",1e+05,0,658,227.01667,3,TRUE,257.80194,2,0,100000,0,1,1456841,257.80194,5687407,0.389000000000003,"C++",TRUE
799,"A",1e+05,0,659,236.2892,2,TRUE,269.07611,1,100000,0,0,2,2178297,269.07611,6735839,0.473999999999997,"C++",TRUE
800,"A",1e+05,0,660,252.10776,2,TRUE,334.69072,1,100000,0,0,2,7239560,334.69072,5878437,0.401000000000003,"C++",TRUE
801,"A",1e+05,0,661,228.23758,2,TRUE,282.31155,1,100000,0,0,2,3466588,282.31155,6346761,0.400999999999996,"C++",TRUE
802,"A",1e+05,0,662,195.88715,2,TRUE,242.44908,1,100000,0,0,2,2470110,242.44908,5561162,0.387,"C++",TRUE
803,"A",1e+05,0,663,239.72898,2,TRUE,329.93718,1,100000,0,0,2,7602495,329.93718,5624241,0.363999999999997,"C++",TRUE
804,"A",1e+05,0,664,240.25311,2,TRUE,304.55628,1,100000,0,0,2,5231560,304.55628,6174720,0.438000000000002,"C++",TRUE
805,"A",1e+05,0,665,262.12685,2,TRUE,329.14745,1,100000,0,0,2,4977852,329.14745,6894099,0.482999999999997,"C++",TRUE
806,"A",1e+05,0,666,245.94997,3,TRUE,287.22228,2,0,100000,0,1,1542137,287.22228,6382695,0.411000000000001,"C++",TRUE
807,"A",1e+05,0,667,186.14082,2,TRUE,248.50507,1,100000,0,0,2,4544750,248.50507,4744567,0.311,"C++",TRUE
808,"A",1e+05,0,668,203.92885,2,TRUE,247.15976,1,100000,0,0,2,2768165,247.15976,5604840,0.391999999999996,"C++",TRUE
809,"A",1e+05,0,669,242.71822,2,TRUE,304.31506,1,100000,0,0,2,5085057,304.31506,6263465,0.420000000000002,"C++",TRUE
810,"A",1e+05,0,670,231.92529,2,TRUE,300.77987,1,100000,0,0,2,5654990,300.77987,5681649,0.368000000000002,"C++",TRUE
811,"A",1e+05,0,671,344.8829,2,TRUE,413.70175,1,100000,0,0,2,4717033,413.70175,9581524,0.634,"C++",TRUE
812,"A",1e+05,0,672,261.0309,2,TRUE,303.93674,1,100000,0,0,2,3146644,303.93674,7409705,0.504999999999995,"C++",TRUE
813,"A",1e+05,0,673,188.30929,2,TRUE,241.23916,1,100000,0,0,2,3997074,241.23916,4876017,0.332000000000001,"C++",TRUE
814,"A",1e+05,0,674,229.08194,2,TRUE,294.30974,1,100000,0,0,2,4518705,294.30974,6030222,0.417999999999999,"C++",TRUE
815,"A",1e+05,0,675,223.18838,2,TRUE,280.03282,1,100000,0,0,2,3764135,280.03282,6105250,0.402999999999999,"C++",TRUE
816,"A",1e+05,0,676,241.58879,2,TRUE,315.09465,1,100000,0,0,2,5884998,315.09465,6113005,0.392000000000003,"C++",TRUE
817,"A",1e+05,0,677,203.09234,2,TRUE,251.31598,1,100000,0,0,2,2758283,251.31598,5753936,0.391999999999996,"C++",TRUE
818,"A",1e+05,0,678,207.59354,2,TRUE,261.26951,1,100000,0,0,2,3900893,261.26951,5538352,0.368000000000002,"C++",TRUE
819,"A",1e+05,0,679,261.64133,2,TRUE,330.77517,1,100000,0,0,2,5391014,330.77517,6753244,0.466000000000001,"C++",TRUE
820,"A",1e+05,0,680,323.5946,2,TRUE,371.97855,1,100000,0,0,2,2758300,371.97855,9341261,0.628,"C++",TRUE
821,"A",1e+05,0,681,268.64313,2,TRUE,340.7469,1,100000,0,0,2,5605557,340.7469,6753785,0.449999999999996,"C++",TRUE
822,"A",1e+05,0,682,219.2164,2,TRUE,269.23108,1,100000,0,0,2,3765008,269.23108,5888456,0.403000000000006,"C++",TRUE
823,"A",1e+05,0,683,185.34803,2,TRUE,221.20862,1,100000,0,0,2,2129153,221.20862,5202773,0.357999999999997,"C++",TRUE
824,"A",1e+05,0,684,339.21172,2,TRUE,426.94436,1,100000,0,0,2,7170211,426.94436,8537764,0.554000000000002,"C++",TRUE
825,"A",1e+05,0,685,249.88107,3,TRUE,283.34514,2,0,100000,0,1,1406199,283.34514,6607832,0.442999999999998,"C++",TRUE
826,"A",1e+05,0,686,209.8793,2,TRUE,271.54796,1,100000,0,0,2,3904497,271.54796,5631353,0.378,"C++",TRUE
827,"A",1e+05,0,687,194.64627,2,TRUE,247.31049,1,100000,0,0,2,4047287,247.31049,5147107,0.354000000000006,"C++",TRUE
828,"A",1e+05,0,688,260.05499,2,TRUE,324.70782,1,100000,0,0,2,4953823,324.70782,6822078,0.466000000000001,"C++",TRUE
829,"A",1e+05,0,689,294.23946,2,TRUE,366.5667,1,100000,0,0,2,6076042,366.5667,7428287,0.486000000000004,"C++",TRUE
830,"A",1e+05,0,690,247.91473,3,TRUE,290.58472,2,0,100000,0,2,2032578,290.58472,6240568,0.428999999999995,"C++",TRUE
831,"A",1e+05,0,691,243.35852,2,TRUE,284.16199,1,100000,0,0,2,2531797,284.16199,6922247,0.493000000000002,"C++",TRUE
832,"A",1e+05,0,692,187.84738,2,TRUE,226.68962,1,100000,0,0,2,2310568,226.68962,5283253,0.359999999999999,"C++",TRUE
833,"A",1e+05,0,693,269.53914,3,TRUE,299.28899,2,0,100000,0,1,1657045,299.28899,6875736,0.459000000000003,"C++",TRUE
834,"A",1e+05,0,694,202.71164,2,TRUE,247.36879,1,100000,0,0,2,3014355,247.36879,5519853,0.369999999999997,"C++",TRUE
835,"A",1e+05,0,695,232.46531,2,TRUE,278.76374,1,100000,0,0,2,3019928,278.76374,6568002,0.448999999999998,"C++",TRUE
836,"A",1e+05,0,696,209.33927,2,TRUE,241.98607,1,100000,0,0,2,1929487,241.98607,5959397,0.433,"C++",TRUE
837,"A",1e+05,0,697,224.65651,2,TRUE,302.64519,1,100000,0,0,2,4848944,302.64519,5741937,0.389000000000003,"C++",TRUE
838,"A",1e+05,0,698,239.74191,2,TRUE,313.25224,1,100000,0,0,2,6425976,313.25224,5539458,0.361999999999995,"C++",TRUE
839,"A",1e+05,0,699,300.20404,2,TRUE,365.89692,1,100000,0,0,2,4495919,365.89692,8205727,0.539999999999999,"C++",TRUE
840,"A",1e+05,0,700,205.70203,2,TRUE,250.74018,1,100000,0,0,2,2876606,250.74018,5652174,0.379000000000005,"C++",TRUE
841,"A",1e+05,0,701,193.5402,2,TRUE,247.5539,1,100000,0,0,2,3351803,247.5539,5136169,0.354999999999997,"C++",TRUE
842,"A",1e+05,0,702,180.7297,2,TRUE,222.19578,1,100000,0,0,1,2065943,222.19578,4979688,0.338000000000001,"C++",TRUE
843,"A",1e+05,0,703,267.99609,2,TRUE,362.49729,1,100000,0,0,3,8896173,362.49729,5988427,0.404000000000003,"C++",TRUE
844,"A",1e+05,0,704,209.35471,2,TRUE,259.49504,1,100000,0,0,2,3872911,259.49504,5583888,0.367999999999995,"C++",TRUE
845,"A",1e+05,0,705,306.16561,2,TRUE,372.27541,1,100000,0,0,2,4969611,372.27541,8229991,0.552,"C++",TRUE
846,"A",1e+05,0,706,249.24237,3,TRUE,296.11857,2,0,100000,0,1,1721304,296.11857,6531793,0.447000000000003,"C++",TRUE
847,"A",1e+05,0,707,195.90049,2,TRUE,255.99675,1,100000,0,0,2,3439569,255.99675,5391863,0.372999999999998,"C++",TRUE
848,"A",1e+05,0,708,207.49373,2,TRUE,262.80461,1,100000,0,0,2,2863010,262.80461,5838202,0.375999999999998,"C++",TRUE
849,"A",1e+05,0,709,243.18398,2,TRUE,283.52697,1,100000,0,0,2,2696744,283.52697,6975021,0.463999999999999,"C++",TRUE
850,"A",1e+05,0,710,265.5119,2,TRUE,316.04179,1,100000,0,0,2,4335509,316.04179,7091196,0.493000000000002,"C++",TRUE
851,"A",1e+05,0,711,213.87905,2,TRUE,251.32788,1,100000,0,0,2,2396133,251.32788,5956358,0.411999999999999,"C++",TRUE
852,"A",1e+05,0,712,238.89181,2,TRUE,297.58158,1,100000,0,0,2,3902866,297.58158,6503800,0.455999999999996,"C++",TRUE
853,"A",1e+05,0,713,239.12968,2,TRUE,291.31088,1,100000,0,0,2,3157387,291.31088,6760265,0.437999999999995,"C++",TRUE
854,"A",1e+05,0,714,238.79864,2,TRUE,296.91132,1,100000,0,0,2,4100713,296.91132,6505026,0.440000000000005,"C++",TRUE
855,"A",1e+05,0,715,199.68849,2,TRUE,245.8059,1,100000,0,0,2,2801439,245.8059,5594212,0.372999999999998,"C++",TRUE
856,"A",1e+05,0,716,207.75722,2,TRUE,258.90426,1,100000,0,0,2,3933275,258.90426,5555738,0.375999999999998,"C++",TRUE
857,"A",1e+05,0,717,238.30614,1,TRUE,252.14201,3,0,0,100000,2,2792876,252.14201,5259902,0.359000000000002,"C++",TRUE
858,"A",1e+05,0,718,275.62427,2,TRUE,342.17523,1,100000,0,0,2,6362932,342.17523,6561547,0.411999999999999,"C++",TRUE
859,"A",1e+05,0,719,197.79859,2,TRUE,232.8584,1,100000,0,0,1,1617242,232.8584,5600274,0.388000000000005,"C++",TRUE
860,"A",1e+05,0,720,276.63871,2,TRUE,367.86691,1,100000,0,0,3,8887844,367.86691,6374965,0.433999999999997,"C++",TRUE
861,"A",1e+05,0,721,220.09186,2,TRUE,271.82571,1,100000,0,0,2,3456087,271.82571,6130190,0.427,"C++",TRUE
862,"A",1e+05,0,722,269.71179,2,TRUE,335.56848,1,100000,0,0,2,5294315,335.56848,6897032,0.468000000000004,"C++",TRUE
863,"A",1e+05,0,723,254.77273,1,TRUE,281.55362,3,0,0,100000,2,3052297,281.55362,6035222,0.391000000000005,"C++",TRUE
864,"A",1e+05,0,724,222.1889,3,TRUE,264.83375,2,0,100000,0,2,2086006,264.83375,5645176,0.372,"C++",TRUE
865,"A",1e+05,0,725,222.38399,2,TRUE,288.19982,1,100000,0,0,2,5409014,288.19982,5379549,0.348999999999997,"C++",TRUE
866,"A",1e+05,0,726,236.74999,2,TRUE,288.5146,1,100000,0,0,2,2940065,288.5146,6668508,0.472000000000001,"C++",TRUE
867,"A",1e+05,0,727,266.15706,2,TRUE,327.9549,1,100000,0,0,2,4744018,327.9549,7203803,0.488,"C++",TRUE
868,"A",1e+05,0,728,265.96676,2,TRUE,322.00388,1,100000,0,0,2,4175928,322.00388,7190980,0.481999999999999,"C++",TRUE
869,"A",1e+05,0,729,181.1582,2,TRUE,216.96726,1,100000,0,0,1,1647721,216.96726,5206539,0.368000000000002,"C++",TRUE
870,"A",1e+05,0,730,180.12854,2,TRUE,219.74071,1,100000,0,0,2,2852558,219.74071,4825847,0.32,"C++",TRUE
871,"A",1e+05,0,731,193.06061,2,TRUE,246.3085,1,100000,0,0,2,2927526,246.3085,5412325,0.358000000000004,"C++",TRUE
872,"A",1e+05,0,732,186.3452,2,TRUE,235.56559,1,100000,0,0,2,2425042,235.56559,5240791,0.351999999999997,"C++",TRUE
873,"A",1e+05,0,733,284.96556,2,TRUE,352.00253,1,100000,0,0,2,5735153,352.00253,7135586,0.467999999999996,"C++",TRUE
874,"A",1e+05,0,734,249.44824,3,TRUE,293.66851,2,0,100000,0,2,2187544,293.66851,6416823,0.433,"C++",TRUE
875,"A",1e+05,0,735,192.14657,2,TRUE,236.26439,1,100000,0,0,2,2829682,236.26439,5379795,0.369999999999997,"C++",TRUE
876,"A",1e+05,0,736,231.611,2,TRUE,287.07034,1,100000,0,0,2,4686937,287.07034,5986647,0.403000000000006,"C++",TRUE
877,"A",1e+05,0,737,245.79748,2,TRUE,296.5571,1,100000,0,0,2,3921222,296.5571,6662182,0.445999999999998,"C++",TRUE
878,"A",1e+05,0,738,212.14716,3,TRUE,266.01862,2,0,100000,0,1,1760239,266.01862,5444568,0.369,"C++",TRUE
879,"A",1e+05,0,739,267.68198,2,TRUE,357.79483,1,100000,0,0,2,6841527,357.79483,6081393,0.410000000000004,"C++",TRUE
880,"A",1e+05,0,740,265.53453,2,TRUE,321.74273,1,100000,0,0,2,4095180,321.74273,7220777,0.5,"C++",TRUE
881,"A",1e+05,0,741,231.64262,2,TRUE,289.38065,1,100000,0,0,2,3982957,289.38065,6251541,0.415999999999997,"C++",TRUE
882,"A",1e+05,0,742,212.39406,2,TRUE,259.77404,1,100000,0,0,2,2449963,259.77404,5989838,0.411000000000001,"C++",TRUE
883,"A",1e+05,0,743,203.57401,2,TRUE,264.5526,1,100000,0,0,2,4098998,264.5526,5209779,0.352999999999994,"C++",TRUE
884,"A",1e+05,0,744,218.11418,2,TRUE,260.875,1,100000,0,0,2,2973232,260.875,6044411,0.417000000000002,"C++",TRUE
885,"A",1e+05,0,745,236.03293,2,TRUE,322.42435,1,100000,0,0,2,7433519,322.42435,5466241,0.350999999999999,"C++",TRUE
886,"A",1e+05,0,746,233.93992,2,TRUE,289.78195,1,100000,0,0,2,4316157,289.78195,6048286,0.408999999999999,"C++",TRUE
887,"A",1e+05,0,747,276.30491,2,TRUE,358.25939,1,100000,0,0,2,6483961,358.25939,6751885,0.457000000000001,"C++",TRUE
888,"A",1e+05,0,748,196.41155,2,TRUE,251.75722,1,100000,0,0,2,3834277,251.75722,5229383,0.358000000000004,"C++",TRUE
889,"A",1e+05,0,749,235.4035,2,TRUE,278.49526,1,100000,0,0,2,2695888,278.49526,6659959,0.446999999999996,"C++",TRUE
890,"A",1e+05,0,750,220.80832,2,TRUE,277.37504,1,100000,0,0,2,3950223,277.37504,5873272,0.396000000000001,"C++",TRUE
891,"A",1e+05,0,751,224.61928,2,TRUE,253.77186,1,100000,0,0,2,2149990,253.77186,6134663,0.417000000000002,"C++",TRUE
892,"A",1e+05,0,752,229.37252,2,TRUE,290.75334,1,100000,0,0,2,5010166,290.75334,6081242,0.405000000000001,"C++",TRUE
893,"A",1e+05,0,753,255.66263,3,TRUE,297.80615,2,0,100000,0,1,1601940,297.80615,6712494,0.454000000000001,"C++",TRUE
894,"A",1e+05,0,754,185.06407,2,TRUE,220.82344,1,100000,0,0,2,2168429,220.82344,5244684,0.378,"C++",TRUE
895,"A",1e+05,0,755,222.4546,2,TRUE,270.34928,1,100000,0,0,2,3548378,270.34928,6172770,0.423000000000002,"C++",TRUE
896,"A",1e+05,0,756,201.15019,2,TRUE,256.80918,1,100000,0,0,2,3900585,256.80918,5327954,0.356999999999999,"C++",TRUE
897,"A",1e+05,0,757,231.75553,2,TRUE,313.09587,1,100000,0,0,2,6803195,313.09587,5316123,0.344999999999999,"C++",TRUE
898,"A",1e+05,0,758,242.80707,2,TRUE,305.72538,1,100000,0,0,2,5805717,305.72538,5700188,0.372999999999998,"C++",TRUE
899,"A",1e+05,0,759,215.99229,2,TRUE,250.02114,1,100000,0,0,1,1671714,250.02114,6148161,0.442,"C++",TRUE
900,"A",1e+05,0,760,230.87197,3,TRUE,278.51683,2,0,100000,0,1,1586686,278.51683,5855043,0.405000000000001,"C++",TRUE
901,"A",1e+05,0,761,262.82663,2,TRUE,345.29479,1,100000,0,0,2,6651400,345.29479,6333989,0.420999999999999,"C++",TRUE
902,"A",1e+05,0,762,196.37292,2,TRUE,236.67877,1,100000,0,0,2,3067812,236.67877,5336825,0.358000000000004,"C++",TRUE
903,"A",1e+05,0,763,241.11923,2,TRUE,292.26312,1,100000,0,0,2,2591342,292.26312,6889586,0.485999999999997,"C++",TRUE
904,"A",1e+05,0,764,247.96829,3,TRUE,305.95193,2,0,100000,0,1,1532262,305.95193,6542683,0.449000000000005,"C++",TRUE
905,"A",1e+05,0,765,229.83552,3,TRUE,273.75255,2,0,100000,0,2,1790156,273.75255,5768327,0.396000000000001,"C++",TRUE
906,"A",1e+05,0,766,240.73023,2,TRUE,265.82658,1,100000,0,0,2,2300361,265.82658,6639295,0.455999999999996,"C++",TRUE
907,"A",1e+05,0,767,259.07051,2,TRUE,319.31596,1,100000,0,0,2,4643494,319.31596,6801676,0.445,"C++",TRUE
908,"A",1e+05,0,768,210.47295,2,TRUE,264.82475,1,100000,0,0,2,4362295,264.82475,5410380,0.372,"C++",TRUE
909,"A",1e+05,0,769,221.3468,2,TRUE,271.6759,1,100000,0,0,2,4405711,271.6759,5737705,0.405000000000001,"C++",TRUE
910,"A",1e+05,0,770,243.92859,2,TRUE,300.80374,1,100000,0,0,2,4012358,300.80374,6649401,0.447000000000003,"C++",TRUE
911,"A",1e+05,0,771,275.75159,2,TRUE,337.20397,1,100000,0,0,2,4855766,337.20397,7232310,0.481000000000002,"C++",TRUE
912,"A",1e+05,0,772,252.03964,2,TRUE,327.65592,1,100000,0,0,2,5646717,327.65592,6185849,0.408999999999999,"C++",TRUE
913,"A",1e+05,0,773,294.43378,1,TRUE,308.74547,3,0,0,100000,2,3146245,308.74547,7063249,0.507000000000005,"C++",TRUE
914,"A",1e+05,0,774,188.97505,2,TRUE,232.40418,1,100000,0,0,2,2439812,232.40418,5304992,0.363999999999997,"C++",TRUE
915,"A",1e+05,0,775,259.37211,2,TRUE,314.53198,1,100000,0,0,2,4039739,314.53198,7071048,0.494999999999997,"C++",TRUE
916,"A",1e+05,0,776,235.58542,2,TRUE,304.24076,1,100000,0,0,2,3770514,304.24076,6502392,0.436,"C++",TRUE
917,"A",1e+05,0,777,232.60088,2,TRUE,283.37067,1,100000,0,0,2,3938161,283.37067,6242395,0.421000000000006,"C++",TRUE
918,"A",1e+05,0,778,278.95812,2,TRUE,351.02016,1,100000,0,0,2,5407698,351.02016,7075056,0.518000000000001,"C++",TRUE
919,"A",1e+05,0,779,221.2522,2,TRUE,267.33092,1,100000,0,0,2,3483287,267.33092,6027895,0.405999999999999,"C++",TRUE
920,"A",1e+05,0,780,217.88423,3,TRUE,239.88962,2,0,100000,0,1,1911247,239.88962,5121989,0.341999999999999,"C++",TRUE
921,"A",1e+05,0,781,242.22175,2,TRUE,311.56828,1,100000,0,0,2,5094521,311.56828,6203483,0.397999999999996,"C++",TRUE
922,"A",1e+05,0,782,261.15841,2,TRUE,329.03228,1,100000,0,0,2,5343484,329.03228,6775231,0.475000000000001,"C++",TRUE
923,"A",1e+05,0,783,249.71711,2,TRUE,307.38687,1,100000,0,0,2,5287824,307.38687,6177359,0.432000000000002,"C++",TRUE
924,"A",1e+05,0,784,247.7332,2,TRUE,314.76186,1,100000,0,0,2,5400886,314.76186,6412442,0.445999999999998,"C++",TRUE
925,"A",1e+05,0,785,237.85566,2,TRUE,272.06524,1,100000,0,0,2,2430839,272.06524,6498037,0.446000000000005,"C++",TRUE
926,"A",1e+05,0,786,178.58835,2,TRUE,215.19567,1,100000,0,0,2,2369835,215.19567,4937191,0.332000000000001,"C++",TRUE
927,"A",1e+05,0,787,268.19456,2,TRUE,349.72183,1,100000,0,0,2,6739201,349.72183,6468167,0.427,"C++",TRUE
928,"A",1e+05,0,788,247.12378,2,TRUE,315.34672,1,100000,0,0,2,5534792,315.34672,6253845,0.428999999999995,"C++",TRUE
929,"A",1e+05,0,789,229.60416,2,TRUE,294.21425,1,100000,0,0,2,4606138,294.21425,6043648,0.426000000000002,"C++",TRUE
930,"A",1e+05,0,790,247.44906,2,TRUE,310.46246,1,100000,0,0,2,4897265,310.46246,6430555,0.419000000000004,"C++",TRUE
931,"A",1e+05,0,791,236.08541,2,TRUE,308.94906,1,100000,0,0,2,5128328,308.94906,6133071,0.424999999999997,"C++",TRUE
932,"A",1e+05,0,792,248.15776,2,TRUE,302.87323,1,100000,0,0,2,4413846,302.87323,6657241,0.457000000000001,"C++",TRUE
933,"A",1e+05,0,793,202.84295,2,TRUE,252.19972,1,100000,0,0,2,3142232,252.19972,5556077,0.392000000000003,"C++",TRUE
934,"A",1e+05,0,794,233.15523,2,TRUE,268.18585,1,100000,0,0,2,2896825,268.18585,6142041,0.417000000000002,"C++",TRUE
935,"A",1e+05,0,795,208.05901,2,TRUE,236.23532,1,100000,0,0,1,2107001,236.23532,5800561,0.399999999999999,"C++",TRUE
936,"A",1e+05,0,796,273.73172,2,TRUE,334.56652,1,100000,0,0,2,4703082,334.56652,7202374,0.515000000000001,"C++",TRUE
937,"A",1e+05,0,797,218.34539,2,TRUE,272.49309,1,100000,0,0,2,3894818,272.49309,5905255,0.408999999999999,"C++",TRUE
938,"A",1e+05,0,798,214.94604,2,TRUE,258.09912,1,100000,0,0,2,2819280,258.09912,6106512,0.412999999999997,"C++",TRUE
939,"A",1e+05,0,799,232.43802,2,TRUE,312.23271,1,100000,0,0,2,5816702,312.23271,6018346,0.408999999999999,"C++",TRUE
940,"A",1e+05,0,800,280.46581,2,TRUE,361.22905,1,100000,0,0,2,7020368,361.22905,6809717,0.481999999999999,"C++",TRUE
941,"A",1e+05,0,801,247.23334,2,TRUE,289.38565,1,100000,0,0,2,2757251,289.38565,7148427,0.502000000000002,"C++",TRUE
942,"A",1e+05,0,802,314.65467,2,TRUE,411.592,1,100000,0,0,3,8861116,411.592,7176833,0.469999999999999,"C++",TRUE
943,"A",1e+05,0,803,193.96829,2,TRUE,242.33237,1,100000,0,0,2,3406491,242.33237,5195328,0.352000000000004,"C++",TRUE
944,"A",1e+05,0,804,235.59398,2,TRUE,276.76294,1,100000,0,0,2,2327168,276.76294,6761497,0.466000000000001,"C++",TRUE
945,"A",1e+05,0,805,281.6801,2,TRUE,339.67553,1,100000,0,0,2,4924394,339.67553,7516622,0.533999999999999,"C++",TRUE
946,"A",1e+05,0,806,205.27158,3,TRUE,231.08152,2,0,100000,0,1,1359111,231.08152,4922456,0.342999999999996,"C++",TRUE
947,"A",1e+05,0,807,217.00785,2,TRUE,282.51147,1,100000,0,0,2,4370510,282.51147,5744291,0.396000000000001,"C++",TRUE
948,"A",1e+05,0,808,261.06311,2,TRUE,320.65665,1,100000,0,0,2,2859671,320.65665,7482745,0.534999999999997,"C++",TRUE
949,"A",1e+05,0,809,215.96222,2,TRUE,285.06915,1,100000,0,0,2,4700524,285.06915,5615192,0.371000000000002,"C++",TRUE
950,"A",1e+05,0,810,202.49159,2,TRUE,242.35465,1,100000,0,0,2,2365461,242.35465,5707815,0.387999999999998,"C++",TRUE
951,"A",1e+05,0,811,253.06862,2,TRUE,321.75874,1,100000,0,0,2,5717264,321.75874,6451514,0.452000000000005,"C++",TRUE
952,"A",1e+05,0,812,246.8763,2,TRUE,306.49618,1,100000,0,0,2,4629602,306.49618,6545805,0.449999999999996,"C++",TRUE
953,"A",1e+05,0,813,215.07107,3,TRUE,267.93269,2,0,100000,0,1,1845247,267.93269,5482379,0.368000000000002,"C++",TRUE
954,"A",1e+05,0,814,269.65946,2,TRUE,345.36159,1,100000,0,0,2,5954296,345.36159,6567764,0.432000000000002,"C++",TRUE
955,"A",1e+05,0,815,251.24516,2,TRUE,336.38378,1,100000,0,0,2,7595394,336.38378,5862043,0.393999999999998,"C++",TRUE
956,"A",1e+05,0,816,194.66771,2,TRUE,236.51387,1,100000,0,0,2,2194502,236.51387,5447181,0.375,"C++",TRUE
957,"A",1e+05,0,817,256.94174,2,TRUE,316.58388,1,100000,0,0,2,4508610,316.58388,7005777,0.487000000000002,"C++",TRUE
958,"A",1e+05,0,818,172.96393,2,TRUE,217.54981,1,100000,0,0,2,3000205,217.54981,4735966,0.325000000000003,"C++",TRUE
959,"A",1e+05,0,819,237.76987,2,TRUE,308.38643,1,100000,0,0,2,5234808,308.38643,6029573,0.402999999999999,"C++",TRUE
960,"A",1e+05,0,820,197.36331,2,TRUE,236.24869,1,100000,0,0,2,2439353,236.24869,5453886,0.367999999999995,"C++",TRUE
961,"A",1e+05,0,821,271.16609,1,TRUE,288.75067,3,0,0,100000,2,2825034,288.75067,6519061,0.456000000000003,"C++",TRUE
962,"A",1e+05,0,822,195.92011,2,TRUE,242.75236,1,100000,0,0,2,2642764,242.75236,5499415,0.386000000000003,"C++",TRUE
963,"A",1e+05,0,823,233.88131,2,TRUE,297.66046,1,100000,0,0,2,4251275,297.66046,6270614,0.413000000000004,"C++",TRUE
964,"A",1e+05,0,824,249.90394,3,TRUE,288.05518,2,0,100000,0,2,2101656,288.05518,6206099,0.408000000000001,"C++",TRUE
965,"A",1e+05,0,825,207.10861,2,TRUE,257.44687,1,100000,0,0,2,2640981,257.44687,5882779,0.411999999999999,"C++",TRUE
966,"A",1e+05,0,826,239.78114,2,TRUE,312.67805,1,100000,0,0,2,5930018,312.67805,6032020,0.411000000000001,"C++",TRUE
967,"A",1e+05,0,827,274.23024,2,TRUE,374.94245,1,100000,0,0,2,8673017,374.94245,6345940,0.424,"C++",TRUE
968,"A",1e+05,0,828,206.02263,2,TRUE,254.56019,1,100000,0,0,2,3587883,254.56019,5532959,0.376999999999995,"C++",TRUE
969,"A",1e+05,0,829,240.65338,2,TRUE,284.56419,1,100000,0,0,2,2724122,284.56419,6858577,0.478000000000002,"C++",TRUE
970,"A",1e+05,0,830,270.2575,2,TRUE,326.78818,1,100000,0,0,2,4396508,326.78818,7340318,0.506,"C++",TRUE
971,"A",1e+05,0,831,207.06552,2,TRUE,274.35326,1,100000,0,0,2,5291337,274.35326,5074325,0.338999999999999,"C++",TRUE
972,"A",1e+05,0,832,223.37039,2,TRUE,279.5335,1,100000,0,0,2,3778077,279.5335,6128785,0.423000000000002,"C++",TRUE
973,"A",1e+05,0,833,221.8084,2,TRUE,298.3419,1,100000,0,0,2,6544252,298.3419,5333022,0.362000000000002,"C++",TRUE
974,"A",1e+05,0,834,289.81724,2,TRUE,354.11103,1,100000,0,0,2,4658479,354.11103,7857626,0.539999999999999,"C++",TRUE
975,"A",1e+05,0,835,211.23046,2,TRUE,268.67011,1,100000,0,0,2,4088770,268.67011,5629972,0.378999999999998,"C++",TRUE
976,"A",1e+05,0,836,215.91753,2,TRUE,254.4948,1,100000,0,0,2,3286890,254.4948,5832966,0.415999999999997,"C++",TRUE
977,"A",1e+05,0,837,232.93781,2,TRUE,275.17878,1,100000,0,0,2,2332089,275.17878,6851038,0.479000000000006,"C++",TRUE
978,"A",1e+05,0,838,223.35095,2,TRUE,291.2541,1,100000,0,0,2,5778250,291.2541,5515820,0.373999999999995,"C++",TRUE
979,"A",1e+05,0,839,240.76419,2,TRUE,319.69269,1,100000,0,0,2,6335228,319.69269,5982852,0.394000000000005,"C++",TRUE
980,"A",1e+05,0,840,249.08017,2,TRUE,296.06257,1,100000,0,0,2,3153783,296.06257,7123010,0.503999999999998,"C++",TRUE
981,"A",1e+05,0,841,248.36433,2,TRUE,299.39669,1,100000,0,0,2,3264821,299.39669,6935114,0.466999999999999,"C++",TRUE
982,"A",1e+05,0,842,245.32239,2,TRUE,307.42828,1,100000,0,0,2,4436323,307.42828,6552008,0.445,"C++",TRUE
983,"A",1e+05,0,843,182.30805,2,TRUE,224.98265,1,100000,0,0,2,2771926,224.98265,5030374,0.338000000000001,"C++",TRUE
984,"A",1e+05,0,844,280.50169,2,TRUE,357.75375,1,100000,0,0,2,5672378,357.75375,7238639,0.502000000000002,"C++",TRUE
985,"A",1e+05,0,845,232.41023,2,TRUE,260.13261,1,100000,0,0,1,1413877,260.13261,6579610,0.476999999999997,"C++",TRUE
986,"A",1e+05,0,846,258.9486,3,TRUE,317.0177,2,0,100000,0,2,2091572,317.0177,6841488,0.463000000000001,"C++",TRUE
987,"A",1e+05,0,847,194.48877,2,TRUE,245.22474,1,100000,0,0,2,3060027,245.22474,5361989,0.362000000000002,"C++",TRUE
988,"A",1e+05,0,848,231.56177,3,TRUE,274.45753,2,0,100000,0,1,2021400,274.45753,5820867,0.397000000000006,"C++",TRUE
989,"A",1e+05,0,849,205.94072,2,TRUE,257.20576,1,100000,0,0,2,3739187,257.20576,5534005,0.375,"C++",TRUE
990,"A",1e+05,0,850,178.54018,2,TRUE,220.076,1,100000,0,0,2,3140748,220.076,4583456,0.299999999999997,"C++",TRUE
991,"A",1e+05,0,851,276.8671,2,TRUE,335.28127,1,100000,0,0,2,5193338,335.28127,7166729,0.493000000000002,"C++",TRUE
992,"A",1e+05,0,852,256.59419,1,TRUE,263.52459,3,0,0,100000,2,2762107,263.52459,5822003,0.387,"C++",TRUE
993,"A",1e+05,0,853,271.48033,2,TRUE,329.42676,1,100000,0,0,2,4957579,329.42676,6958221,0.480000000000004,"C++",TRUE
994,"A",1e+05,0,854,198.4331,2,TRUE,235.40036,1,100000,0,0,2,2440105,235.40036,5533685,0.394999999999996,"C++",TRUE
995,"A",1e+05,0,855,225.6526,2,TRUE,252.83698,1,100000,0,0,2,2266875,252.83698,6176749,0.43,"C++",TRUE
996,"A",1e+05,0,856,217.3823,2,TRUE,279.60607,1,100000,0,0,2,4454977,279.60607,5666050,0.382000000000005,"C++",TRUE
997,"A",1e+05,0,857,273.65274,2,TRUE,336.28775,1,100000,0,0,2,5697860,336.28775,6878118,0.440999999999995,"C++",TRUE
998,"A",1e+05,0,858,270.62916,2,TRUE,343.99919,1,100000,0,0,2,5889571,343.99919,6566548,0.442,"C++",TRUE
999,"A",1e+05,0,859,191.32162,3,TRUE,250.75194,2,0,100000,0,2,1990791,250.75194,4677179,0.311999999999998,"C++",TRUE
1000,"A",1e+05,0,860,289.63057,2,TRUE,356.79792,1,100000,0,0,2,5951249,356.79792,7475977,0.520000000000003,"C++",TRUE
1001,"A",1e+05,0,861,232.01218,2,TRUE,284.47332,1,100000,0,0,2,3446984,284.47332,6457619,0.448,"C++",TRUE
1002,"A",1e+05,0,862,242.61242,2,TRUE,304.60953,1,100000,0,0,2,5000563,304.60953,6190450,0.405000000000001,"C++",TRUE
1003,"A",1e+05,0,863,198.14233,3,TRUE,234.42056,2,0,100000,0,1,1324521,234.42056,4988304,0.343999999999994,"C++",TRUE
1004,"A",1e+05,0,864,203.9804,2,TRUE,247.10192,1,100000,0,0,2,2942326,247.10192,5566211,0.372,"C++",TRUE
1005,"A",1e+05,0,865,212.23377,2,TRUE,264.80362,1,100000,0,0,2,3962463,264.80362,5647785,0.381,"C++",TRUE
1006,"A",1e+05,0,866,189.89604,2,TRUE,246.56998,1,100000,0,0,2,3109405,246.56998,5285351,0.355000000000004,"C++",TRUE
1007,"A",1e+05,0,867,279.03509,2,TRUE,346.98884,1,100000,0,0,2,6586225,346.98884,6611666,0.426000000000002,"C++",TRUE
1008,"A",1e+05,0,868,211.70324,2,TRUE,261.84023,1,100000,0,0,2,3420686,261.84023,5831460,0.390999999999998,"C++",TRUE
1009,"A",1e+05,0,869,198.63897,2,TRUE,259.77205,1,100000,0,0,2,3681678,259.77205,5383846,0.383000000000003,"C++",TRUE
1010,"A",1e+05,0,870,241.07899,2,TRUE,292.26995,1,100000,0,0,2,4021578,292.26995,6516350,0.452999999999996,"C++",TRUE
1011,"A",1e+05,0,871,202.1984,2,TRUE,258.2208,1,100000,0,0,2,2857028,258.2208,5626791,0.390000000000001,"C++",TRUE
1012,"A",1e+05,0,872,212.60123,2,TRUE,273.4993,1,100000,0,0,2,4317479,273.4993,5670528,0.366,"C++",TRUE
1013,"A",1e+05,0,873,255.56998,2,TRUE,314.35465,1,100000,0,0,2,4127746,314.35465,6971419,0.484999999999999,"C++",TRUE
1014,"A",1e+05,0,874,247.56248,3,TRUE,296.01763,2,0,100000,0,1,1957628,296.01763,6495318,0.461000000000006,"C++",TRUE
1015,"A",1e+05,0,875,309.8224,2,TRUE,411.59746,1,100000,0,0,2,8615306,411.59746,7280159,0.494,"C++",TRUE
1016,"A",1e+05,0,876,220.39143,3,TRUE,272.17027,2,0,100000,0,1,1623542,272.17027,5619101,0.369,"C++",TRUE
1017,"A",1e+05,0,877,276.29974,2,TRUE,355.47854,1,100000,0,0,2,6851466,355.47854,6832663,0.442,"C++",TRUE
1018,"A",1e+05,0,878,297.78666,2,TRUE,365.32456,1,100000,0,0,2,5475927,365.32456,7841162,0.552999999999997,"C++",TRUE
1019,"A",1e+05,0,879,317.09755,2,TRUE,381.56659,1,100000,0,0,2,5786124,381.56659,8099269,0.561,"C++",TRUE
1020,"A",1e+05,0,880,200.36035,3,TRUE,244.11871,2,0,100000,0,2,1867474,244.11871,4817644,0.310000000000002,"C++",TRUE
1021,"A",1e+05,0,881,234.80968,2,TRUE,291.05835,1,100000,0,0,2,4221856,291.05835,6198395,0.403999999999996,"C++",TRUE
1022,"A",1e+05,0,882,222.95548,2,TRUE,279.90655,1,100000,0,0,2,3563609,279.90655,6127852,0.432000000000002,"C++",TRUE
1023,"A",1e+05,0,883,233.15841,2,TRUE,307.46295,1,100000,0,0,2,3974243,307.46295,6268003,0.436,"C++",TRUE
1024,"A",1e+05,0,884,233.19908,2,TRUE,291.01242,1,100000,0,0,2,4639643,291.01242,6106178,0.432000000000002,"C++",TRUE
1025,"A",1e+05,0,885,232.14367,3,TRUE,277.10979,2,0,100000,0,1,1546449,277.10979,6157827,0.421999999999997,"C++",TRUE
1026,"A",1e+05,0,886,250.71085,2,TRUE,316.46221,1,100000,0,0,2,4806595,316.46221,6541884,0.433000000000007,"C++",TRUE
1027,"A",1e+05,0,887,228.09162,2,TRUE,277.1053,1,100000,0,0,2,2670213,277.1053,6551824,0.464999999999996,"C++",TRUE
1028,"A",1e+05,0,888,234.86056,2,TRUE,276.73162,1,100000,0,0,1,2038753,276.73162,6793751,0.490000000000002,"C++",TRUE
1029,"A",1e+05,0,889,273.80258,2,TRUE,341.8165,1,100000,0,0,2,6457570,341.8165,6656376,0.460999999999999,"C++",TRUE
1030,"A",1e+05,0,890,197.8187,2,TRUE,243.20239,1,100000,0,0,2,2988318,243.20239,5464943,0.374000000000002,"C++",TRUE
1031,"A",1e+05,0,891,234.49527,2,TRUE,284.17422,1,100000,0,0,2,3322883,284.17422,6580858,0.442,"C++",TRUE
1032,"A",1e+05,0,892,232.54222,2,TRUE,282.43039,1,100000,0,0,2,3819333,282.43039,6341291,0.436999999999998,"C++",TRUE
1033,"A",1e+05,0,893,254.6349,2,TRUE,327.57456,1,100000,0,0,2,6127571,327.57456,6361269,0.445,"C++",TRUE
1034,"A",1e+05,0,894,215.39437,3,TRUE,259.51481,2,0,100000,0,1,1479378,259.51481,5465277,0.375,"C++",TRUE
1035,"A",1e+05,0,895,225.54523,2,TRUE,301.30974,1,100000,0,0,2,5969912,301.30974,5350801,0.351999999999997,"C++",TRUE
1036,"A",1e+05,0,896,193.67156,2,TRUE,237.44087,1,100000,0,0,2,2550788,237.44087,5398032,0.353999999999999,"C++",TRUE
1037,"A",1e+05,0,897,263.22642,2,TRUE,335.78054,1,100000,0,0,2,4543060,335.78054,6952137,0.494,"C++",TRUE
1038,"A",1e+05,0,898,250.6437,2,TRUE,316.71894,1,100000,0,0,2,5204844,316.71894,6445824,0.445999999999998,"C++",TRUE
1039,"A",1e+05,0,899,257.25449,2,TRUE,309.15631,1,100000,0,0,2,3342679,309.15631,7322757,0.506,"C++",TRUE
1040,"A",1e+05,0,900,221.33411,2,TRUE,267.47019,1,100000,0,0,2,3190346,267.47019,6213021,0.406999999999996,"C++",TRUE
1041,"A",1e+05,0,901,239.3527,2,TRUE,280.16163,1,100000,0,0,2,2771805,280.16163,6863020,0.475000000000001,"C++",TRUE
1042,"A",1e+05,0,902,290.76961,2,TRUE,374.32931,1,100000,0,0,2,7033589,374.32931,7149167,0.493000000000002,"C++",TRUE
1043,"A",1e+05,0,903,274.18347,2,TRUE,352.94788,1,100000,0,0,2,7054663,352.94788,6498938,0.431999999999995,"C++",TRUE
1044,"A",1e+05,0,904,225.39164,2,TRUE,272.67813,1,100000,0,0,2,2438027,272.67813,6586601,0.451,"C++",TRUE
1045,"A",1e+05,0,905,222.42608,3,TRUE,275.2172,2,0,100000,0,2,2029708,275.2172,5600004,0.365000000000002,"C++",TRUE
1046,"A",1e+05,0,906,245.81083,2,TRUE,278.35459,1,100000,0,0,1,1744343,278.35459,7145347,0.5,"C++",TRUE
1047,"A",1e+05,0,907,200.61203,2,TRUE,255.90367,1,100000,0,0,2,3974070,255.90367,5349495,0.357999999999997,"C++",TRUE
1048,"A",1e+05,0,908,263.57907,2,TRUE,330.25933,1,100000,0,0,2,5344233,330.25933,6675368,0.448999999999998,"C++",TRUE
1049,"A",1e+05,0,909,260.06889,2,TRUE,325.47304,1,100000,0,0,2,6025713,325.47304,6207089,0.411000000000001,"C++",TRUE
1050,"A",1e+05,0,910,254.20187,2,TRUE,322.5645,1,100000,0,0,2,5871770,322.5645,6301602,0.422999999999995,"C++",TRUE
1051,"A",1e+05,0,911,240.91212,2,TRUE,294.51352,1,100000,0,0,2,3972029,294.51352,6385705,0.437000000000005,"C++",TRUE
1052,"A",1e+05,0,912,275.41936,2,TRUE,345.03657,1,100000,0,0,2,6005252,345.03657,7018682,0.479999999999997,"C++",TRUE
1053,"A",1e+05,0,913,294.25662,2,TRUE,367.06323,1,100000,0,0,2,5539972,367.06323,7792434,0.530999999999999,"C++",TRUE
1054,"A",1e+05,0,914,245.29877,2,TRUE,300.70276,1,100000,0,0,2,3874007,300.70276,6474783,0.441000000000003,"C++",TRUE
1055,"A",1e+05,0,915,215.56761,2,TRUE,280.92636,1,100000,0,0,2,4755766,280.92636,5482941,0.366999999999997,"C++",TRUE
1056,"A",1e+05,0,916,304.39142,2,TRUE,361.96731,1,100000,0,0,2,4148335,361.96731,8495353,0.594999999999999,"C++",TRUE
1057,"A",1e+05,0,917,234.2708,2,TRUE,287.75684,1,100000,0,0,2,3969038,287.75684,6399205,0.416000000000004,"C++",TRUE
1058,"A",1e+05,0,918,213.68682,2,TRUE,272.33275,1,100000,0,0,2,4000749,272.33275,5720157,0.378,"C++",TRUE
1059,"A",1e+05,0,919,178.50846,2,TRUE,222.06889,1,100000,0,0,2,2086490,222.06889,5101132,0.343000000000004,"C++",TRUE
1060,"A",1e+05,0,920,194.60316,2,TRUE,247.28232,1,100000,0,0,2,3059987,247.28232,5368574,0.363999999999997,"C++",TRUE
1061,"A",1e+05,0,921,231.23026,2,TRUE,292.45098,1,100000,0,0,2,4862107,292.45098,5821912,0.396999999999998,"C++",TRUE
1062,"A",1e+05,0,922,256.94416,2,TRUE,346.71336,1,100000,0,0,2,7161385,346.71336,6168902,0.411999999999999,"C++",TRUE
1063,"A",1e+05,0,923,277.13882,2,TRUE,378.66385,1,100000,0,0,2,8253177,378.66385,6393473,0.407999999999994,"C++",TRUE
1064,"A",1e+05,0,924,249.15316,2,TRUE,318.19237,1,100000,0,0,2,6076539,318.19237,5953790,0.396000000000001,"C++",TRUE
1065,"A",1e+05,0,925,192.74926,2,TRUE,247.30999,1,100000,0,0,2,3597717,247.30999,5120574,0.350000000000001,"C++",TRUE
1066,"A",1e+05,0,926,243.52915,2,TRUE,282.93927,1,100000,0,0,2,2798733,282.93927,6902149,0.478000000000002,"C++",TRUE
1067,"A",1e+05,0,927,241.00945,3,TRUE,280.75038,2,0,100000,0,1,1652343,280.75038,6153640,0.420000000000002,"C++",TRUE
1068,"A",1e+05,0,928,267.08836,3,TRUE,313.38645,2,0,100000,0,1,1521751,313.38645,7101721,0.477000000000004,"C++",TRUE
1069,"A",1e+05,0,929,255.90556,2,TRUE,311.09818,1,100000,0,0,2,2574649,311.09818,7473670,0.513999999999996,"C++",TRUE
1070,"A",1e+05,0,930,196.14674,2,TRUE,226.57292,1,100000,0,0,2,2322109,226.57292,5173218,0.374000000000002,"C++",TRUE
1071,"A",1e+05,0,931,230.85121,2,TRUE,262.11837,1,100000,0,0,2,2292961,262.11837,6606331,0.448,"C++",TRUE
1072,"A",1e+05,0,932,266,2,TRUE,316.58477,1,100000,0,0,2,3866246,316.58477,7420166,0.499000000000002,"C++",TRUE
1073,"A",1e+05,0,933,216.34413,2,TRUE,268.83741,1,100000,0,0,2,2645903,268.83741,6159988,0.398999999999994,"C++",TRUE
1074,"A",1e+05,0,934,227.29285,2,TRUE,279.59229,1,100000,0,0,2,3841518,279.59229,6129360,0.417000000000002,"C++",TRUE
1075,"A",1e+05,0,935,206.23262,2,TRUE,249.36667,1,100000,0,0,1,1793974,249.36667,5933766,0.420000000000002,"C++",TRUE
1076,"A",1e+05,0,936,197.38624,2,TRUE,240.10815,1,100000,0,0,2,2593769,240.10815,5491523,0.360999999999997,"C++",TRUE
1077,"A",1e+05,0,937,286.18176,2,TRUE,360.37707,1,100000,0,0,2,5346353,360.37707,7531422,0.519000000000005,"C++",TRUE
1078,"A",1e+05,0,938,245.65384,3,TRUE,285.3926,2,0,100000,0,1,1530706,285.3926,6445014,0.442,"C++",TRUE
1079,"A",1e+05,0,939,199.38294,2,TRUE,225.28315,1,100000,0,0,1,1947302,225.28315,5424116,0.362000000000002,"C++",TRUE
1080,"A",1e+05,0,940,223.83249,2,TRUE,265.4677,1,100000,0,0,2,3020988,265.4677,6146027,0.423000000000002,"C++",TRUE
1081,"A",1e+05,0,941,273.06669,2,TRUE,327.87674,1,100000,0,0,2,3912489,327.87674,7624818,0.531999999999996,"C++",TRUE
1082,"A",1e+05,0,942,259.07328,2,TRUE,320.76864,1,100000,0,0,2,4892618,320.76864,6716538,0.447000000000003,"C++",TRUE
1083,"A",1e+05,0,943,249.58147,2,TRUE,293.86069,1,100000,0,0,2,3039641,293.86069,6894829,0.478999999999999,"C++",TRUE
1084,"A",1e+05,0,944,229.42764,2,TRUE,284.26172,1,100000,0,0,2,3408192,284.26172,6350198,0.441000000000003,"C++",TRUE
1085,"A",1e+05,0,945,289.69437,2,TRUE,401.42992,1,100000,0,0,2,9820065,401.42992,6523577,0.442,"C++",TRUE
1086,"A",1e+05,0,946,205.63165,3,TRUE,241.34254,2,0,100000,0,1,1656061,241.34254,4842484,0.321999999999996,"C++",TRUE
1087,"A",1e+05,0,947,245.18494,2,TRUE,322.51069,1,100000,0,0,2,6687958,322.51069,5902231,0.378,"C++",TRUE
1088,"A",1e+05,0,948,261.64877,2,TRUE,330.48793,1,100000,0,0,2,5106338,330.48793,6902673,0.474000000000004,"C++",TRUE
1089,"A",1e+05,0,949,239.34953,2,TRUE,296.31967,1,100000,0,0,2,3783287,296.31967,6587199,0.451,"C++",TRUE
1090,"A",1e+05,0,950,211.82319,2,TRUE,256.47764,1,100000,0,0,2,3271743,256.47764,5814295,0.402000000000001,"C++",TRUE
1091,"A",1e+05,0,951,295.37402,2,TRUE,379.20408,1,100000,0,0,2,7346968,379.20408,7207780,0.487000000000002,"C++",TRUE
1092,"A",1e+05,0,952,208.45386,2,TRUE,274.29998,1,100000,0,0,2,4622679,274.29998,5417582,0.363,"C++",TRUE
1093,"A",1e+05,0,953,244.82816,2,TRUE,289.43978,1,100000,0,0,2,2897144,289.43978,6952584,0.472999999999999,"C++",TRUE
1094,"A",1e+05,0,954,259.53317,1,TRUE,274.70971,3,0,0,100000,2,2537638,274.70971,6155858,0.427,"C++",TRUE
1095,"A",1e+05,0,955,213.24621,2,TRUE,259.94723,1,100000,0,0,2,2332949,259.94723,6064786,0.43,"C++",TRUE
1096,"A",1e+05,0,956,236.45995,2,TRUE,290.07786,1,100000,0,0,2,3582991,290.07786,6577259,0.433999999999997,"C++",TRUE
1097,"A",1e+05,0,957,259.87621,3,TRUE,309.46398,2,0,100000,0,2,2163192,309.46398,6784362,0.453000000000003,"C++",TRUE
1098,"A",1e+05,0,958,196.65776,2,TRUE,232.71406,1,100000,0,0,2,2052001,232.71406,5652090,0.391000000000005,"C++",TRUE
1099,"A",1e+05,0,959,252.62419,2,TRUE,303.45171,1,100000,0,0,2,3249529,303.45171,7108590,0.483999999999995,"C++",TRUE
1100,"A",1e+05,0,960,197.44276,2,TRUE,234.97549,1,100000,0,0,2,2225972,234.97549,5654629,0.391000000000005,"C++",TRUE
1101,"A",1e+05,0,961,241.31906,2,TRUE,299.75554,1,100000,0,0,2,4106833,299.75554,6629951,0.448999999999998,"C++",TRUE
1102,"A",1e+05,0,962,236.87713,3,TRUE,271.72131,2,0,100000,0,1,1771402,271.72131,5946974,0.396999999999998,"C++",TRUE
1103,"A",1e+05,0,963,254.84938,2,TRUE,312.18982,1,100000,0,0,2,3646472,312.18982,7215137,0.496000000000002,"C++",TRUE
1104,"A",1e+05,0,964,257.76531,2,TRUE,330.71102,1,100000,0,0,2,3928008,330.71102,7029643,0.488999999999997,"C++",TRUE
1105,"A",1e+05,0,965,229.21552,2,TRUE,281.84399,1,100000,0,0,2,3831124,281.84399,6198847,0.428000000000004,"C++",TRUE
1106,"A",1e+05,0,966,276.23071,2,TRUE,324.9421,1,100000,0,0,2,2848071,324.9421,8062077,0.546999999999997,"C++",TRUE
1107,"A",1e+05,0,967,224.50564,2,TRUE,270.51287,1,100000,0,0,2,2459031,270.51287,6459756,0.43,"C++",TRUE
1108,"A",1e+05,0,968,275.20635,2,TRUE,337.52452,1,100000,0,0,2,4305124,337.52452,7543161,0.524999999999999,"C++",TRUE
1109,"A",1e+05,0,969,213.53304,2,TRUE,243.80972,1,100000,0,0,2,1889791,243.80972,5997730,0.414999999999999,"C++",TRUE
1110,"A",1e+05,0,970,288.68417,2,TRUE,328.1765,1,100000,0,0,2,2653052,328.1765,8414693,0.603000000000002,"C++",TRUE
1111,"A",1e+05,0,971,229.54944,2,TRUE,289.15352,1,100000,0,0,2,4496581,289.15352,5904091,0.387,"C++",TRUE
1112,"A",1e+05,0,972,197.03768,2,TRUE,263.81342,1,100000,0,0,2,2125457,263.81342,5690080,0.384,"C++",TRUE
1113,"A",1e+05,0,973,263.89143,2,TRUE,341.40694,1,100000,0,0,2,6161192,341.40694,6594140,0.444000000000003,"C++",TRUE
1114,"A",1e+05,0,974,226.78249,3,TRUE,279.0456,2,0,100000,0,1,1687833,279.0456,5762303,0.395000000000003,"C++",TRUE
1115,"A",1e+05,0,975,243.13602,2,TRUE,276.8433,1,100000,0,0,2,2139321,276.8433,6850062,0.480999999999995,"C++",TRUE
1116,"A",1e+05,0,976,277.63748,1,TRUE,298.82422,3,0,0,100000,3,4005037,298.82422,5943433,0.369,"C++",TRUE
1117,"A",1e+05,0,977,227.24032,2,TRUE,276.38852,1,100000,0,0,2,3546140,276.38852,6226341,0.414000000000001,"C++",TRUE
1118,"A",1e+05,0,978,246.45208,2,TRUE,315.8569,1,100000,0,0,2,5730238,315.8569,6088360,0.408000000000001,"C++",TRUE
1119,"A",1e+05,0,979,235.38056,3,TRUE,282.71691,2,0,100000,0,1,1431720,282.71691,6136564,0.411999999999999,"C++",TRUE
1120,"A",1e+05,0,980,236.68385,2,TRUE,305.28459,1,100000,0,0,2,5746053,305.28459,5596216,0.384,"C++",TRUE
1121,"A",1e+05,0,981,201.64902,2,TRUE,244.27739,1,100000,0,0,2,2477112,244.27739,5684349,0.386000000000003,"C++",TRUE
1122,"A",1e+05,0,982,236.95735,2,TRUE,310.638,1,100000,0,0,2,5804695,310.638,6068060,0.388999999999996,"C++",TRUE
1123,"A",1e+05,0,983,211.52155,3,TRUE,265.19188,2,0,100000,0,1,1481128,265.19188,5539333,0.387,"C++",TRUE
1124,"A",1e+05,0,984,239.13301,2,TRUE,313.48557,1,100000,0,0,2,6471785,313.48557,5850181,0.401000000000003,"C++",TRUE
1125,"A",1e+05,0,985,195.39196,2,TRUE,226.38743,1,100000,0,0,1,1830314,226.38743,5472258,0.378,"C++",TRUE
1126,"A",1e+05,0,986,165.578,2,TRUE,206.68839,1,100000,0,0,1,1911139,206.68839,4638100,0.332999999999998,"C++",TRUE
1127,"A",1e+05,0,987,297.71802,2,TRUE,362.66698,1,100000,0,0,2,5810148,362.66698,7605571,0.488999999999997,"C++",TRUE
1128,"A",1e+05,0,988,228.43566,2,TRUE,271.55435,1,100000,0,0,2,2695851,271.55435,6333320,0.445999999999998,"C++",TRUE
1129,"A",1e+05,0,989,282.55855,3,TRUE,309.47799,2,0,100000,0,1,1966301,309.47799,7066448,0.490000000000002,"C++",TRUE
1130,"A",1e+05,0,990,216.34075,2,TRUE,283.03059,1,100000,0,0,2,4300295,283.03059,5805414,0.384,"C++",TRUE
1131,"A",1e+05,0,991,226.71991,3,TRUE,263.58659,2,0,100000,0,1,1454980,263.58659,5834385,0.387999999999998,"C++",TRUE
1132,"A",1e+05,0,992,212.70146,2,TRUE,260.29035,1,100000,0,0,2,3342485,260.29035,5667382,0.372,"C++",TRUE
1133,"A",1e+05,0,993,201.81038,2,TRUE,254.39933,1,100000,0,0,2,3408093,254.39933,5519395,0.379999999999995,"C++",TRUE
1134,"A",1e+05,0,994,232.06652,2,TRUE,285.09104,1,100000,0,0,2,3684298,285.09104,6464022,0.443000000000005,"C++",TRUE
1135,"A",1e+05,0,995,296.1135,2,TRUE,357.90947,1,100000,0,0,2,4732843,357.90947,8079217,0.555,"C++",TRUE
1136,"A",1e+05,0,996,204.98511,2,TRUE,270.53338,1,100000,0,0,2,2961442,270.53338,5777192,0.370999999999995,"C++",TRUE
1137,"A",1e+05,0,997,269.48681,2,TRUE,347.08355,1,100000,0,0,2,6657031,347.08355,6419449,0.437000000000005,"C++",TRUE
1138,"A",1e+05,0,998,256.16512,2,TRUE,335.52848,1,100000,0,0,2,6187030,335.52848,6120352,0.401000000000003,"C++",TRUE
1139,"A",1e+05,0,999,290.33674,2,TRUE,378.9556,1,100000,0,0,2,7678662,378.9556,6826158,0.470999999999997,"C++",TRUE
1140,"A",1e+05,0,1000,217.4118,2,TRUE,258.94109,1,100000,0,0,2,2440290,258.94109,6240788,0.424,"C++",TRUE
1141,"B",10000,1e-05,1,171.6271,2,FALSE,NA,NA,9800,200,0,23,30976037,7000,2622135,0.137,"C++",FALSE
1142,"B",10000,1e-05,2,173.0233,2,TRUE,7000,3,0,0,10000,22,32764931,7000,2448882,0.128,"C++",FALSE
1143,"B",10000,1e-05,3,131.9305,2,FALSE,NA,NA,9977,0,23,20,29447653,7000,2331992,0.114000000000004,"C++",FALSE
1144,"B",10000,1e-05,4,159.9488,2,TRUE,7000,3,0,0,10000,22,32167766,7000,2459455,0.134,"C++",FALSE
1145,"B",10000,1e-05,5,175.3099,2,TRUE,7000,3,0,0,10000,20,29574228,7000,2278462,0.130000000000003,"C++",FALSE
1146,"B",10000,1e-05,6,163.8416,2,FALSE,NA,NA,9966,0,34,20,33605048,7000,2276361,0.128999999999998,"C++",FALSE
1147,"B",10000,1e-05,7,133.1687,2,FALSE,NA,NA,2277,7723,0,19,31925054,7000,2259280,0.128,"C++",FALSE
1148,"B",10000,1e-05,8,210.7192,2,TRUE,7000,3,0,0,10000,25,28644566,7000,2923949,0.155999999999999,"C++",FALSE
1149,"B",10000,1e-05,9,183.8692,2,FALSE,NA,NA,0,57,9943,20,31357419,7000,2322677,0.128,"C++",FALSE
1150,"B",10000,1e-05,10,192.5122,2,FALSE,NA,NA,9994,6,0,21,33191609,7000,2478184,0.143000000000001,"C++",FALSE
1151,"B",10000,1e-05,11,147.1346,2,TRUE,7000,3,0,0,10000,22,26798576,7000,2408010,0.140000000000001,"C++",FALSE
1152,"B",10000,1e-05,12,229.0506,2,FALSE,NA,NA,9995,5,0,23,30173681,7000,2702783,0.147999999999996,"C++",FALSE
1153,"B",10000,1e-05,13,133.1002,2,FALSE,NA,NA,16,9983,1,19,31181943,7000,2251097,0.119,"C++",FALSE
1154,"B",10000,1e-05,14,164.543,2,TRUE,7000,1,10000,0,0,21,35866961,7000,2525641,0.129000000000005,"C++",FALSE
1155,"B",10000,1e-05,15,203.4863,2,FALSE,NA,NA,2,6747,3251,19,29058022,7000,2331079,0.132999999999996,"C++",FALSE
1156,"B",10000,1e-05,16,226.4828,3,FALSE,NA,NA,7,0,9993,20,37711226,7000,2485458,0.145000000000003,"C++",FALSE
1157,"B",10000,1e-05,17,191.2678,2,TRUE,7000,3,0,0,10000,18,34405502,7000,2139385,0.119,"C++",FALSE
1158,"B",10000,1e-05,18,150.7678,2,FALSE,NA,NA,9785,0,215,18,26630007,7000,2078023,0.110999999999997,"C++",FALSE
1159,"B",10000,1e-05,19,173.3201,1,TRUE,7000,1,10000,0,0,18,33611023,7000,2115687,0.122,"C++",FALSE
1160,"B",10000,1e-05,20,177.2281,2,FALSE,NA,NA,2794,0,7206,20,31936681,7000,2284472,0.118000000000002,"C++",FALSE
1161,"B",1000,0.01,1,NA,NA,FALSE,NA,NA,532,425,43,147,1346647,7000,1654694,0.0990000000000038,"C++",FALSE
1162,"B",1000,0.01,2,3758.122,2,FALSE,NA,NA,596,382,22,147,1428257,7000,1646572,0.105999999999995,"C++",FALSE
1163,"B",1000,0.01,3,NA,NA,FALSE,NA,NA,652,29,319,146,1374713,7000,1658938,0.103000000000002,"C++",FALSE
1164,"B",1000,0.01,4,NA,NA,FALSE,NA,NA,214,558,228,145,1316327,7000,1672229,0.112000000000002,"C++",FALSE
1165,"B",1000,0.01,5,NA,NA,FALSE,NA,NA,166,736,98,148,1317076,7000,1674735,0.114999999999995,"C++",FALSE
1166,"B",1000,0.01,6,1974.319,2,FALSE,NA,NA,318,98,584,142,1355261,7000,1661847,0.109999999999999,"C++",FALSE
1167,"B",1000,0.01,7,NA,NA,FALSE,NA,NA,786,18,196,145,1351576,7000,1661083,0.109000000000002,"C++",FALSE
1168,"B",1000,0.01,8,NA,NA,FALSE,NA,NA,599,18,383,146,1306268,7000,1666265,0.103999999999999,"C++",FALSE
1169,"B",1000,0.01,9,3600.743,2,FALSE,NA,NA,143,711,146,147,1364142,7000,1657584,0.100000000000001,"C++",FALSE
1170,"B",1000,0.01,10,4253.176,2,FALSE,NA,NA,348,13,639,146,1355517,7000,1665874,0.105000000000004,"C++",FALSE
1171,"B",1000,0.01,11,170.769,2,FALSE,NA,NA,178,745,77,148,1334429,7000,1669574,0.109999999999999,"C++",FALSE
1172,"B",1000,0.01,12,3651.135,2,FALSE,NA,NA,480,17,503,150,1405163,7000,1646579,0.105999999999995,"C++",FALSE
1173,"B",1000,0.01,13,6828.33,2,FALSE,NA,NA,460,46,494,146,1233084,7000,1698748,0.106000000000002,"C++",FALSE
1174,"B",1000,0.01,14,6279.605,2,FALSE,NA,NA,151,62,787,145,1336076,7000,1658253,0.0990000000000038,"C++",FALSE
1175,"B",1000,0.01,15,NA,NA,FALSE,NA,NA,462,20,518,142,1305134,7000,1684737,0.109999999999999,"C++",FALSE
1176,"B",1000,0.01,16,NA,NA,FALSE,NA,NA,384,559,57,145,1328659,7000,1670786,0.100999999999999,"C++",FALSE
1177,"B",1000,0.01,17,2565.552,2,FALSE,NA,NA,896,74,30,136,1197741,7000,1699418,0.109999999999999,"C++",FALSE
1178,"B",1000,0.01,18,NA,NA,FALSE,NA,NA,429,13,558,145,1294656,7000,1680968,0.113999999999997,"C++",FALSE
1179,"B",1000,0.01,19,6110.058,2,FALSE,NA,NA,150,464,386,144,1356161,7000,1664155,0.105000000000004,"C++",FALSE
1180,"B",1000,0.01,20,NA,NA,FALSE,NA,NA,805,145,50,144,1238061,7000,1694014,0.113,"C++",FALSE
1181,"A",30000,0,1,211.388233333333,2,TRUE,259.542266666667,1,30000,0,0,2,979147,259.542266666667,1742521,0.122999999999998,"C++",TRUE
1182,"A",30000,0,2,238.415533333333,2,TRUE,297.099366666667,1,30000,0,0,2,1478917,297.099366666667,1835080,0.120000000000005,"C++",TRUE
1183,"A",30000,0,3,176.092733333333,3,TRUE,212.4805,2,0,30000,0,1,466052,212.4805,1307865,0.080999999999996,"C++",TRUE
1184,"A",30000,0,4,149.8192,2,TRUE,197.625733333333,1,30000,0,0,2,747244,197.625733333333,1224805,0.0769999999999982,"C++",TRUE
1185,"A",30000,0,5,197.738733333333,2,TRUE,229.889133333333,1,30000,0,0,1,580108,229.889133333333,1693700,0.114000000000004,"C++",TRUE
1186,"A",30000,0,6,168.485,2,TRUE,229.1299,1,30000,0,0,2,913208,229.1299,1356720,0.0940000000000012,"C++",TRUE
1187,"A",30000,0,7,200.7927,2,TRUE,248.218766666667,1,30000,0,0,2,1141501,248.218766666667,1615092,0.107999999999997,"C++",TRUE
1188,"A",30000,0,8,244.3263,2,TRUE,313.948966666667,1,30000,0,0,2,1566623,313.948966666667,1849879,0.122,"C++",TRUE
1189,"A",30000,0,9,228.620666666667,2,TRUE,292.9954,1,30000,0,0,2,1630879,292.9954,1664532,0.109999999999999,"C++",TRUE
1190,"A",30000,0,10,197.9939,2,TRUE,255.473133333333,1,30000,0,0,2,1516273,255.473133333333,1523021,0.0930000000000035,"C++",TRUE
1191,"A",30000,0,11,186.171933333333,2,TRUE,214.844533333333,1,30000,0,0,1,405132,214.844533333333,1612203,0.107999999999997,"C++",TRUE
1192,"A",30000,0,12,253.092566666667,2,TRUE,312.6242,1,30000,0,0,2,1403102,312.6242,1965772,0.137999999999998,"C++",TRUE
1193,"A",30000,0,13,211.7201,2,TRUE,256.041366666667,1,30000,0,0,2,827223,256.041366666667,1798864,0.128,"C++",TRUE
1194,"A",30000,0,14,254.519833333333,2,TRUE,311.7497,1,30000,0,0,2,1500131,311.7497,1973062,0.130000000000003,"C++",TRUE
1195,"A",30000,0,15,163.956066666667,2,TRUE,202.029033333333,1,30000,0,0,2,738998,202.029033333333,1376491,0.0900000000000034,"C++",TRUE
1196,"A",30000,0,16,224.061233333333,2,TRUE,264.358666666667,1,30000,0,0,2,1012855,264.358666666667,1828844,0.126999999999995,"C++",TRUE
1197,"A",30000,0,17,228.211133333333,2,TRUE,290.308833333333,1,30000,0,0,2,1606326,290.308833333333,1700049,0.117000000000004,"C++",TRUE
1198,"A",30000,0,18,221.020033333333,2,TRUE,277.434666666667,1,30000,0,0,2,1244744,277.434666666667,1809209,0.131999999999998,"C++",TRUE
1199,"A",30000,0,19,190.449066666667,2,TRUE,249.0402,1,30000,0,0,2,1468953,249.0402,1373991,0.0889999999999986,"C++",TRUE
1200,"A",30000,0,20,189.248933333333,2,TRUE,232.086,1,30000,0,0,2,1043398,232.086,1508914,0.102000000000004,"C++",TRUE
1201,"A",30000,0,21,183.7973,3,TRUE,225.993833333333,2,0,30000,0,1,414095,225.993833333333,1428736,0.0959999999999965,"C++",TRUE
1202,"A",30000,0,22,178.000033333333,2,TRUE,222.2879,1,30000,0,0,1,476357,222.2879,1529689,0.101999999999997,"C++",TRUE
1203,"A",30000,0,23,191.539833333333,2,TRUE,256.458766666667,1,30000,0,0,2,1630711,256.458766666667,1402638,0.0940000000000012,"C++",TRUE
1204,"A",30000,0,24,184.8352,2,TRUE,226.6606,1,30000,0,0,2,995114,226.6606,1502450,0.097999999999999,"C++",TRUE
1205,"A",30000,0,25,172.820333333333,2,TRUE,198.728633333333,1,30000,0,0,2,448819,198.728633333333,1461598,0.101000000000006,"C++",TRUE
1206,"A",30000,0,26,213.104566666667,2,TRUE,275.0929,1,30000,0,0,2,1716790,275.0929,1502866,0.0949999999999989,"C++",TRUE
1207,"A",30000,0,27,196.220866666667,2,TRUE,256.8653,1,30000,0,0,2,1403112,256.8653,1533073,0.0989999999999966,"C++",TRUE
1208,"A",30000,0,28,243.3648,2,TRUE,302.0801,1,30000,0,0,2,1430222,302.0801,1900032,0.122,"C++",TRUE
1209,"A",30000,0,29,206.743766666667,2,TRUE,246.037433333333,1,30000,0,0,2,1011585,246.037433333333,1657743,0.109000000000002,"C++",TRUE
1210,"A",30000,0,30,176.077266666667,2,TRUE,217.964166666667,1,30000,0,0,2,1013949,217.964166666667,1433101,0.115000000000002,"C++",TRUE
1211,"A",30000,0,31,235.5155,2,TRUE,310.4175,1,30000,0,0,2,1812166,310.4175,1787911,0.108999999999995,"C++",TRUE
1212,"A",30000,0,32,211.659533333333,2,TRUE,290.157933333333,1,30000,0,0,2,1794851,290.157933333333,1620275,0.104000000000006,"C++",TRUE
1213,"A",30000,0,33,209.537866666667,2,TRUE,248.1251,1,30000,0,0,1,514720,248.1251,1868479,0.129999999999995,"C++",TRUE
1214,"A",30000,0,34,168.682433333333,2,TRUE,208.636366666667,1,30000,0,0,2,920574,208.636366666667,1377780,0.0949999999999989,"C++",TRUE
1215,"A",30000,0,35,205.040666666667,2,TRUE,254.1163,1,30000,0,0,2,937457,254.1163,1704313,0.113,"C++",TRUE
1216,"A",30000,0,36,203.3279,2,TRUE,255.1322,1,30000,0,0,2,1225356,255.1322,1636519,0.111000000000004,"C++",TRUE
1217,"A",30000,0,37,209.4639,2,TRUE,253.609066666667,1,30000,0,0,2,913982,253.609066666667,1716254,0.116,"C++",TRUE
1218,"A",30000,0,38,162.4626,2,TRUE,190.9909,1,30000,0,0,1,412964,190.9909,1403938,0.101999999999997,"C++",TRUE
1219,"A",30000,0,39,143.9803,2,TRUE,195.7794,1,30000,0,0,2,678556,195.7794,1215656,0.0860000000000056,"C++",TRUE
1220,"A",30000,0,40,174.030566666667,2,TRUE,213.643866666667,1,30000,0,0,2,758512,213.643866666667,1474220,0.104999999999997,"C++",TRUE
1221,"A",30000,0,41,191.307533333333,3,TRUE,235.274733333333,2,0,30000,0,1,510663,235.274733333333,1426596,0.101999999999997,"C++",TRUE
1222,"A",30000,0,42,217.6961,2,TRUE,284.563533333333,1,30000,0,0,2,1715687,284.563533333333,1679089,0.112000000000002,"C++",TRUE
1223,"A",30000,0,43,228.324633333333,3,TRUE,260.143733333333,2,0,30000,0,1,456902,260.143733333333,1760022,0.119999999999997,"C++",TRUE
1224,"A",30000,0,44,179.445866666667,2,TRUE,227.637866666667,1,30000,0,0,2,1067348,227.637866666667,1421563,0.0930000000000035,"C++",TRUE
1225,"A",30000,0,45,190.756866666667,2,TRUE,234.8009,1,30000,0,0,2,844238,234.8009,1611018,0.105999999999995,"C++",TRUE
1226,"A",30000,0,46,155.1739,2,TRUE,191.6007,1,30000,0,0,2,548099,191.6007,1317303,0.0870000000000033,"C++",TRUE
1227,"A",30000,0,47,212.569366666667,2,TRUE,260.883133333333,1,30000,0,0,2,1050021,260.883133333333,1740459,0.113999999999997,"C++",TRUE
1228,"A",30000,0,48,173.2782,2,TRUE,216.4862,1,30000,0,0,2,861638,216.4862,1469428,0.0990000000000038,"C++",TRUE
1229,"A",30000,0,49,219.2367,2,TRUE,282.681633333333,1,30000,0,0,2,1519281,282.681633333333,1717519,0.116,"C++",TRUE
1230,"A",30000,0,50,186.866033333333,2,TRUE,215.5586,1,30000,0,0,2,633719,215.5586,1551903,0.103999999999999,"C++",TRUE
1231,"A",30000,0,51,241.541133333333,2,TRUE,298.516466666667,1,30000,0,0,2,1438219,298.516466666667,1857048,0.124000000000002,"C++",TRUE
1232,"A",30000,0,52,181.182133333333,2,TRUE,208.200033333333,1,30000,0,0,1,460586,208.200033333333,1518773,0.0969999999999942,"C++",TRUE
1233,"A",30000,0,53,225.275533333333,2,TRUE,290.303666666667,1,30000,0,0,2,1886205,290.303666666667,1628216,0.109000000000002,"C++",TRUE
1234,"A",30000,0,54,161.030666666667,2,TRUE,192.257566666667,1,30000,0,0,2,531849,192.257566666667,1278686,0.0930000000000035,"C++",TRUE
1235,"A",30000,0,55,164.070866666667,2,TRUE,201.623333333333,1,30000,0,0,2,619542,201.623333333333,1388083,0.0910000000000011,"C++",TRUE
1236,"A",30000,0,56,216.530266666667,3,TRUE,253.136366666667,2,0,30000,0,1,444787,253.136366666667,1672863,0.108999999999995,"C++",TRUE
1237,"A",30000,0,57,222.242366666667,2,TRUE,295.0009,1,30000,0,0,2,1925956,295.0009,1660050,0.115000000000002,"C++",TRUE
1238,"A",30000,0,58,197.090266666667,2,TRUE,227.108,1,30000,0,0,1,378775,227.108,1732999,0.127000000000002,"C++",TRUE
1239,"A",30000,0,59,198.869633333333,3,TRUE,235.680733333333,2,0,30000,0,2,602385,235.680733333333,1508547,0.103999999999999,"C++",TRUE
1240,"A",30000,0,60,185.698433333333,2,TRUE,251.776633333333,1,30000,0,0,2,1448964,251.776633333333,1359906,0.0899999999999963,"C++",TRUE
1241,"A",30000,0,61,191.166366666667,2,TRUE,232.522066666667,1,30000,0,0,2,952883,232.522066666667,1573337,0.113,"C++",TRUE
1242,"A",30000,0,62,202.3513,2,TRUE,289.69,1,30000,0,0,2,2332033,289.69,1474937,0.0919999999999987,"C++",TRUE
1243,"A",30000,0,63,236.9365,2,TRUE,314.449833333333,1,30000,0,0,2,1982773,314.449833333333,1774902,0.113999999999997,"C++",TRUE
1244,"A",30000,0,64,218.795533333333,3,TRUE,253.0467,2,0,30000,0,1,480569,253.0467,1705709,0.106000000000002,"C++",TRUE
1245,"A",30000,0,65,218.228833333333,2,TRUE,289.848766666667,1,30000,0,0,2,1930402,289.848766666667,1607408,0.102000000000004,"C++",TRUE
1246,"A",30000,0,66,212.312433333333,2,TRUE,262.235266666667,1,30000,0,0,2,986785,262.235266666667,1796958,0.122,"C++",TRUE
1247,"A",30000,0,67,220.7704,2,TRUE,282.197333333333,1,30000,0,0,2,1345541,282.197333333333,1679642,0.113,"C++",TRUE
1248,"A",30000,0,68,187.333866666667,2,TRUE,232.720866666667,1,30000,0,0,2,1204621,232.720866666667,1432327,0.0949999999999989,"C++",TRUE
1249,"A",30000,0,69,235.883233333333,2,TRUE,280.655566666667,1,30000,0,0,2,962194,280.655566666667,2005405,0.146999999999998,"C++",TRUE
1250,"A",30000,0,70,168.831766666667,2,TRUE,211.0503,1,30000,0,0,2,755111,211.0503,1417940,0.0949999999999989,"C++",TRUE
1251,"A",30000,0,71,213.6608,2,TRUE,266.5681,1,30000,0,0,2,1449343,266.5681,1660937,0.113,"C++",TRUE
1252,"A",30000,0,72,233.0297,2,TRUE,305.4336,1,30000,0,0,2,1697095,305.4336,1738290,0.116,"C++",TRUE
1253,"A",30000,0,73,188.6549,2,TRUE,245.453433333333,1,30000,0,0,2,1283144,245.453433333333,1414068,0.095000000000006,"C++",TRUE
1254,"A",30000,0,74,190.720533333333,2,TRUE,219.4632,1,30000,0,0,2,686998,219.4632,1606304,0.105999999999995,"C++",TRUE
1255,"A",30000,0,75,246.043833333333,2,TRUE,290.3748,1,30000,0,0,2,1044033,290.3748,2049023,0.139000000000003,"C++",TRUE
1256,"A",30000,0,76,171.064433333333,2,TRUE,212.283833333333,1,30000,0,0,2,733186,212.283833333333,1453968,0.100000000000001,"C++",TRUE
1257,"A",30000,0,77,193.452566666667,2,TRUE,242.055133333333,1,30000,0,0,2,1233297,242.055133333333,1517075,0.109999999999999,"C++",TRUE
1258,"A",30000,0,78,193.347566666667,2,TRUE,245.612166666667,1,30000,0,0,2,1179911,245.612166666667,1549004,0.104999999999997,"C++",TRUE
1259,"A",30000,0,79,231.4798,2,TRUE,318.543833333333,1,30000,0,0,2,2015510,318.543833333333,1651798,0.109999999999999,"C++",TRUE
1260,"A",30000,0,80,201.7451,2,TRUE,254.7461,1,30000,0,0,2,1021703,254.7461,1693732,0.114000000000004,"C++",TRUE
1261,"A",30000,0,81,266.620533333333,2,TRUE,329.532066666667,1,30000,0,0,2,1455248,329.532066666667,2200739,0.147999999999996,"C++",TRUE
1262,"A",30000,0,82,172.5573,2,TRUE,212.934533333333,1,30000,0,0,2,769792,212.934533333333,1447631,0.0940000000000012,"C++",TRUE
1263,"A",30000,0,83,199.829433333333,2,TRUE,238.0014,1,30000,0,0,2,778672,238.0014,1726224,0.129999999999995,"C++",TRUE
1264,"A",30000,0,84,230.429466666667,2,TRUE,287.256733333333,1,30000,0,0,2,1481068,287.256733333333,1725035,0.113,"C++",TRUE
1265,"A",30000,0,85,168.0141,2,TRUE,188.606233333333,1,30000,0,0,1,464839,188.606233333333,1383186,0.0889999999999986,"C++",TRUE
1266,"A",30000,0,86,232.5454,2,TRUE,291.821533333333,1,30000,0,0,2,1599964,291.821533333333,1702248,0.102000000000004,"C++",TRUE
1267,"A",30000,0,87,202.2665,2,TRUE,245.028866666667,1,30000,0,0,2,850345,245.028866666667,1715501,0.116,"C++",TRUE
1268,"A",30000,0,88,192.522333333333,2,TRUE,235.322766666667,1,30000,0,0,2,984262,235.322766666667,1574070,0.101999999999997,"C++",TRUE
1269,"A",30000,0,89,164.772366666667,2,TRUE,208.760533333333,1,30000,0,0,2,741813,208.760533333333,1356911,0.0910000000000011,"C++",TRUE
1270,"A",30000,0,90,302.886133333333,2,TRUE,381.4837,1,30000,0,0,2,2066712,381.4837,2392066,0.167000000000002,"C++",TRUE
1271,"A",30000,0,91,220.0372,2,TRUE,276.649533333333,1,30000,0,0,2,1386277,276.649533333333,1735415,0.121000000000002,"C++",TRUE
1272,"A",30000,0,92,193.840233333333,2,TRUE,249.115166666667,1,30000,0,0,2,1050389,249.115166666667,1538338,0.106000000000002,"C++",TRUE
1273,"A",30000,0,93,182.859533333333,3,TRUE,220.921933333333,2,0,30000,0,1,402406,220.921933333333,1385105,0.0969999999999942,"C++",TRUE
1274,"A",30000,0,94,200.615566666667,2,TRUE,248.5368,1,30000,0,0,2,1136220,248.5368,1653187,0.109999999999999,"C++",TRUE
1275,"A",30000,0,95,245.115366666667,2,TRUE,323.3596,1,30000,0,0,2,1908137,323.3596,1788733,0.126000000000005,"C++",TRUE
1276,"A",30000,0,96,243.402033333333,2,TRUE,312.852466666667,1,30000,0,0,2,1828672,312.852466666667,1859306,0.128,"C++",TRUE
1277,"A",30000,0,97,274.664,2,TRUE,336.098133333333,1,30000,0,0,2,1153378,336.098133333333,2306167,0.161000000000001,"C++",TRUE
1278,"A",30000,0,98,247.452566666667,2,TRUE,295.109233333333,1,30000,0,0,2,1185510,295.109233333333,2006853,0.141999999999996,"C++",TRUE
1279,"A",30000,0,99,229.987933333333,3,TRUE,268.4538,2,0,30000,0,1,469862,268.4538,1804415,0.121000000000002,"C++",TRUE
1280,"A",30000,0,100,247.992466666667,2,TRUE,287.1966,1,30000,0,0,2,665105,287.1966,2184092,0.155000000000001,"C++",TRUE
1281,"A",30000,0,101,194.955966666667,3,TRUE,227.624566666667,2,0,30000,0,1,430006,227.624566666667,1498369,0.100999999999999,"C++",TRUE
1282,"A",30000,0,102,261.131833333333,2,TRUE,304.528733333333,1,30000,0,0,2,897067,304.528733333333,2250713,0.158999999999999,"C++",TRUE
1283,"A",30000,0,103,181.575366666667,2,TRUE,236.6405,1,30000,0,0,2,921501,236.6405,1476210,0.0949999999999989,"C++",TRUE
1284,"A",30000,0,104,184.818533333333,2,TRUE,240.639466666667,1,30000,0,0,2,929751,240.639466666667,1534852,0.0990000000000038,"C++",TRUE
1285,"A",30000,0,105,181.076766666667,2,TRUE,215.603433333333,1,30000,0,0,1,514332,215.603433333333,1573226,0.104999999999997,"C++",TRUE
1286,"A",30000,0,106,246.3767,2,TRUE,296.329033333333,1,30000,0,0,2,1104028,296.329033333333,2003529,0.134,"C++",TRUE
1287,"A",30000,0,107,182.629533333333,2,TRUE,234.090166666667,1,30000,0,0,2,990765,234.090166666667,1504167,0.100999999999999,"C++",TRUE
1288,"A",30000,0,108,226.230333333333,3,TRUE,263.417433333333,2,0,30000,0,1,419338,263.417433333333,1772696,0.115000000000002,"C++",TRUE
1289,"A",30000,0,109,162.974166666667,2,TRUE,207.4205,1,30000,0,0,1,605549,207.4205,1419880,0.0990000000000038,"C++",TRUE
1290,"A",30000,0,110,197.529766666667,2,TRUE,249.724133333333,1,30000,0,0,2,972465,249.724133333333,1658250,0.111999999999995,"C++",TRUE
1291,"A",30000,0,111,174.575233333333,2,TRUE,227.209233333333,1,30000,0,0,2,1144967,227.209233333333,1405421,0.0960000000000036,"C++",TRUE
1292,"A",30000,0,112,229.558266666667,2,TRUE,289.7326,1,30000,0,0,2,1591250,289.7326,1743287,0.118000000000002,"C++",TRUE
1293,"A",30000,0,113,183.180566666667,2,TRUE,215.8588,1,30000,0,0,2,745325,215.8588,1480586,0.0989999999999966,"C++",TRUE
1294,"A",30000,0,114,231.2411,2,TRUE,295.0152,1,30000,0,0,2,1420301,295.0152,1845026,0.130000000000003,"C++",TRUE
1295,"A",30000,0,115,188.386,2,TRUE,234.531633333333,1,30000,0,0,2,942181,234.531633333333,1538079,0.106999999999999,"C++",TRUE
1296,"A",30000,0,116,160.646466666667,2,TRUE,202.6552,1,30000,0,0,2,625159,202.6552,1351806,0.0929999999999964,"C++",TRUE
1297,"A",30000,0,117,205.497266666667,2,TRUE,247.845433333333,1,30000,0,0,2,695998,247.845433333333,1729008,0.118000000000002,"C++",TRUE
1298,"A",30000,0,118,177.824966666667,2,TRUE,202.279366666667,1,30000,0,0,1,512171,202.279366666667,1473884,0.106999999999999,"C++",TRUE
1299,"A",30000,0,119,195.8937,2,TRUE,222.231933333333,1,30000,0,0,2,527457,222.231933333333,1677374,0.119,"C++",TRUE
1300,"A",30000,0,120,199.8942,2,TRUE,239.793233333333,1,30000,0,0,2,795769,239.793233333333,1708805,0.114000000000004,"C++",TRUE
1301,"A",30000,0,121,212.0453,2,TRUE,275.396733333333,1,30000,0,0,2,1565317,275.396733333333,1585479,0.0999999999999943,"C++",TRUE
1302,"A",30000,0,122,209.750333333333,2,TRUE,265.3051,1,30000,0,0,2,1297913,265.3051,1531514,0.0990000000000038,"C++",TRUE
1303,"A",30000,0,123,227.910466666667,2,TRUE,274.315733333333,1,30000,0,0,2,942938,274.315733333333,1944836,0.134,"C++",TRUE
1304,"A",30000,0,124,259.299833333333,2,TRUE,330.707933333333,1,30000,0,0,2,1907201,330.707933333333,1937231,0.126999999999995,"C++",TRUE
1305,"A",30000,0,125,149.494266666667,2,TRUE,178.953466666667,1,30000,0,0,1,576745,178.953466666667,1239102,0.0790000000000006,"C++",TRUE
1306,"A",30000,0,126,256.151166666667,2,TRUE,305.1518,1,30000,0,0,2,848857,305.1518,2251400,0.156000000000006,"C++",TRUE
1307,"A",30000,0,127,218.6836,2,TRUE,258.744066666667,1,30000,0,0,2,723385,258.744066666667,1915830,0.134999999999998,"C++",TRUE
1308,"A",30000,0,128,249.1893,2,TRUE,306.2096,1,30000,0,0,2,1343588,306.2096,1980408,0.131999999999998,"C++",TRUE
1309,"A",30000,0,129,245.103166666667,2,TRUE,302.866433333333,1,30000,0,0,2,1499226,302.866433333333,1866920,0.122999999999998,"C++",TRUE
1310,"A",30000,0,130,175.8927,2,TRUE,228.030666666667,1,30000,0,0,2,947438,228.030666666667,1453761,0.0960000000000036,"C++",TRUE
1311,"A",30000,0,131,271.350266666667,2,TRUE,331.1565,1,30000,0,0,2,1326852,331.1565,2264096,0.156999999999996,"C++",TRUE
1312,"A",30000,0,132,202.765533333333,3,TRUE,241.288666666667,2,0,30000,0,1,412392,241.288666666667,1606691,0.109000000000002,"C++",TRUE
1313,"A",30000,0,133,207.6393,2,TRUE,248.1616,1,30000,0,0,2,936920,248.1616,1711247,0.111000000000004,"C++",TRUE
1314,"A",30000,0,134,217.7018,2,TRUE,276.246566666667,1,30000,0,0,2,1568527,276.246566666667,1656164,0.110999999999997,"C++",TRUE
1315,"A",30000,0,135,164.4316,2,TRUE,217.039433333333,1,30000,0,0,1,398927,217.039433333333,1417129,0.100000000000001,"C++",TRUE
1316,"A",30000,0,136,169.427633333333,2,TRUE,206.7058,1,30000,0,0,2,612315,206.7058,1457171,0.100000000000001,"C++",TRUE
1317,"A",30000,0,137,165.941,2,TRUE,202.0395,1,30000,0,0,2,703101,202.0395,1355335,0.0889999999999986,"C++",TRUE
1318,"A",30000,0,138,165.933666666667,2,TRUE,197.403833333333,1,30000,0,0,1,539769,197.403833333333,1428672,0.0949999999999989,"C++",TRUE
1319,"A",30000,0,139,216.599766666667,2,TRUE,272.102133333333,1,30000,0,0,2,1011500,272.102133333333,1799548,0.116999999999997,"C++",TRUE
1320,"A",30000,0,140,247.135966666667,2,TRUE,304.933533333333,1,30000,0,0,2,1307956,304.933533333333,1956121,0.130000000000003,"C++",TRUE
1321,"A",30000,0,141,168.438,2,TRUE,211.498333333333,1,30000,0,0,2,798290,211.498333333333,1408677,0.0940000000000012,"C++",TRUE
1322,"A",30000,0,142,194.177666666667,3,TRUE,236.305166666667,2,0,30000,0,2,663079,236.305166666667,1406045,0.100000000000001,"C++",TRUE
1323,"A",30000,0,143,166.803133333333,2,TRUE,207.6711,1,30000,0,0,2,737033,207.6711,1388746,0.0959999999999965,"C++",TRUE
1324,"A",30000,0,144,164.123033333333,2,TRUE,204.3623,1,30000,0,0,2,637851,204.3623,1418295,0.0910000000000011,"C++",TRUE
1325,"A",30000,0,145,223.5034,2,TRUE,292.0375,1,30000,0,0,2,1629055,292.0375,1601543,0.0940000000000012,"C++",TRUE
1326,"A",30000,0,146,270.589133333333,2,TRUE,342.885066666667,1,30000,0,0,2,1525964,342.885066666667,2175460,0.147999999999996,"C++",TRUE
1327,"A",30000,0,147,198.597833333333,2,TRUE,235.255266666667,1,30000,0,0,1,637548,235.255266666667,1744469,0.117000000000004,"C++",TRUE
1328,"A",30000,0,148,215.498466666667,2,TRUE,290.5322,1,30000,0,0,2,2071225,290.5322,1554012,0.100000000000001,"C++",TRUE
1329,"A",30000,0,149,197.893633333333,2,TRUE,252.967033333333,1,30000,0,0,2,1285926,252.967033333333,1523777,0.101999999999997,"C++",TRUE
1330,"A",30000,0,150,185.170133333333,2,TRUE,234.4637,1,30000,0,0,2,1121197,234.4637,1495206,0.097999999999999,"C++",TRUE
1331,"A",30000,0,151,165.451833333333,2,TRUE,209.471833333333,1,30000,0,0,2,768783,209.471833333333,1391940,0.0919999999999987,"C++",TRUE
1332,"A",30000,0,152,179.488933333333,3,TRUE,227.109966666667,2,0,30000,0,1,416866,227.109966666667,1418773,0.095000000000006,"C++",TRUE
1333,"A",30000,0,153,189.0086,2,TRUE,229.038133333333,1,30000,0,0,1,692232,229.038133333333,1623774,0.113999999999997,"C++",TRUE
1334,"A",30000,0,154,237.056866666667,2,TRUE,267.302366666667,1,30000,0,0,1,453934,267.302366666667,2074444,0.142000000000003,"C++",TRUE
1335,"A",30000,0,155,206.9932,2,TRUE,267.138633333333,1,30000,0,0,2,1472836,267.138633333333,1527707,0.101999999999997,"C++",TRUE
1336,"A",30000,0,156,170.8382,2,TRUE,211.4234,1,30000,0,0,1,484571,211.4234,1458594,0.101999999999997,"C++",TRUE
1337,"A",30000,0,157,181.254966666667,2,TRUE,244.040833333333,1,30000,0,0,2,1292465,244.040833333333,1400089,0.095000000000006,"C++",TRUE
1338,"A",30000,0,158,166.051133333333,2,TRUE,195.840333333333,1,30000,0,0,1,486217,195.840333333333,1413231,0.0969999999999942,"C++",TRUE
1339,"A",30000,0,159,193.226466666667,2,TRUE,236.118366666667,1,30000,0,0,2,766993,236.118366666667,1645072,0.114000000000004,"C++",TRUE
1340,"A",30000,0,160,215.799966666667,2,TRUE,267.0732,1,30000,0,0,2,1084569,267.0732,1788508,0.121000000000002,"C++",TRUE
1341,"A",30000,0,161,192.894566666667,2,TRUE,241.874466666667,1,30000,0,0,2,1027375,241.874466666667,1564440,0.105999999999995,"C++",TRUE
1342,"A",30000,0,162,206.897733333333,2,TRUE,266.6665,1,30000,0,0,2,1279554,266.6665,1677985,0.109999999999999,"C++",TRUE
1343,"A",30000,0,163,214.476633333333,2,TRUE,258.747433333333,1,30000,0,0,2,812255,258.747433333333,1832056,0.114999999999995,"C++",TRUE
1344,"A",30000,0,164,191.919733333333,2,TRUE,235.3173,1,30000,0,0,2,898433,235.3173,1612104,0.107000000000006,"C++",TRUE
1345,"A",30000,0,165,245.039666666667,1,TRUE,256.6409,3,0,0,30000,2,766022,256.6409,1698743,0.109999999999999,"C++",TRUE
1346,"A",30000,0,166,178.425366666667,2,TRUE,220.254233333333,1,30000,0,0,2,664886,220.254233333333,1524362,0.107999999999997,"C++",TRUE
1347,"A",30000,0,167,205.6271,2,TRUE,247.983733333333,1,30000,0,0,2,689959,247.983733333333,1790686,0.124000000000002,"C++",TRUE
1348,"A",30000,0,168,206.769833333333,2,TRUE,250.339866666667,1,30000,0,0,2,828406,250.339866666667,1769454,0.125999999999998,"C++",TRUE
1349,"A",30000,0,169,183.802233333333,2,TRUE,235.418366666667,1,30000,0,0,2,844894,235.418366666667,1546727,0.103999999999999,"C++",TRUE
1350,"A",30000,0,170,243.558833333333,2,TRUE,312.580833333333,1,30000,0,0,2,1525031,312.580833333333,1933474,0.131,"C++",TRUE
1351,"A",30000,0,171,242.4092,3,TRUE,278.569666666667,2,0,30000,0,1,391602,278.569666666667,1991877,0.139000000000003,"C++",TRUE
1352,"A",30000,0,172,193.8612,2,TRUE,239.964966666667,1,30000,0,0,2,766215,239.964966666667,1638043,0.119,"C++",TRUE
1353,"A",30000,0,173,224.863666666667,2,TRUE,277.196133333333,1,30000,0,0,2,860761,277.196133333333,1917759,0.131999999999998,"C++",TRUE
1354,"A",30000,0,174,202.886733333333,2,TRUE,259.105333333333,1,30000,0,0,2,1192710,259.105333333333,1633853,0.109999999999999,"C++",TRUE
1355,"A",30000,0,175,197.153366666667,3,TRUE,240.867766666667,2,0,30000,0,1,459086,240.867766666667,1521846,0.104000000000006,"C++",TRUE
1356,"A",30000,0,176,164.851066666667,2,TRUE,200.318566666667,1,30000,0,0,1,563438,200.318566666667,1437593,0.0999999999999943,"C++",TRUE
1357,"A",30000,0,177,202.926666666667,2,TRUE,245.507833333333,1,30000,0,0,2,938461,245.507833333333,1653758,0.112000000000002,"C++",TRUE
1358,"A",30000,0,178,180.879666666667,2,TRUE,220.689333333333,1,30000,0,0,2,825543,220.689333333333,1526446,0.106999999999999,"C++",TRUE
1359,"A",30000,0,179,195.022366666667,3,TRUE,237.0943,2,0,30000,0,2,785175,237.0943,1383097,0.0919999999999987,"C++",TRUE
1360,"A",30000,0,180,210.733333333333,2,TRUE,261.929033333333,1,30000,0,0,2,1023019,261.929033333333,1748915,0.117999999999995,"C++",TRUE
1361,"A",30000,0,181,229.4578,2,TRUE,283.1422,1,30000,0,0,2,936811,283.1422,1963184,0.141000000000005,"C++",TRUE
1362,"A",30000,0,182,202.489833333333,2,TRUE,241.127066666667,1,30000,0,0,2,713518,241.127066666667,1718129,0.118000000000002,"C++",TRUE
1363,"A",30000,0,183,236.465166666667,2,TRUE,295.644466666667,1,30000,0,0,2,1429752,295.644466666667,1809038,0.129999999999995,"C++",TRUE
1364,"A",30000,0,184,184.9366,2,TRUE,235.539366666667,1,30000,0,0,2,1045755,235.539366666667,1499919,0.0930000000000035,"C++",TRUE
1365,"A",30000,0,185,222.664033333333,2,TRUE,283.709566666667,1,30000,0,0,2,1306779,283.709566666667,1755944,0.109999999999999,"C++",TRUE
1366,"A",30000,0,186,188.849233333333,2,TRUE,240.597366666667,1,30000,0,0,2,1135382,240.597366666667,1524327,0.103000000000002,"C++",TRUE
1367,"A",30000,0,187,214.6153,2,TRUE,273.2639,1,30000,0,0,2,1066741,273.2639,1733505,0.120999999999995,"C++",TRUE
1368,"A",30000,0,188,179.859,3,TRUE,209.691633333333,2,0,30000,0,1,504346,209.691633333333,1275663,0.0840000000000032,"C++",TRUE
1369,"A",30000,0,189,198.246466666667,2,TRUE,257.632766666667,1,30000,0,0,2,1086367,257.632766666667,1604093,0.106999999999999,"C++",TRUE
1370,"A",30000,0,190,184.5133,2,TRUE,218.365933333333,1,30000,0,0,1,579552,218.365933333333,1574293,0.110999999999997,"C++",TRUE
1371,"A",30000,0,191,187.8975,2,TRUE,225.663333333333,1,30000,0,0,2,804115,225.663333333333,1613665,0.106000000000002,"C++",TRUE
1372,"A",30000,0,192,233.046666666667,2,TRUE,289.6795,1,30000,0,0,2,926925,289.6795,2004128,0.148000000000003,"C++",TRUE
1373,"A",30000,0,193,183.429566666667,2,TRUE,231.809833333333,1,30000,0,0,2,1097391,231.809833333333,1490140,0.0989999999999966,"C++",TRUE
1374,"A",30000,0,194,201.304866666667,2,TRUE,256.232566666667,1,30000,0,0,2,1068965,256.232566666667,1642384,0.119,"C++",TRUE
1375,"A",30000,0,195,156.241333333333,2,TRUE,197.3416,1,30000,0,0,2,848198,197.3416,1261907,0.0840000000000032,"C++",TRUE
1376,"A",30000,0,196,249.996466666667,3,TRUE,281.8091,2,0,30000,0,1,440591,281.8091,1969986,0.140999999999998,"C++",TRUE
1377,"A",30000,0,197,185.825233333333,2,TRUE,238.1366,1,30000,0,0,2,1202373,238.1366,1472324,0.100999999999999,"C++",TRUE
1378,"A",30000,0,198,214.296433333333,2,TRUE,282.0303,1,30000,0,0,2,1695081,282.0303,1616088,0.112000000000002,"C++",TRUE
1379,"A",30000,0,199,205.639133333333,2,TRUE,267.040433333333,1,30000,0,0,2,1601339,267.040433333333,1499972,0.100999999999999,"C++",TRUE
1380,"A",30000,0,200,230.415866666667,2,TRUE,290.406733333333,1,30000,0,0,2,1511429,290.406733333333,1797996,0.119,"C++",TRUE
1381,"A",30000,0,201,250.312366666667,2,TRUE,306.833566666667,1,30000,0,0,2,1317253,306.833566666667,2052931,0.142000000000003,"C++",TRUE
1382,"A",30000,0,202,164.4749,2,TRUE,188.3132,1,30000,0,0,2,660732,188.3132,1272905,0.0820000000000007,"C++",TRUE
1383,"A",30000,0,203,152.741366666667,2,TRUE,187.5026,1,30000,0,0,1,407911,187.5026,1342460,0.090999999999994,"C++",TRUE
1384,"A",30000,0,204,262.463033333333,2,TRUE,328.597566666667,1,30000,0,0,2,1616246,328.597566666667,1998396,0.124000000000002,"C++",TRUE
1385,"A",30000,0,205,189.9988,3,TRUE,235.983266666667,2,0,30000,0,1,464807,235.983266666667,1502200,0.103000000000002,"C++",TRUE
1386,"A",30000,0,206,215.611933333333,2,TRUE,283.454766666667,1,30000,0,0,2,1165557,283.454766666667,1698055,0.115000000000002,"C++",TRUE
1387,"A",30000,0,207,170.000866666667,2,TRUE,204.4465,1,30000,0,0,1,530689,204.4465,1442187,0.106999999999999,"C++",TRUE
1388,"A",30000,0,208,285.246733333333,2,TRUE,359.236966666667,1,30000,0,0,2,2022889,359.236966666667,2214019,0.147999999999996,"C++",TRUE
1389,"A",30000,0,209,206.2831,2,TRUE,252.2793,1,30000,0,0,2,931727,252.2793,1721066,0.112000000000002,"C++",TRUE
1390,"A",30000,0,210,192.181,2,TRUE,239.6838,1,30000,0,0,2,1032628,239.6838,1598748,0.116999999999997,"C++",TRUE
1391,"A",30000,0,211,152.893933333333,2,TRUE,201.945366666667,1,30000,0,0,2,666216,201.945366666667,1303115,0.088000000000001,"C++",TRUE
1392,"A",30000,0,212,228.7422,2,TRUE,291.645566666667,1,30000,0,0,2,1750210,291.645566666667,1658429,0.109000000000002,"C++",TRUE
1393,"A",30000,0,213,168.172533333333,2,TRUE,199.740133333333,1,30000,0,0,2,541224,199.740133333333,1430579,0.104999999999997,"C++",TRUE
1394,"A",30000,0,214,165.032533333333,2,TRUE,205.766133333333,1,30000,0,0,2,829269,205.766133333333,1351622,0.0960000000000036,"C++",TRUE
1395,"A",30000,0,215,213.883733333333,2,TRUE,254.993933333333,1,30000,0,0,2,600045,254.993933333333,1875140,0.132999999999996,"C++",TRUE
1396,"A",30000,0,216,196.915566666667,3,TRUE,232.255066666667,2,0,30000,0,1,394668,232.255066666667,1492325,0.107000000000006,"C++",TRUE
1397,"A",30000,0,217,175.3376,2,TRUE,223.471966666667,1,30000,0,0,2,924865,223.471966666667,1449231,0.0999999999999943,"C++",TRUE
1398,"A",30000,0,218,282.624166666667,2,TRUE,332.587233333333,1,30000,0,0,2,814012,332.587233333333,2491910,0.167999999999999,"C++",TRUE
1399,"A",30000,0,219,195.418066666667,2,TRUE,242.958133333333,1,30000,0,0,2,1066463,242.958133333333,1622633,0.117000000000004,"C++",TRUE
1400,"A",30000,0,220,217.195033333333,2,TRUE,287.077,1,30000,0,0,2,1685338,287.077,1616628,0.103999999999999,"C++",TRUE
1401,"A",30000,0,221,133.5867,2,TRUE,164.180333333333,1,30000,0,0,1,543947,164.180333333333,1081904,0.0760000000000005,"C++",TRUE
1402,"A",30000,0,222,241.235933333333,1,TRUE,244.284233333333,3,0,0,30000,2,742392,244.284233333333,1581344,0.0949999999999989,"C++",TRUE
1403,"A",30000,0,223,190.355433333333,2,TRUE,249.170433333333,1,30000,0,0,2,1567856,249.170433333333,1404000,0.0959999999999965,"C++",TRUE
1404,"A",30000,0,224,197.538966666667,2,TRUE,227.053033333333,1,30000,0,0,2,702477,227.053033333333,1632070,0.106999999999999,"C++",TRUE
1405,"A",30000,0,225,198.4431,2,TRUE,235.53,1,30000,0,0,2,669594,235.53,1694520,0.114000000000004,"C++",TRUE
1406,"A",30000,0,226,213.902833333333,2,TRUE,269.690866666667,1,30000,0,0,2,1322336,269.690866666667,1658209,0.112000000000002,"C++",TRUE
1407,"A",30000,0,227,246.519666666667,2,TRUE,298.380933333333,1,30000,0,0,2,1140156,298.380933333333,2015295,0.135999999999996,"C++",TRUE
1408,"A",30000,0,228,246.189766666667,2,TRUE,328.9444,1,30000,0,0,2,2069160,328.9444,1779194,0.122,"C++",TRUE
1409,"A",30000,0,229,162.921866666667,2,TRUE,191.761366666667,1,30000,0,0,1,525370,191.761366666667,1359435,0.0900000000000034,"C++",TRUE
1410,"A",30000,0,230,201.623866666667,2,TRUE,247.103666666667,1,30000,0,0,2,1003408,247.103666666667,1668086,0.113999999999997,"C++",TRUE
1411,"A",30000,0,231,195.472933333333,3,TRUE,233.9885,2,0,30000,0,1,349955,233.9885,1577056,0.110999999999997,"C++",TRUE
1412,"A",30000,0,232,175.3054,3,TRUE,223.518266666667,2,0,30000,0,1,361814,223.518266666667,1396261,0.0960000000000036,"C++",TRUE
1413,"A",30000,0,233,173.435366666667,3,TRUE,210.3229,2,0,30000,0,1,354697,210.3229,1382383,0.0970000000000013,"C++",TRUE
1414,"A",30000,0,234,198.733366666667,2,TRUE,249.259466666667,1,30000,0,0,2,1259739,249.259466666667,1514487,0.100999999999999,"C++",TRUE
1415,"A",30000,0,235,192.1816,3,TRUE,225.4767,2,0,30000,0,1,454137,225.4767,1459826,0.097999999999999,"C++",TRUE
1416,"A",30000,0,236,239.9096,2,TRUE,289.365933333333,1,30000,0,0,2,813453,289.365933333333,2050837,0.152999999999999,"C++",TRUE
1417,"A",30000,0,237,244.3371,2,TRUE,302.8553,1,30000,0,0,2,1402797,302.8553,1848280,0.124000000000002,"C++",TRUE
1418,"A",30000,0,238,191.598333333333,2,TRUE,235.9654,1,30000,0,0,2,929239,235.9654,1573492,0.104999999999997,"C++",TRUE
1419,"A",30000,0,239,205.2733,2,TRUE,247.286633333333,1,30000,0,0,1,617654,247.286633333333,1765742,0.122,"C++",TRUE
1420,"A",30000,0,240,178.588,2,TRUE,227.753666666667,1,30000,0,0,2,920456,227.753666666667,1499873,0.102000000000004,"C++",TRUE
1421,"A",30000,0,241,173.034933333333,2,TRUE,220.613266666667,1,30000,0,0,2,993178,220.613266666667,1436596,0.0940000000000012,"C++",TRUE
1422,"A",30000,0,242,216.632033333333,2,TRUE,268.6629,1,30000,0,0,2,1363309,268.6629,1658682,0.109000000000002,"C++",TRUE
1423,"A",30000,0,243,163.1886,2,TRUE,202.281233333333,1,30000,0,0,2,876094,202.281233333333,1349989,0.0960000000000036,"C++",TRUE
1424,"A",30000,0,244,193.804033333333,2,TRUE,247.433666666667,1,30000,0,0,2,1259717,247.433666666667,1507160,0.0959999999999965,"C++",TRUE
1425,"A",30000,0,245,247.0685,2,TRUE,313.8482,1,30000,0,0,2,1497375,313.8482,1931787,0.134999999999998,"C++",TRUE
1426,"A",30000,0,246,190.9783,2,TRUE,229.461033333333,1,30000,0,0,2,628324,229.461033333333,1662320,0.113,"C++",TRUE
1427,"A",30000,0,247,239.370633333333,2,TRUE,291.5065,1,30000,0,0,2,1188998,291.5065,2021231,0.142000000000003,"C++",TRUE
1428,"A",30000,0,248,182.165166666667,2,TRUE,218.637833333333,1,30000,0,0,2,632680,218.637833333333,1543896,0.103000000000002,"C++",TRUE
1429,"A",30000,0,249,226.947066666667,2,TRUE,280.484466666667,1,30000,0,0,2,1350687,280.484466666667,1773358,0.129999999999995,"C++",TRUE
1430,"A",30000,0,250,230.907733333333,2,TRUE,294.224266666667,1,30000,0,0,2,1478054,294.224266666667,1822848,0.122,"C++",TRUE
1431,"A",30000,0,251,173.594566666667,2,TRUE,217.753333333333,1,30000,0,0,2,925392,217.753333333333,1443391,0.100000000000001,"C++",TRUE
1432,"A",30000,0,252,170.3752,2,TRUE,209.9713,1,30000,0,0,2,819808,209.9713,1445155,0.0949999999999989,"C++",TRUE
1433,"A",30000,0,253,202.977466666667,3,TRUE,237.095,2,0,30000,0,1,383999,237.095,1592742,0.111000000000004,"C++",TRUE
1434,"A",30000,0,254,229.547466666667,1,TRUE,247.873433333333,3,0,0,30000,2,760691,247.873433333333,1541241,0.103999999999999,"C++",TRUE
1435,"A",30000,0,255,196.7975,2,TRUE,245.5721,1,30000,0,0,2,955049,245.5721,1605458,0.115000000000002,"C++",TRUE
1436,"A",30000,0,256,252.980866666667,1,TRUE,267.9076,3,0,0,30000,3,1032433,267.9076,1730063,0.109999999999999,"C++",TRUE
1437,"A",30000,0,257,264.2279,2,TRUE,336.211933333333,1,30000,0,0,2,1841350,336.211933333333,2025954,0.143000000000001,"C++",TRUE
1438,"A",30000,0,258,152.338133333333,2,TRUE,184.311033333333,1,30000,0,0,2,570468,184.311033333333,1249940,0.0790000000000006,"C++",TRUE
1439,"A",30000,0,259,197.4898,2,TRUE,256.228966666667,1,30000,0,0,2,1330339,256.228966666667,1512345,0.100999999999999,"C++",TRUE
1440,"A",30000,0,260,208.274033333333,2,TRUE,270.850466666667,1,30000,0,0,2,1262871,270.850466666667,1675930,0.119999999999997,"C++",TRUE
1441,"A",30000,0,261,188.8883,2,TRUE,224.6558,1,30000,0,0,2,950070,224.6558,1484971,0.0910000000000011,"C++",TRUE
1442,"A",30000,0,262,233.408366666667,2,TRUE,298.175866666667,1,30000,0,0,2,1560315,298.175866666667,1828501,0.121000000000002,"C++",TRUE
1443,"A",30000,0,263,168.475066666667,2,TRUE,201.446833333333,1,30000,0,0,2,678998,201.446833333333,1418168,0.0919999999999987,"C++",TRUE
1444,"A",30000,0,264,281.198366666667,2,TRUE,312.918166666667,1,30000,0,0,2,582815,312.918166666667,2503818,0.176000000000002,"C++",TRUE
1445,"A",30000,0,265,231.794266666667,2,TRUE,301.3805,1,30000,0,0,2,1277547,301.3805,1890493,0.131999999999998,"C++",TRUE
1446,"A",30000,0,266,222.42,2,TRUE,252.403366666667,1,30000,0,0,1,455822,252.403366666667,1931072,0.135000000000005,"C++",TRUE
1447,"A",30000,0,267,211.727633333333,2,TRUE,270.053866666667,1,30000,0,0,2,1383238,270.053866666667,1665948,0.111999999999995,"C++",TRUE
1448,"A",30000,0,268,206.107,2,TRUE,235.171533333333,1,30000,0,0,2,592380,235.171533333333,1773845,0.122,"C++",TRUE
1449,"A",30000,0,269,207.443833333333,3,TRUE,236.2974,2,0,30000,0,2,655041,236.2974,1473620,0.095000000000006,"C++",TRUE
1450,"A",30000,0,270,211.794,2,TRUE,275.0351,1,30000,0,0,2,1363527,275.0351,1603776,0.108999999999995,"C++",TRUE
1451,"A",30000,0,271,185.0321,2,TRUE,247.245533333333,1,30000,0,0,2,1283220,247.245533333333,1428995,0.0970000000000013,"C++",TRUE
1452,"A",30000,0,272,200.299633333333,2,TRUE,274.9548,1,30000,0,0,2,1902233,274.9548,1474008,0.097999999999999,"C++",TRUE
1453,"A",30000,0,273,165.498866666667,2,TRUE,198.4432,1,30000,0,0,2,639679,198.4432,1362695,0.0889999999999986,"C++",TRUE
1454,"A",30000,0,274,221.615766666667,2,TRUE,284.077466666667,1,30000,0,0,2,1609404,284.077466666667,1707656,0.118000000000002,"C++",TRUE
1455,"A",30000,0,275,174.377033333333,2,TRUE,218.5509,1,30000,0,0,2,886040,218.5509,1440134,0.100999999999999,"C++",TRUE
1456,"A",30000,0,276,227.918566666667,2,TRUE,296.283833333333,1,30000,0,0,2,1671269,296.283833333333,1730283,0.115000000000002,"C++",TRUE
1457,"A",30000,0,277,199.517333333333,2,TRUE,255.121433333333,1,30000,0,0,2,1392674,255.121433333333,1546657,0.103000000000002,"C++",TRUE
1458,"A",30000,0,278,183.303633333333,2,TRUE,225.197266666667,1,30000,0,0,2,793653,225.197266666667,1552514,0.104999999999997,"C++",TRUE
1459,"A",30000,0,279,189.945466666667,2,TRUE,231.538,1,30000,0,0,2,844325,231.538,1584890,0.105000000000004,"C++",TRUE
1460,"A",30000,0,280,221.1172,2,TRUE,278.361366666667,1,30000,0,0,2,1330539,278.361366666667,1725136,0.108999999999995,"C++",TRUE
1461,"A",30000,0,281,251.217866666667,1,TRUE,275.604566666667,3,0,0,30000,2,861664,275.604566666667,1768479,0.115000000000002,"C++",TRUE
1462,"A",30000,0,282,190.634833333333,2,TRUE,239.6726,1,30000,0,0,2,1187792,239.6726,1500034,0.100999999999999,"C++",TRUE
1463,"A",30000,0,283,187.5812,2,TRUE,225.772133333333,1,30000,0,0,2,725803,225.772133333333,1604430,0.108999999999995,"C++",TRUE
1464,"A",30000,0,284,246.685166666667,2,TRUE,315.526733333333,1,30000,0,0,2,1900983,315.526733333333,1844761,0.130000000000003,"C++",TRUE
1465,"A",30000,0,285,239.9608,2,TRUE,301.009266666667,1,30000,0,0,2,1452493,301.009266666667,1904610,0.127000000000002,"C++",TRUE
1466,"A",30000,0,286,298.842266666667,2,TRUE,356.497266666667,1,30000,0,0,2,1249262,356.497266666667,2519000,0.167000000000002,"C++",TRUE
1467,"A",30000,0,287,196.097433333333,3,TRUE,228.7642,2,0,30000,0,1,327238,228.7642,1596769,0.116,"C++",TRUE
1468,"A",30000,0,288,156.8129,2,TRUE,188.985033333333,1,30000,0,0,1,470435,188.985033333333,1319239,0.0879999999999939,"C++",TRUE
1469,"A",30000,0,289,130.771066666667,2,TRUE,168.803166666667,1,30000,0,0,2,699516,168.803166666667,1080953,0.078000000000003,"C++",TRUE
1470,"A",30000,0,290,167.212466666667,2,TRUE,200.489566666667,1,30000,0,0,2,640053,200.489566666667,1400570,0.0960000000000036,"C++",TRUE
1471,"A",30000,0,291,248.877066666667,2,TRUE,305.072366666667,1,30000,0,0,2,1136037,305.072366666667,2083159,0.147999999999996,"C++",TRUE
1472,"A",30000,0,292,206.7865,2,TRUE,238.826633333333,1,30000,0,0,1,506530,238.826633333333,1784382,0.131,"C++",TRUE
1473,"A",30000,0,293,168.299766666667,2,TRUE,215.4637,1,30000,0,0,2,925921,215.4637,1376503,0.0900000000000034,"C++",TRUE
1474,"A",30000,0,294,260.9678,2,TRUE,323.9985,1,30000,0,0,2,1738670,323.9985,1917956,0.131999999999998,"C++",TRUE
1475,"A",30000,0,295,220.945733333333,2,TRUE,298.9321,1,30000,0,0,2,2025676,298.9321,1565531,0.0970000000000013,"C++",TRUE
1476,"A",30000,0,296,194.029766666667,2,TRUE,247.302633333333,1,30000,0,0,2,1215398,247.302633333333,1585903,0.102999999999994,"C++",TRUE
1477,"A",30000,0,297,217.616966666667,1,TRUE,227.854433333333,3,0,0,30000,2,779428,227.854433333333,1436266,0.0990000000000038,"C++",TRUE
1478,"A",30000,0,298,177.989166666667,2,TRUE,219.646633333333,1,30000,0,0,2,960471,219.646633333333,1472924,0.0970000000000013,"C++",TRUE
1479,"A",30000,0,299,175.546233333333,2,TRUE,223.7989,1,30000,0,0,2,885731,223.7989,1480757,0.100000000000001,"C++",TRUE
1480,"A",30000,0,300,205.0615,2,TRUE,261.119866666667,1,30000,0,0,2,1064355,261.119866666667,1703971,0.104999999999997,"C++",TRUE
1481,"A",30000,0,301,218.6779,2,TRUE,268.5412,1,30000,0,0,2,1097439,268.5412,1772870,0.109000000000002,"C++",TRUE
1482,"A",30000,0,302,179.960866666667,2,TRUE,213.0076,1,30000,0,0,1,410759,213.0076,1567393,0.103000000000002,"C++",TRUE
1483,"A",30000,0,303,270.577266666667,2,TRUE,340.992866666667,1,30000,0,0,2,1870244,340.992866666667,1999903,0.152000000000001,"C++",TRUE
1484,"A",30000,0,304,271.7603,2,TRUE,327.701166666667,1,30000,0,0,2,1385919,327.701166666667,2120069,0.138999999999996,"C++",TRUE
1485,"A",30000,0,305,252.950233333333,1,TRUE,263.185333333333,3,0,0,30000,2,819653,263.185333333333,1760441,0.123000000000005,"C++",TRUE
1486,"A",30000,0,306,204.475866666667,2,TRUE,269.533266666667,1,30000,0,0,2,1815698,269.533266666667,1406757,0.088000000000001,"C++",TRUE
1487,"A",30000,0,307,229.105566666667,2,TRUE,298.5828,1,30000,0,0,2,1758489,298.5828,1725267,0.116,"C++",TRUE
1488,"A",30000,0,308,147.694,2,TRUE,192.221466666667,1,30000,0,0,2,675849,192.221466666667,1246991,0.0850000000000009,"C++",TRUE
1489,"A",30000,0,309,214.6532,2,TRUE,272.297166666667,1,30000,0,0,2,1422251,272.297166666667,1648095,0.111999999999995,"C++",TRUE
1490,"A",30000,0,310,178.108233333333,2,TRUE,227.9625,1,30000,0,0,2,1066358,227.9625,1471772,0.100999999999999,"C++",TRUE
1491,"A",30000,0,311,177.086666666667,2,TRUE,213.3099,1,30000,0,0,2,651254,213.3099,1523969,0.109000000000002,"C++",TRUE
1492,"A",30000,0,312,193.267933333333,2,TRUE,242.340166666667,1,30000,0,0,2,1191087,242.340166666667,1514547,0.106000000000002,"C++",TRUE
1493,"A",30000,0,313,154.4149,2,TRUE,194.926633333333,1,30000,0,0,2,740527,194.926633333333,1315681,0.0940000000000012,"C++",TRUE
1494,"A",30000,0,314,229.745433333333,2,TRUE,269.5746,1,30000,0,0,2,876140,269.5746,1951848,0.137999999999998,"C++",TRUE
1495,"A",30000,0,315,178.3362,2,TRUE,214.306466666667,1,30000,0,0,1,498409,214.306466666667,1526620,0.103000000000002,"C++",TRUE
1496,"A",30000,0,316,315.2692,2,TRUE,370.1199,1,30000,0,0,2,1534579,370.1199,2497251,0.168999999999997,"C++",TRUE
1497,"A",30000,0,317,191.261133333333,2,TRUE,244.7332,1,30000,0,0,2,989815,244.7332,1555429,0.100999999999999,"C++",TRUE
1498,"A",30000,0,318,185.589566666667,3,TRUE,233.622233333333,2,0,30000,0,1,409288,233.622233333333,1452545,0.102000000000004,"C++",TRUE
1499,"A",30000,0,319,208.952933333333,2,TRUE,256.624533333333,1,30000,0,0,2,936534,256.624533333333,1739034,0.113999999999997,"C++",TRUE
1500,"A",30000,0,320,229.073066666667,2,TRUE,285.620266666667,1,30000,0,0,2,1144679,285.620266666667,1866097,0.119,"C++",TRUE
1501,"A",30000,0,321,217.407933333333,2,TRUE,284.845333333333,1,30000,0,0,2,1704899,284.845333333333,1637130,0.0970000000000013,"C++",TRUE
1502,"A",30000,0,322,217.220666666667,2,TRUE,292.357266666667,1,30000,0,0,2,1825870,292.357266666667,1572469,0.101999999999997,"C++",TRUE
1503,"A",30000,0,323,182.421966666667,2,TRUE,219.036466666667,1,30000,0,0,2,855607,219.036466666667,1455464,0.097999999999999,"C++",TRUE
1504,"A",30000,0,324,184.5457,2,TRUE,232.042033333333,1,30000,0,0,2,1062964,232.042033333333,1502239,0.102000000000004,"C++",TRUE
1505,"A",30000,0,325,238.252833333333,2,TRUE,284.8789,1,30000,0,0,2,967787,284.8789,2016850,0.135999999999996,"C++",TRUE
1506,"A",30000,0,326,237.156333333333,2,TRUE,305.268266666667,1,30000,0,0,2,1851937,305.268266666667,1721821,0.119,"C++",TRUE
1507,"A",30000,0,327,183.685566666667,2,TRUE,223.541633333333,1,30000,0,0,2,747888,223.541633333333,1568640,0.108000000000004,"C++",TRUE
1508,"A",30000,0,328,182.183666666667,2,TRUE,224.4983,1,30000,0,0,2,830032,224.4983,1508398,0.103000000000002,"C++",TRUE
1509,"A",30000,0,329,250.6072,2,TRUE,310.112233333333,1,30000,0,0,3,1571801,310.112233333333,1815724,0.109999999999999,"C++",TRUE
1510,"A",30000,0,330,232.387766666667,2,TRUE,300.866133333333,1,30000,0,0,2,1627699,300.866133333333,1844993,0.126999999999995,"C++",TRUE
1511,"A",30000,0,331,196.1989,2,TRUE,245.3357,1,30000,0,0,2,1118012,245.3357,1611978,0.111000000000004,"C++",TRUE
1512,"A",30000,0,332,166.1741,2,TRUE,211.512233333333,1,30000,0,0,2,662132,211.512233333333,1423569,0.101999999999997,"C++",TRUE
1513,"A",30000,0,333,228.015633333333,2,TRUE,277.8225,1,30000,0,0,2,1273057,277.8225,1803927,0.122,"C++",TRUE
1514,"A",30000,0,334,198.8771,2,TRUE,248.657566666667,1,30000,0,0,2,1048004,248.657566666667,1648239,0.113,"C++",TRUE
1515,"A",30000,0,335,174.6928,2,TRUE,216.674133333333,1,30000,0,0,2,497018,216.674133333333,1506861,0.097999999999999,"C++",TRUE
1516,"A",30000,0,336,170.680066666667,2,TRUE,211.567733333333,1,30000,0,0,2,640740,211.567733333333,1397042,0.100000000000001,"C++",TRUE
1517,"A",30000,0,337,229.2081,2,TRUE,289.942066666667,1,30000,0,0,2,1673632,289.942066666667,1689001,0.109000000000002,"C++",TRUE
1518,"A",30000,0,338,215.934433333333,2,TRUE,269.6346,1,30000,0,0,2,1103908,269.6346,1791358,0.125,"C++",TRUE
1519,"A",30000,0,339,174.030433333333,2,TRUE,213.3822,1,30000,0,0,2,820211,213.3822,1425694,0.100000000000001,"C++",TRUE
1520,"A",30000,0,340,176.7799,2,TRUE,220.224033333333,1,30000,0,0,1,453769,220.224033333333,1559770,0.097999999999999,"C++",TRUE
1521,"A",30000,0,341,190.736333333333,2,TRUE,242.2253,1,30000,0,0,2,1136695,242.2253,1527542,0.0919999999999987,"C++",TRUE
1522,"A",30000,0,342,208.899666666667,3,TRUE,245.759733333333,2,0,30000,0,1,539401,245.759733333333,1663400,0.116999999999997,"C++",TRUE
1523,"A",30000,0,343,233.6701,2,TRUE,298.433566666667,1,30000,0,0,2,1807075,298.433566666667,1748803,0.106999999999999,"C++",TRUE
1524,"A",30000,0,344,205.0713,2,TRUE,270.960733333333,1,30000,0,0,2,1431451,270.960733333333,1551275,0.102000000000004,"C++",TRUE
1525,"A",30000,0,345,200.689533333333,2,TRUE,231.018966666667,1,30000,0,0,1,488199,231.018966666667,1703991,0.117999999999995,"C++",TRUE
1526,"A",30000,0,346,200.6361,2,TRUE,247.428133333333,1,30000,0,0,2,1059922,247.428133333333,1601017,0.107000000000006,"C++",TRUE
1527,"A",30000,0,347,176.2284,2,TRUE,215.048433333333,1,30000,0,0,1,507542,215.048433333333,1481450,0.097999999999999,"C++",TRUE
1528,"A",30000,0,348,243.366533333333,2,TRUE,298.536266666667,1,30000,0,0,2,1452205,298.536266666667,1777801,0.123999999999995,"C++",TRUE
1529,"A",30000,0,349,161.462966666667,3,TRUE,200.408633333333,2,0,30000,0,1,406085,200.408633333333,1186845,0.078000000000003,"C++",TRUE
1530,"A",30000,0,350,210.467466666667,2,TRUE,280.257566666667,1,30000,0,0,2,1744891,280.257566666667,1581945,0.106000000000002,"C++",TRUE
1531,"A",30000,0,351,233.784466666667,2,TRUE,313.4146,1,30000,0,0,2,1612137,313.4146,1832667,0.125,"C++",TRUE
1532,"A",30000,0,352,162.182266666667,2,TRUE,203.571266666667,1,30000,0,0,2,782323,203.571266666667,1352081,0.0929999999999964,"C++",TRUE
1533,"A",30000,0,353,203.633733333333,2,TRUE,229.1838,1,30000,0,0,2,667060,229.1838,1694348,0.117000000000004,"C++",TRUE
1534,"A",30000,0,354,219.691266666667,2,TRUE,263.6438,1,30000,0,0,2,897170,263.6438,1866860,0.126999999999995,"C++",TRUE
1535,"A",30000,0,355,198.6911,2,TRUE,224.2375,1,30000,0,0,2,695262,224.2375,1659129,0.113,"C++",TRUE
1536,"A",30000,0,356,216.617433333333,2,TRUE,262.785133333333,1,30000,0,0,2,1022918,262.785133333333,1836732,0.132000000000005,"C++",TRUE
1537,"A",30000,0,357,228.8863,3,TRUE,261.09,2,0,30000,0,1,360716,261.09,1817479,0.128999999999998,"C++",TRUE
1538,"A",30000,0,358,183.1513,2,TRUE,222.006433333333,1,30000,0,0,2,712869,222.006433333333,1552081,0.106000000000002,"C++",TRUE
1539,"A",30000,0,359,208.0529,2,TRUE,242.767533333333,1,30000,0,0,1,403281,242.767533333333,1799176,0.122,"C++",TRUE
1540,"A",30000,0,360,248.710133333333,2,TRUE,306.080833333333,1,30000,0,0,2,752841,306.080833333333,2185516,0.141999999999996,"C++",TRUE
1541,"A",30000,0,361,248.525366666667,2,TRUE,307.193833333333,1,30000,0,0,2,1681358,307.193833333333,1765573,0.111000000000004,"C++",TRUE
1542,"A",30000,0,362,240.3398,3,TRUE,276.276466666667,2,0,30000,0,1,397753,276.276466666667,1892741,0.137,"C++",TRUE
1543,"A",30000,0,363,237.114666666667,2,TRUE,282.5741,1,30000,0,0,2,758026,282.5741,2073128,0.141999999999996,"C++",TRUE
1544,"A",30000,0,364,164.589966666667,2,TRUE,198.6843,1,30000,0,0,2,685394,198.6843,1379048,0.0850000000000009,"C++",TRUE
1545,"A",30000,0,365,245.458266666667,2,TRUE,288.614133333333,1,30000,0,0,2,828105,288.614133333333,2120609,0.153000000000006,"C++",TRUE
1546,"A",30000,0,366,176.955566666667,2,TRUE,219.228933333333,1,30000,0,0,2,802807,219.228933333333,1491444,0.097999999999999,"C++",TRUE
1547,"A",30000,0,367,240.0855,2,TRUE,276.698533333333,1,30000,0,0,2,851452,276.698533333333,2023483,0.141999999999996,"C++",TRUE
1548,"A",30000,0,368,163.392666666667,2,TRUE,209.163933333333,1,30000,0,0,2,853233,209.163933333333,1355946,0.0940000000000012,"C++",TRUE
1549,"A",30000,0,369,233.867066666667,2,TRUE,287.155066666667,1,30000,0,0,2,1197704,287.155066666667,1919397,0.131,"C++",TRUE
1550,"A",30000,0,370,210.468233333333,3,TRUE,243.022233333333,2,0,30000,0,1,409636,243.022233333333,1703654,0.122,"C++",TRUE
1551,"A",30000,0,371,209.707833333333,2,TRUE,248.528933333333,1,30000,0,0,2,698972,248.528933333333,1817199,0.128,"C++",TRUE
1552,"A",30000,0,372,234.0169,2,TRUE,299.486366666667,1,30000,0,0,2,1371687,299.486366666667,1947183,0.137,"C++",TRUE
1553,"A",30000,0,373,255.3807,2,TRUE,310.962333333333,1,30000,0,0,2,1433833,310.962333333333,2028634,0.131,"C++",TRUE
1554,"A",30000,0,374,183.8358,3,TRUE,225.946633333333,2,0,30000,0,1,391510,225.946633333333,1479869,0.103000000000002,"C++",TRUE
1555,"A",30000,0,375,188.349466666667,2,TRUE,226.0206,1,30000,0,0,2,862521,226.0206,1531021,0.100000000000001,"C++",TRUE
1556,"A",30000,0,376,204.2879,2,TRUE,250.629,1,30000,0,0,2,964946,250.629,1712449,0.124000000000002,"C++",TRUE
1557,"A",30000,0,377,199.522766666667,2,TRUE,231.355533333333,1,30000,0,0,1,569756,231.355533333333,1713467,0.110999999999997,"C++",TRUE
1558,"A",30000,0,378,196.328433333333,2,TRUE,246.100433333333,1,30000,0,0,2,1163580,246.100433333333,1534771,0.0949999999999989,"C++",TRUE
1559,"A",30000,0,379,251.726866666667,2,TRUE,308.8864,1,30000,0,0,2,1448294,308.8864,1933285,0.119,"C++",TRUE
1560,"A",30000,0,380,284.158933333333,1,TRUE,297.0523,3,0,0,30000,2,741134,297.0523,2221657,0.146999999999998,"C++",TRUE
1561,"A",30000,0,381,212.473533333333,2,TRUE,299.821266666667,1,30000,0,0,2,2191369,299.821266666667,1573399,0.103999999999999,"C++",TRUE
1562,"A",30000,0,382,255.9033,2,TRUE,310.066966666667,1,30000,0,0,2,1194719,310.066966666667,2119011,0.146999999999998,"C++",TRUE
1563,"A",30000,0,383,143.945033333333,2,TRUE,180.800866666667,1,30000,0,0,1,653596,180.800866666667,1208991,0.0820000000000007,"C++",TRUE
1564,"A",30000,0,384,189.241066666667,2,TRUE,245.559033333333,1,30000,0,0,2,1055971,245.559033333333,1570143,0.105000000000004,"C++",TRUE
1565,"A",30000,0,385,206.8468,2,TRUE,274.625466666667,1,30000,0,0,2,1603788,274.625466666667,1538143,0.0949999999999989,"C++",TRUE
1566,"A",30000,0,386,198.623133333333,2,TRUE,237.394666666667,1,30000,0,0,2,627033,237.394666666667,1739506,0.113999999999997,"C++",TRUE
1567,"A",30000,0,387,237.955166666667,3,TRUE,281.796666666667,2,0,30000,0,2,559910,281.796666666667,1864915,0.128,"C++",TRUE
1568,"A",30000,0,388,179.955566666667,2,TRUE,248.250766666667,1,30000,0,0,2,1419975,248.250766666667,1397017,0.0930000000000035,"C++",TRUE
1569,"A",30000,0,389,191.5502,3,TRUE,234.8515,2,0,30000,0,1,379787,234.8515,1464552,0.0999999999999943,"C++",TRUE
1570,"A",30000,0,390,216.3128,2,TRUE,270.814133333333,1,30000,0,0,2,1390581,270.814133333333,1637341,0.103999999999999,"C++",TRUE
1571,"A",30000,0,391,157.505666666667,2,TRUE,207.929966666667,1,30000,0,0,1,831974,207.929966666667,1357316,0.0940000000000012,"C++",TRUE
1572,"A",30000,0,392,200.004566666667,2,TRUE,251.860933333333,1,30000,0,0,2,1259680,251.860933333333,1581725,0.113,"C++",TRUE
1573,"A",30000,0,393,205.779333333333,2,TRUE,253.663466666667,1,30000,0,0,2,834134,253.663466666667,1744608,0.113,"C++",TRUE
1574,"A",30000,0,394,216.2591,3,TRUE,252.415066666667,2,0,30000,0,1,391862,252.415066666667,1730886,0.115000000000002,"C++",TRUE
1575,"A",30000,0,395,250.229466666667,2,TRUE,315.8379,1,30000,0,0,2,1698260,315.8379,1845903,0.116,"C++",TRUE
1576,"A",30000,0,396,203.718566666667,2,TRUE,243.8048,1,30000,0,0,2,923948,243.8048,1680872,0.109000000000002,"C++",TRUE
1577,"A",30000,0,397,168.339866666667,2,TRUE,219.847433333333,1,30000,0,0,2,1327030,219.847433333333,1294957,0.0940000000000012,"C++",TRUE
1578,"A",30000,0,398,211.843933333333,3,TRUE,239.022133333333,2,0,30000,0,1,358671,239.022133333333,1723642,0.119999999999997,"C++",TRUE
1579,"A",30000,0,399,211.7406,2,TRUE,268.399866666667,1,30000,0,0,2,1070935,268.399866666667,1754160,0.111000000000004,"C++",TRUE
1580,"A",30000,0,400,168.952966666667,2,TRUE,195.178833333333,1,30000,0,0,1,448298,195.178833333333,1371106,0.0819999999999936,"C++",TRUE
1581,"A",30000,0,401,206.207566666667,2,TRUE,235.564966666667,1,30000,0,0,1,455161,235.564966666667,1754554,0.111000000000004,"C++",TRUE
1582,"A",30000,0,402,231.875766666667,2,TRUE,304.004066666667,1,30000,0,0,2,1900995,304.004066666667,1742536,0.130000000000003,"C++",TRUE
1583,"A",30000,0,403,226.1175,2,TRUE,348.307833333333,1,30000,0,0,2,2950797,348.307833333333,1620327,0.104999999999997,"C++",TRUE
1584,"A",30000,0,404,216.299233333333,2,TRUE,285.129566666667,1,30000,0,0,2,1665753,285.129566666667,1585715,0.115000000000002,"C++",TRUE
1585,"A",30000,0,405,298.909933333333,2,TRUE,381.953566666667,1,30000,0,0,2,2131472,381.953566666667,2334728,0.158000000000001,"C++",TRUE
1586,"A",30000,0,406,185.023666666667,2,TRUE,241.9776,1,30000,0,0,2,1264517,241.9776,1443150,0.0989999999999966,"C++",TRUE
1587,"A",30000,0,407,161.477033333333,3,TRUE,209.3382,2,0,30000,0,1,382815,209.3382,1256888,0.0930000000000035,"C++",TRUE
1588,"A",30000,0,408,212.569633333333,2,TRUE,251.581866666667,1,30000,0,0,2,979985,251.581866666667,1785120,0.128999999999998,"C++",TRUE
1589,"A",30000,0,409,234.476,2,TRUE,269.666566666667,1,30000,0,0,2,615320,269.666566666667,2035468,0.140000000000001,"C++",TRUE
1590,"A",30000,0,410,221.9695,3,TRUE,257.948066666667,2,0,30000,0,1,360935,257.948066666667,1840579,0.122,"C++",TRUE
1591,"A",30000,0,411,187.7978,2,TRUE,235.627433333333,1,30000,0,0,2,828349,235.627433333333,1584467,0.100999999999999,"C++",TRUE
1592,"A",30000,0,412,174.057166666667,2,TRUE,205.3496,1,30000,0,0,1,420716,205.3496,1453780,0.106000000000002,"C++",TRUE
1593,"A",30000,0,413,206.6139,2,TRUE,256.1422,1,30000,0,0,2,1234311,256.1422,1579024,0.114000000000004,"C++",TRUE
1594,"A",30000,0,414,178.7761,2,TRUE,226.300266666667,1,30000,0,0,2,808820,226.300266666667,1487692,0.0929999999999964,"C++",TRUE
1595,"A",30000,0,415,220.537033333333,2,TRUE,281.122333333333,1,30000,0,0,2,1340598,281.122333333333,1777733,0.116999999999997,"C++",TRUE
1596,"A",30000,0,416,204.8869,2,TRUE,248.3112,1,30000,0,0,2,986187,248.3112,1704926,0.102000000000004,"C++",TRUE
1597,"A",30000,0,417,170.2751,2,TRUE,218.747966666667,1,30000,0,0,2,808342,218.747966666667,1423127,0.0929999999999964,"C++",TRUE
1598,"A",30000,0,418,237.789133333333,2,TRUE,297.112733333333,1,30000,0,0,2,1072654,297.112733333333,1999089,0.140000000000001,"C++",TRUE
1599,"A",30000,0,419,156.117866666667,2,TRUE,196.491066666667,1,30000,0,0,2,855748,196.491066666667,1289173,0.0889999999999986,"C++",TRUE
1600,"A",30000,0,420,182.4642,2,TRUE,200.716633333333,1,30000,0,0,1,378661,200.716633333333,1520021,0.102000000000004,"C++",TRUE
1601,"A",30000,0,421,156.904433333333,2,TRUE,199.0951,1,30000,0,0,2,893120,199.0951,1290369,0.0839999999999961,"C++",TRUE
1602,"A",30000,0,422,252.8041,1,TRUE,269.9526,3,0,0,30000,2,828539,269.9526,1833804,0.131,"C++",TRUE
1603,"A",30000,0,423,181.933366666667,2,TRUE,215.823066666667,1,30000,0,0,2,660934,215.823066666667,1552578,0.103000000000002,"C++",TRUE
1604,"A",30000,0,424,158.831933333333,2,TRUE,199.330433333333,1,30000,0,0,1,573202,199.330433333333,1362582,0.0889999999999986,"C++",TRUE
1605,"A",30000,0,425,211.195433333333,2,TRUE,257.8265,1,30000,0,0,2,871984,257.8265,1809400,0.123000000000005,"C++",TRUE
1606,"A",30000,0,426,179.528833333333,3,TRUE,209.982966666667,2,0,30000,0,1,397868,209.982966666667,1408150,0.0949999999999989,"C++",TRUE
1607,"A",30000,0,427,226.832633333333,2,TRUE,274.105533333333,1,30000,0,0,2,1231708,274.105533333333,1826647,0.128,"C++",TRUE
1608,"A",30000,0,428,128.886466666667,2,TRUE,162.7585,1,30000,0,0,1,473814,162.7585,1051265,0.070999999999998,"C++",TRUE
1609,"A",30000,0,429,240.0545,2,TRUE,284.649833333333,1,30000,0,0,2,1125558,284.649833333333,1939736,0.131999999999998,"C++",TRUE
1610,"A",30000,0,430,163.922433333333,2,TRUE,201.874833333333,1,30000,0,0,2,781679,201.874833333333,1376738,0.0900000000000034,"C++",TRUE
1611,"A",30000,0,431,172.8133,2,TRUE,221.1002,1,30000,0,0,2,1220078,221.1002,1319981,0.0839999999999961,"C++",TRUE
1612,"A",30000,0,432,227.464866666667,2,TRUE,298.531166666667,1,30000,0,0,2,1818238,298.531166666667,1581862,0.100000000000001,"C++",TRUE
1613,"A",30000,0,433,144.741233333333,2,TRUE,178.019,1,30000,0,0,1,494177,178.019,1222234,0.0870000000000033,"C++",TRUE
1614,"A",30000,0,434,215.272366666667,2,TRUE,266.901933333333,1,30000,0,0,2,1170448,266.901933333333,1730488,0.122,"C++",TRUE
1615,"A",30000,0,435,248.2376,1,TRUE,253.561866666667,3,0,0,30000,2,778007,253.561866666667,1734580,0.113999999999997,"C++",TRUE
1616,"A",30000,0,436,181.104933333333,2,TRUE,220.3437,1,30000,0,0,1,573797,220.3437,1543688,0.0970000000000013,"C++",TRUE
1617,"A",30000,0,437,201.639733333333,1,TRUE,221.225033333333,3,0,0,30000,2,1040539,221.225033333333,1261938,0.0749999999999957,"C++",TRUE
1618,"A",30000,0,438,221.663233333333,2,TRUE,292.0521,1,30000,0,0,2,1857042,292.0521,1664528,0.103000000000002,"C++",TRUE
1619,"A",30000,0,439,182.757366666667,2,TRUE,228.989433333333,1,30000,0,0,2,887342,228.989433333333,1509565,0.0949999999999989,"C++",TRUE
1620,"A",30000,0,440,205.5465,2,TRUE,254.935933333333,1,30000,0,0,2,1111192,254.935933333333,1655797,0.113000000000007,"C++",TRUE
1621,"A",30000,0,441,226.2255,2,TRUE,278.135233333333,1,30000,0,0,2,1103744,278.135233333333,1879484,0.127999999999993,"C++",TRUE
1622,"A",30000,0,442,158.4203,2,TRUE,202.184233333333,1,30000,0,0,2,695429,202.184233333333,1321952,0.0949999999999989,"C++",TRUE
1623,"A",30000,0,443,231.564266666667,2,TRUE,326.876566666667,1,30000,0,0,2,2324069,326.876566666667,1741433,0.116,"C++",TRUE
1624,"A",30000,0,444,237.0879,2,TRUE,311.3005,1,30000,0,0,2,1843490,311.3005,1803184,0.126000000000005,"C++",TRUE
1625,"A",30000,0,445,195.5998,2,TRUE,247.0331,1,30000,0,0,2,1267401,247.0331,1520654,0.0999999999999943,"C++",TRUE
1626,"A",30000,0,446,182.994233333333,2,TRUE,229.5347,1,30000,0,0,2,810775,229.5347,1529008,0.112000000000002,"C++",TRUE
1627,"A",30000,0,447,186.956066666667,2,TRUE,226.732966666667,1,30000,0,0,2,667749,226.732966666667,1612118,0.115000000000002,"C++",TRUE
1628,"A",30000,0,448,192.8417,2,TRUE,252.688266666667,1,30000,0,0,2,1457981,252.688266666667,1438690,0.0910000000000011,"C++",TRUE
1629,"A",30000,0,449,167.3838,2,TRUE,198.239333333333,1,30000,0,0,1,470857,198.239333333333,1447122,0.0959999999999965,"C++",TRUE
1630,"A",30000,0,450,187.474066666667,2,TRUE,220.987166666667,1,30000,0,0,2,659029,220.987166666667,1615617,0.111000000000004,"C++",TRUE
1631,"A",30000,0,451,263.887433333333,3,TRUE,298.823433333333,2,0,30000,0,2,633214,298.823433333333,2081008,0.144999999999996,"C++",TRUE
1632,"A",30000,0,452,201.5861,2,TRUE,251.279033333333,1,30000,0,0,2,943593,251.279033333333,1686372,0.109000000000002,"C++",TRUE
1633,"A",30000,0,453,204.708533333333,2,TRUE,237.332533333333,1,30000,0,0,1,433641,237.332533333333,1793631,0.121000000000002,"C++",TRUE
1634,"A",30000,0,454,171.897566666667,2,TRUE,212.1196,1,30000,0,0,2,637308,212.1196,1473748,0.0929999999999964,"C++",TRUE
1635,"A",30000,0,455,213.5565,2,TRUE,267.902766666667,1,30000,0,0,2,1081069,267.902766666667,1768041,0.118000000000002,"C++",TRUE
1636,"A",30000,0,456,178.3906,2,TRUE,221.1322,1,30000,0,0,2,703786,221.1322,1515951,0.103999999999999,"C++",TRUE
1637,"A",30000,0,457,229.210266666667,3,TRUE,275.788166666667,2,0,30000,0,1,460478,275.788166666667,1757279,0.121000000000002,"C++",TRUE
1638,"A",30000,0,458,136.657766666667,2,TRUE,175.207,1,30000,0,0,1,531088,175.207,1148393,0.0739999999999981,"C++",TRUE
1639,"A",30000,0,459,179.8075,2,TRUE,232.635133333333,1,30000,0,0,2,1008661,232.635133333333,1476810,0.100000000000001,"C++",TRUE
1640,"A",30000,0,460,186.0213,2,TRUE,240.4684,1,30000,0,0,2,1077872,240.4684,1487696,0.0999999999999943,"C++",TRUE
1641,"A",30000,0,461,236.146366666667,2,TRUE,284.977966666667,1,30000,0,0,2,1289431,284.977966666667,1872672,0.132000000000005,"C++",TRUE
1642,"A",30000,0,462,168.487,2,TRUE,206.5842,1,30000,0,0,2,756919,206.5842,1428422,0.0940000000000012,"C++",TRUE
1643,"A",30000,0,463,200.436466666667,2,TRUE,253.076766666667,1,30000,0,0,2,1220771,253.076766666667,1584874,0.106999999999999,"C++",TRUE
1644,"A",30000,0,464,231.896833333333,2,TRUE,279.180833333333,1,30000,0,0,2,1138847,279.180833333333,1904648,0.134,"C++",TRUE
1645,"A",30000,0,465,232.307033333333,2,TRUE,289.492133333333,1,30000,0,0,2,1403439,289.492133333333,1819667,0.119,"C++",TRUE
1646,"A",30000,0,466,152.867166666667,2,TRUE,193.321633333333,1,30000,0,0,1,604510,193.321633333333,1300650,0.0870000000000033,"C++",TRUE
1647,"A",30000,0,467,224.2623,2,TRUE,255.164766666667,1,30000,0,0,1,436074,255.164766666667,1955154,0.137,"C++",TRUE
1648,"A",30000,0,468,201.060266666667,2,TRUE,263.450233333333,1,30000,0,0,2,1426679,263.450233333333,1507596,0.0919999999999987,"C++",TRUE
1649,"A",30000,0,469,247.903366666667,2,TRUE,305.929433333333,1,30000,0,0,2,1561763,305.929433333333,1852267,0.112000000000002,"C++",TRUE
1650,"A",30000,0,470,177.97,2,TRUE,217.689666666667,1,30000,0,0,2,669814,217.689666666667,1480114,0.0929999999999964,"C++",TRUE
1651,"A",30000,0,471,242.814566666667,2,TRUE,281.995266666667,1,30000,0,0,2,924338,281.995266666667,2051625,0.138000000000005,"C++",TRUE
1652,"A",30000,0,472,245.189033333333,2,TRUE,300.5591,1,30000,0,0,2,1054196,300.5591,2053128,0.148999999999994,"C++",TRUE
1653,"A",30000,0,473,172.242933333333,2,TRUE,222.034133333333,1,30000,0,0,2,873417,222.034133333333,1413488,0.0910000000000011,"C++",TRUE
1654,"A",30000,0,474,201.832133333333,2,TRUE,240.3245,1,30000,0,0,2,777416,240.3245,1713102,0.114000000000004,"C++",TRUE
1655,"A",30000,0,475,231.586233333333,2,TRUE,282.3685,1,30000,0,0,2,1106950,282.3685,1888574,0.122,"C++",TRUE
1656,"A",30000,0,476,209.0435,3,TRUE,251.8411,2,0,30000,0,1,449655,251.8411,1633763,0.113,"C++",TRUE
1657,"A",30000,0,477,196.6565,2,TRUE,249.629566666667,1,30000,0,0,2,1222259,249.629566666667,1520866,0.101999999999997,"C++",TRUE
1658,"A",30000,0,478,227.738733333333,2,TRUE,293.153133333333,1,30000,0,0,2,1553112,293.153133333333,1773737,0.119,"C++",TRUE
1659,"A",30000,0,479,184.8513,2,TRUE,226.9342,1,30000,0,0,2,693814,226.9342,1574534,0.109000000000002,"C++",TRUE
1660,"A",30000,0,480,174.121233333333,2,TRUE,210.671666666667,1,30000,0,0,1,613763,210.671666666667,1492769,0.107999999999997,"C++",TRUE
1661,"A",30000,0,481,151.7907,2,TRUE,198.6133,1,30000,0,0,2,984123,198.6133,1235650,0.0810000000000031,"C++",TRUE
1662,"A",30000,0,482,238.098733333333,2,TRUE,300.292366666667,1,30000,0,0,2,1274201,300.292366666667,1935323,0.128,"C++",TRUE
1663,"A",30000,0,483,192.613466666667,2,TRUE,243.601133333333,1,30000,0,0,2,1052772,243.601133333333,1608028,0.113,"C++",TRUE
1664,"A",30000,0,484,164.826966666667,2,TRUE,194.0787,1,30000,0,0,2,626606,194.0787,1392965,0.097999999999999,"C++",TRUE
1665,"A",30000,0,485,224.102366666667,2,TRUE,283.0214,1,30000,0,0,2,1507237,283.0214,1679914,0.106000000000002,"C++",TRUE
1666,"A",30000,0,486,143.4788,2,TRUE,179.829166666667,1,30000,0,0,1,429775,179.829166666667,1225279,0.0820000000000007,"C++",TRUE
1667,"A",30000,0,487,203.703433333333,2,TRUE,235.6342,1,30000,0,0,2,520556,235.6342,1702659,0.103999999999999,"C++",TRUE
1668,"A",30000,0,488,174.889733333333,2,TRUE,226.665466666667,1,30000,0,0,2,1190722,226.665466666667,1396858,0.0869999999999962,"C++",TRUE
1669,"A",30000,0,489,259.621566666667,3,TRUE,303.714133333333,2,0,30000,0,1,424068,303.714133333333,2097065,0.146000000000001,"C++",TRUE
1670,"A",30000,0,490,259.648033333333,2,TRUE,308.543866666667,1,30000,0,0,2,1168870,308.543866666667,2133366,0.137,"C++",TRUE
1671,"A",30000,0,491,207.245166666667,2,TRUE,271.637866666667,1,30000,0,0,2,1557457,271.637866666667,1617313,0.104999999999997,"C++",TRUE
1672,"A",30000,0,492,174.755866666667,2,TRUE,211.1413,1,30000,0,0,2,733990,211.1413,1462114,0.108000000000004,"C++",TRUE
1673,"A",30000,0,493,184.6069,2,TRUE,235.272733333333,1,30000,0,0,2,926126,235.272733333333,1585194,0.106000000000002,"C++",TRUE
1674,"A",30000,0,494,172.294366666667,3,TRUE,212.2561,2,0,30000,0,1,430118,212.2561,1316959,0.0940000000000012,"C++",TRUE
1675,"A",30000,0,495,270.150066666667,2,TRUE,344.2257,1,30000,0,0,2,1818235,344.2257,2130635,0.142999999999994,"C++",TRUE
1676,"A",30000,0,496,203.909233333333,2,TRUE,228.5837,1,30000,0,0,1,578247,228.5837,1705709,0.117000000000004,"C++",TRUE
1677,"A",30000,0,497,236.9918,2,TRUE,237.6401,3,0,0,30000,3,1045672,237.6401,1427540,0.0940000000000012,"C++",TRUE
1678,"A",30000,0,498,225.899866666667,2,TRUE,291.326966666667,1,30000,0,0,2,1751370,291.326966666667,1572265,0.104999999999997,"C++",TRUE
1679,"A",30000,0,499,165.657466666667,2,TRUE,208.8366,1,30000,0,0,2,821690,208.8366,1401492,0.097999999999999,"C++",TRUE
1680,"A",30000,0,500,177.070533333333,2,TRUE,210.5285,1,30000,0,0,1,543342,210.5285,1490090,0.102000000000004,"C++",TRUE
1681,"A",30000,0,501,181.375666666667,2,TRUE,219.4865,1,30000,0,0,1,468865,219.4865,1581789,0.111999999999995,"C++",TRUE
1682,"A",30000,0,502,242.562233333333,2,TRUE,296.788666666667,1,30000,0,0,2,1229973,296.788666666667,1962724,0.136000000000003,"C++",TRUE
1683,"A",30000,0,503,171.889566666667,2,TRUE,207.621066666667,1,30000,0,0,2,674136,207.621066666667,1458207,0.097999999999999,"C++",TRUE
1684,"A",30000,0,504,155.943533333333,2,TRUE,204.561866666667,1,30000,0,0,2,907452,204.561866666667,1257150,0.0889999999999986,"C++",TRUE
1685,"A",30000,0,505,206.3686,2,TRUE,240.135966666667,1,30000,0,0,2,749591,240.135966666667,1734365,0.113999999999997,"C++",TRUE
1686,"A",30000,0,506,215.2701,2,TRUE,267.450266666667,1,30000,0,0,2,940427,267.450266666667,1792288,0.117000000000004,"C++",TRUE
1687,"A",30000,0,507,182.4096,3,TRUE,222.914166666667,2,0,30000,0,1,457142,222.914166666667,1377831,0.0869999999999962,"C++",TRUE
1688,"A",30000,0,508,180.7529,3,TRUE,222.446133333333,2,0,30000,0,1,403715,222.446133333333,1427261,0.0920000000000059,"C++",TRUE
1689,"A",30000,0,509,163.808133333333,2,TRUE,192.833833333333,1,30000,0,0,1,619491,192.833833333333,1361514,0.090999999999994,"C++",TRUE
1690,"A",30000,0,510,205.0646,3,TRUE,240.270733333333,2,0,30000,0,2,610384,240.270733333333,1499935,0.105000000000004,"C++",TRUE
1691,"A",30000,0,511,191.1247,2,TRUE,231.122233333333,1,30000,0,0,2,950047,231.122233333333,1553260,0.103999999999999,"C++",TRUE
1692,"A",30000,0,512,220.910433333333,2,TRUE,258.119966666667,1,30000,0,0,2,687938,258.119966666667,1921386,0.128999999999998,"C++",TRUE
1693,"A",30000,0,513,215.169333333333,2,TRUE,286.300166666667,1,30000,0,0,2,1769149,286.300166666667,1533747,0.100000000000001,"C++",TRUE
1694,"A",30000,0,514,219.770666666667,2,TRUE,274.739233333333,1,30000,0,0,2,1320472,274.739233333333,1717191,0.115000000000002,"C++",TRUE
1695,"A",30000,0,515,257.604533333333,3,TRUE,282.9579,2,0,30000,0,1,327487,282.9579,2071986,0.152999999999999,"C++",TRUE
1696,"A",30000,0,516,174.904833333333,2,TRUE,221.932433333333,1,30000,0,0,2,987333,221.932433333333,1414996,0.097999999999999,"C++",TRUE
1697,"A",30000,0,517,150.057366666667,2,TRUE,189.4535,1,30000,0,0,1,584551,189.4535,1281871,0.0859999999999985,"C++",TRUE
1698,"A",30000,0,518,263.4542,3,TRUE,304.114933333333,2,0,30000,0,1,463619,304.114933333333,2089332,0.150000000000006,"C++",TRUE
1699,"A",30000,0,519,289.070366666667,2,TRUE,369.5973,1,30000,0,0,2,2310248,369.5973,2133354,0.140999999999998,"C++",TRUE
1700,"A",30000,0,520,222.809833333333,2,TRUE,285.0532,1,30000,0,0,2,1587016,285.0532,1666896,0.113,"C++",TRUE
1701,"A",30000,0,521,202.9194,2,TRUE,249.403366666667,1,30000,0,0,2,1135962,249.403366666667,1551260,0.106000000000002,"C++",TRUE
1702,"A",30000,0,522,200.5632,1,TRUE,201.927733333333,3,0,0,30000,2,778071,201.927733333333,1262414,0.0839999999999961,"C++",TRUE
1703,"A",30000,0,523,161.351933333333,2,TRUE,196.040233333333,1,30000,0,0,1,661178,196.040233333333,1377490,0.0919999999999987,"C++",TRUE
1704,"A",30000,0,524,192.646033333333,2,TRUE,233.366066666667,1,30000,0,0,2,687996,233.366066666667,1666458,0.115000000000002,"C++",TRUE
1705,"A",30000,0,525,196.732366666667,2,TRUE,265.0407,1,30000,0,0,2,1551569,265.0407,1465374,0.0940000000000012,"C++",TRUE
1706,"A",30000,0,526,237.126133333333,2,TRUE,312.6021,1,30000,0,0,2,2053507,312.6021,1708630,0.100000000000001,"C++",TRUE
1707,"A",30000,0,527,197.1798,2,TRUE,260.6465,1,30000,0,0,2,1642731,260.6465,1445199,0.088000000000001,"C++",TRUE
1708,"A",30000,0,528,207.604966666667,1,TRUE,220.002033333333,3,0,0,30000,2,752842,220.002033333333,1402407,0.0869999999999962,"C++",TRUE
1709,"A",30000,0,529,255.9379,2,TRUE,326.9585,1,30000,0,0,2,1838482,326.9585,1745122,0.109000000000002,"C++",TRUE
1710,"A",30000,0,530,232.539833333333,2,TRUE,266.2809,1,30000,0,0,2,730989,266.2809,2011180,0.152999999999999,"C++",TRUE
1711,"A",30000,0,531,196.2125,2,TRUE,234.9263,1,30000,0,0,2,880852,234.9263,1607577,0.109000000000002,"C++",TRUE
1712,"A",30000,0,532,234.435033333333,2,TRUE,293.1219,1,30000,0,0,2,1405839,293.1219,1868151,0.119,"C++",TRUE
1713,"A",30000,0,533,244.7462,2,TRUE,305.383233333333,1,30000,0,0,2,1388904,305.383233333333,1951270,0.131,"C++",TRUE
1714,"A",30000,0,534,239.7715,2,TRUE,294.6054,1,30000,0,0,2,1429390,294.6054,1828426,0.123999999999995,"C++",TRUE
1715,"A",30000,0,535,251.964666666667,2,TRUE,301.569833333333,1,30000,0,0,2,1260034,301.569833333333,2031982,0.146000000000001,"C++",TRUE
1716,"A",30000,0,536,229.889,2,TRUE,292.410166666667,1,30000,0,0,2,1650778,292.410166666667,1781864,0.119,"C++",TRUE
1717,"A",30000,0,537,129.242666666667,2,TRUE,160.373233333333,1,30000,0,0,1,412337,160.373233333333,1118117,0.078000000000003,"C++",TRUE
1718,"A",30000,0,538,219.168633333333,2,TRUE,278.539533333333,1,30000,0,0,2,1603002,278.539533333333,1575388,0.112000000000002,"C++",TRUE
1719,"A",30000,0,539,139.6775,2,TRUE,171.013966666667,1,30000,0,0,1,421448,171.013966666667,1153576,0.0779999999999959,"C++",TRUE
1720,"A",30000,0,540,178.949933333333,2,TRUE,217.4543,1,30000,0,0,2,722365,217.4543,1529543,0.109000000000002,"C++",TRUE
1721,"A",30000,0,541,186.6759,2,TRUE,230.139366666667,1,30000,0,0,2,819011,230.139366666667,1578744,0.109000000000002,"C++",TRUE
1722,"A",30000,0,542,248.0967,2,TRUE,282.198733333333,1,30000,0,0,1,423917,282.198733333333,2197096,0.149999999999999,"C++",TRUE
1723,"A",30000,0,543,190.302766666667,2,TRUE,245.365366666667,1,30000,0,0,2,1154618,245.365366666667,1499907,0.101999999999997,"C++",TRUE
1724,"A",30000,0,544,211.073533333333,2,TRUE,255.280166666667,1,30000,0,0,2,920160,255.280166666667,1786559,0.118000000000002,"C++",TRUE
1725,"A",30000,0,545,225.3269,2,TRUE,283.534233333333,1,30000,0,0,2,1380120,283.534233333333,1842372,0.109000000000002,"C++",TRUE
1726,"A",30000,0,546,181.436533333333,2,TRUE,238.5868,1,30000,0,0,2,998631,238.5868,1460890,0.0989999999999966,"C++",TRUE
1727,"A",30000,0,547,237.055733333333,2,TRUE,295.875666666667,1,30000,0,0,2,1474109,295.875666666667,1796255,0.109999999999999,"C++",TRUE
1728,"A",30000,0,548,222.9186,2,TRUE,279.320033333333,1,30000,0,0,2,1411172,279.320033333333,1767060,0.119,"C++",TRUE
1729,"A",30000,0,549,209.506433333333,2,TRUE,296.896866666667,1,30000,0,0,2,2012521,296.896866666667,1529263,0.103000000000002,"C++",TRUE
1730,"A",30000,0,550,182.762866666667,2,TRUE,218.211633333333,1,30000,0,0,2,843673,218.211633333333,1487694,0.0970000000000013,"C++",TRUE
1731,"A",30000,0,551,244.067666666667,3,TRUE,290.738233333333,2,0,30000,0,2,601351,290.738233333333,1933981,0.128999999999998,"C++",TRUE
1732,"A",30000,0,552,189.951866666667,2,TRUE,230.259433333333,1,30000,0,0,2,744756,230.259433333333,1617955,0.122,"C++",TRUE
1733,"A",30000,0,553,177.651133333333,3,TRUE,213.6749,2,0,30000,0,1,397443,213.6749,1398615,0.0910000000000011,"C++",TRUE
1734,"A",30000,0,554,167.2595,2,TRUE,212.0192,1,30000,0,0,2,786166,212.0192,1349969,0.0889999999999986,"C++",TRUE
1735,"A",30000,0,555,228.520633333333,2,TRUE,283.775466666667,1,30000,0,0,2,1371867,283.775466666667,1746860,0.118000000000002,"C++",TRUE
1736,"A",30000,0,556,235.4678,2,TRUE,294.970966666667,1,30000,0,0,2,1090425,294.970966666667,1942248,0.142000000000003,"C++",TRUE
1737,"A",30000,0,557,139.355633333333,2,TRUE,164.433033333333,1,30000,0,0,1,420348,164.433033333333,1161791,0.0769999999999982,"C++",TRUE
1738,"A",30000,0,558,168.750566666667,2,TRUE,216.467133333333,1,30000,0,0,2,825439,216.467133333333,1406774,0.0910000000000011,"C++",TRUE
1739,"A",30000,0,559,168.668533333333,2,TRUE,210.167366666667,1,30000,0,0,2,878013,210.167366666667,1415054,0.100000000000001,"C++",TRUE
1740,"A",30000,0,560,196.614333333333,2,TRUE,236.075,1,30000,0,0,2,830698,236.075,1653402,0.113,"C++",TRUE
1741,"A",30000,0,561,165.6911,2,TRUE,213.352433333333,1,30000,0,0,1,508364,213.352433333333,1439816,0.0929999999999964,"C++",TRUE
1742,"A",30000,0,562,272.1037,2,TRUE,337.001133333333,1,30000,0,0,2,1763461,337.001133333333,2016422,0.137999999999998,"C++",TRUE
1743,"A",30000,0,563,227.165633333333,2,TRUE,271.0206,1,30000,0,0,2,1042896,271.0206,1881809,0.125,"C++",TRUE
1744,"A",30000,0,564,231.275533333333,2,TRUE,302.903733333333,1,30000,0,0,2,1922351,302.903733333333,1682742,0.100999999999999,"C++",TRUE
1745,"A",30000,0,565,199.303766666667,2,TRUE,268.1344,1,30000,0,0,2,1737317,268.1344,1442504,0.0859999999999985,"C++",TRUE
1746,"A",30000,0,566,182.419733333333,2,TRUE,219.0263,1,30000,0,0,2,639302,219.0263,1552202,0.106000000000002,"C++",TRUE
1747,"A",30000,0,567,232.161866666667,2,TRUE,306.112133333333,1,30000,0,0,2,1593408,306.112133333333,1765958,0.116,"C++",TRUE
1748,"A",30000,0,568,229.5279,2,TRUE,294.110866666667,1,30000,0,0,2,1428160,294.110866666667,1802782,0.124000000000002,"C++",TRUE
1749,"A",30000,0,569,223.760933333333,2,TRUE,285.544833333333,1,30000,0,0,2,1478748,285.544833333333,1705299,0.104999999999997,"C++",TRUE
1750,"A",30000,0,570,170.5779,2,TRUE,202.0757,1,30000,0,0,1,492475,202.0757,1448164,0.102000000000004,"C++",TRUE
1751,"A",30000,0,571,232.2012,2,TRUE,301.545366666667,1,30000,0,0,2,1773175,301.545366666667,1696553,0.112000000000002,"C++",TRUE
1752,"A",30000,0,572,217.902533333333,2,TRUE,280.785366666667,1,30000,0,0,2,1394295,280.785366666667,1694131,0.109999999999999,"C++",TRUE
1753,"A",30000,0,573,200.652166666667,2,TRUE,250.313433333333,1,30000,0,0,2,1100716,250.313433333333,1633777,0.121000000000002,"C++",TRUE
1754,"A",30000,0,574,199.066766666667,2,TRUE,258.056433333333,1,30000,0,0,2,1178882,258.056433333333,1591290,0.102999999999994,"C++",TRUE
1755,"A",30000,0,575,171.175966666667,2,TRUE,206.315,1,30000,0,0,1,493535,206.315,1473444,0.110000000000007,"C++",TRUE
1756,"A",30000,0,576,161.4687,2,TRUE,197.802733333333,1,30000,0,0,1,741369,197.802733333333,1312658,0.090999999999994,"C++",TRUE
1757,"A",30000,0,577,253.326066666667,2,TRUE,324.430533333333,1,30000,0,0,2,1671080,324.430533333333,1895794,0.131,"C++",TRUE
1758,"A",30000,0,578,139.772966666667,2,TRUE,170.8023,1,30000,0,0,1,462723,170.8023,1208290,0.0810000000000031,"C++",TRUE
1759,"A",30000,0,579,199.8344,2,TRUE,260.071333333333,1,30000,0,0,2,1274177,260.071333333333,1614082,0.109999999999999,"C++",TRUE
1760,"A",30000,0,580,213.920133333333,2,TRUE,257.901466666667,1,30000,0,0,2,1077217,257.901466666667,1741902,0.112000000000002,"C++",TRUE
1761,"A",30000,0,581,206.266433333333,2,TRUE,268.993766666667,1,30000,0,0,2,1369508,268.993766666667,1562553,0.100999999999999,"C++",TRUE
1762,"A",30000,0,582,235.511666666667,3,TRUE,276.4906,2,0,30000,0,1,367196,276.4906,1955684,0.140999999999998,"C++",TRUE
1763,"A",30000,0,583,229.020366666667,2,TRUE,312.3261,1,30000,0,0,2,1644870,312.3261,1698073,0.106999999999999,"C++",TRUE
1764,"A",30000,0,584,253.935966666667,2,TRUE,334.8043,1,30000,0,0,2,2243210,334.8043,1787678,0.109000000000002,"C++",TRUE
1765,"A",30000,0,585,186.436433333333,2,TRUE,223.396433333333,1,30000,0,0,2,620109,223.396433333333,1548348,0.0959999999999965,"C++",TRUE
1766,"A",30000,0,586,162.925233333333,2,TRUE,194.9717,1,30000,0,0,2,600818,194.9717,1383555,0.088000000000001,"C++",TRUE
1767,"A",30000,0,587,197.470966666667,2,TRUE,253.688066666667,1,30000,0,0,2,1137555,253.688066666667,1623043,0.105000000000004,"C++",TRUE
1768,"A",30000,0,588,213.007,3,TRUE,239.899866666667,2,0,30000,0,1,410893,239.899866666667,1677222,0.116999999999997,"C++",TRUE
1769,"A",30000,0,589,242.888533333333,2,TRUE,298.607233333333,1,30000,0,0,2,1285860,298.607233333333,1949065,0.133000000000003,"C++",TRUE
1770,"A",30000,0,590,228.505366666667,3,TRUE,266.406366666667,2,0,30000,0,1,404923,266.406366666667,1792116,0.117999999999995,"C++",TRUE
1771,"A",30000,0,591,226.093033333333,3,TRUE,266.027366666667,2,0,30000,0,1,480560,266.027366666667,1783820,0.128,"C++",TRUE
1772,"A",30000,0,592,188.507366666667,2,TRUE,227.884766666667,1,30000,0,0,2,849534,227.884766666667,1591284,0.107000000000006,"C++",TRUE
1773,"A",30000,0,593,147.3893,2,TRUE,188.4261,1,30000,0,0,2,673494,188.4261,1263182,0.0839999999999961,"C++",TRUE
1774,"A",30000,0,594,301.3718,1,TRUE,310.635166666667,3,0,0,30000,2,827281,310.635166666667,2213640,0.154000000000003,"C++",TRUE
1775,"A",30000,0,595,192.0455,2,TRUE,232.507366666667,1,30000,0,0,1,480210,232.507366666667,1675943,0.111999999999995,"C++",TRUE
1776,"A",30000,0,596,189.6611,2,TRUE,227.491633333333,1,30000,0,0,2,668945,227.491633333333,1646943,0.109000000000002,"C++",TRUE
1777,"A",30000,0,597,183.166333333333,2,TRUE,242.923933333333,1,30000,0,0,2,1183443,242.923933333333,1439280,0.100000000000001,"C++",TRUE
1778,"A",30000,0,598,187.283733333333,2,TRUE,235.6242,1,30000,0,0,2,1122503,235.6242,1503305,0.103000000000002,"C++",TRUE
1779,"A",30000,0,599,182.612133333333,2,TRUE,240.481466666667,1,30000,0,0,2,937724,240.481466666667,1523034,0.105999999999995,"C++",TRUE
1780,"A",30000,0,600,197.207933333333,2,TRUE,263.7443,1,30000,0,0,2,1724939,263.7443,1307646,0.0840000000000032,"C++",TRUE
1781,"A",30000,0,601,156.968066666667,2,TRUE,183.7235,1,30000,0,0,1,447185,183.7235,1222876,0.0850000000000009,"C++",TRUE
1782,"A",30000,0,602,156.361466666667,2,TRUE,189.160766666667,1,30000,0,0,2,687182,189.160766666667,1288940,0.0889999999999986,"C++",TRUE
1783,"A",30000,0,603,216.311833333333,3,TRUE,251.6522,2,0,30000,0,1,365741,251.6522,1804347,0.119,"C++",TRUE
1784,"A",30000,0,604,290.235666666667,2,TRUE,378.303166666667,1,30000,0,0,2,2485612,378.303166666667,2187232,0.133000000000003,"C++",TRUE
1785,"A",30000,0,605,280.771633333333,2,TRUE,348.342366666667,1,30000,0,0,2,1602624,348.342366666667,2216123,0.142000000000003,"C++",TRUE
1786,"A",30000,0,606,198.9586,2,TRUE,255.944833333333,1,30000,0,0,2,1311736,255.944833333333,1585662,0.100999999999999,"C++",TRUE
1787,"A",30000,0,607,174.934566666667,3,TRUE,219.443266666667,2,0,30000,0,1,411510,219.443266666667,1375922,0.0949999999999989,"C++",TRUE
1788,"A",30000,0,608,182.259833333333,2,TRUE,224.0912,1,30000,0,0,2,887391,224.0912,1503200,0.103000000000002,"C++",TRUE
1789,"A",30000,0,609,253.963333333333,2,TRUE,325.155466666667,1,30000,0,0,2,1694700,325.155466666667,1882671,0.128999999999998,"C++",TRUE
1790,"A",30000,0,610,176.280933333333,2,TRUE,229.7836,1,30000,0,0,2,1172139,229.7836,1380758,0.0899999999999963,"C++",TRUE
1791,"A",30000,0,611,191.0961,2,TRUE,244.3519,1,30000,0,0,2,1301894,244.3519,1458711,0.0990000000000038,"C++",TRUE
1792,"A",30000,0,612,222.6095,2,TRUE,296.764233333333,1,30000,0,0,2,1984266,296.764233333333,1655550,0.116999999999997,"C++",TRUE
1793,"A",30000,0,613,178.116266666667,2,TRUE,211.988233333333,1,30000,0,0,1,463497,211.988233333333,1532979,0.105000000000004,"C++",TRUE
1794,"A",30000,0,614,209.612033333333,2,TRUE,278.122,1,30000,0,0,2,1816350,278.122,1446908,0.0949999999999989,"C++",TRUE
1795,"A",30000,0,615,218.209333333333,2,TRUE,296.9928,1,30000,0,0,2,2102335,296.9928,1523779,0.102000000000004,"C++",TRUE
1796,"A",30000,0,616,170.106833333333,2,TRUE,206.346966666667,1,30000,0,0,2,776319,206.346966666667,1397750,0.0919999999999987,"C++",TRUE
1797,"A",30000,0,617,187.024233333333,2,TRUE,206.048266666667,1,30000,0,0,1,403250,206.048266666667,1580196,0.116999999999997,"C++",TRUE
1798,"A",30000,0,618,178.681833333333,2,TRUE,222.341366666667,1,30000,0,0,2,853304,222.341366666667,1507938,0.100000000000001,"C++",TRUE
1799,"A",30000,0,619,191.916766666667,2,TRUE,260.441933333333,1,30000,0,0,2,1473369,260.441933333333,1468227,0.106000000000002,"C++",TRUE
1800,"A",30000,0,620,260.5459,2,TRUE,318.536266666667,1,30000,0,0,2,1441461,318.536266666667,1973964,0.128,"C++",TRUE
1801,"A",30000,0,621,169.5686,3,TRUE,206.491966666667,2,0,30000,0,1,372988,206.491966666667,1347927,0.0949999999999989,"C++",TRUE
1802,"A",30000,0,622,188.133866666667,3,TRUE,230.420133333333,2,0,30000,0,1,380774,230.420133333333,1496202,0.0939999999999941,"C++",TRUE
1803,"A",30000,0,623,169.157166666667,2,TRUE,219.156433333333,1,30000,0,0,2,1010005,219.156433333333,1373487,0.0900000000000034,"C++",TRUE
1804,"A",30000,0,624,231.416266666667,2,TRUE,273.6804,1,30000,0,0,2,792409,273.6804,2012093,0.137999999999998,"C++",TRUE
1805,"A",30000,0,625,211.006666666667,2,TRUE,272.6408,1,30000,0,0,2,1689510,272.6408,1582822,0.106000000000002,"C++",TRUE
1806,"A",30000,0,626,239.736,2,TRUE,293.290266666667,1,30000,0,0,2,1303866,293.290266666667,1895338,0.125999999999998,"C++",TRUE
1807,"A",30000,0,627,226.184466666667,2,TRUE,284.106666666667,1,30000,0,0,2,1462034,284.106666666667,1659445,0.105000000000004,"C++",TRUE
1808,"A",30000,0,628,197.699166666667,3,TRUE,225.864133333333,2,0,30000,0,1,402189,225.864133333333,1514501,0.101999999999997,"C++",TRUE
1809,"A",30000,0,629,261.871066666667,2,TRUE,328.860166666667,1,30000,0,0,2,1522971,328.860166666667,2053541,0.143000000000001,"C++",TRUE
1810,"A",30000,0,630,249.1851,2,TRUE,309.706833333333,1,30000,0,0,2,1444789,309.706833333333,1955959,0.140000000000001,"C++",TRUE
1811,"A",30000,0,631,207.742933333333,2,TRUE,259.466366666667,1,30000,0,0,2,1400021,259.466366666667,1579663,0.103999999999999,"C++",TRUE
1812,"A",30000,0,632,164.862533333333,2,TRUE,208.814233333333,1,30000,0,0,2,926280,208.814233333333,1307301,0.0930000000000035,"C++",TRUE
1813,"A",30000,0,633,155.080433333333,2,TRUE,195.375366666667,1,30000,0,0,2,842981,195.375366666667,1266292,0.0910000000000011,"C++",TRUE
1814,"A",30000,0,634,175.124,2,TRUE,211.315033333333,1,30000,0,0,1,648218,211.315033333333,1451003,0.0989999999999966,"C++",TRUE
1815,"A",30000,0,635,187.7007,2,TRUE,223.901033333333,1,30000,0,0,2,926576,223.901033333333,1523646,0.100999999999999,"C++",TRUE
1816,"A",30000,0,636,158.3506,2,TRUE,199.1273,1,30000,0,0,2,648831,199.1273,1363289,0.0910000000000011,"C++",TRUE
1817,"A",30000,0,637,232.907666666667,2,TRUE,299.379,1,30000,0,0,2,1753993,299.379,1700617,0.119999999999997,"C++",TRUE
1818,"A",30000,0,638,193.9136,2,TRUE,241.983933333333,1,30000,0,0,2,1030794,241.983933333333,1568680,0.100000000000001,"C++",TRUE
1819,"A",30000,0,639,171.0445,2,TRUE,204.579633333333,1,30000,0,0,2,793292,204.579633333333,1375219,0.0960000000000036,"C++",TRUE
1820,"A",30000,0,640,227.9966,2,TRUE,273.907133333333,1,30000,0,0,2,960454,273.907133333333,1942904,0.131999999999998,"C++",TRUE
1821,"A",30000,0,641,200.089566666667,2,TRUE,239.089033333333,1,30000,0,0,1,668134,239.089033333333,1734160,0.122,"C++",TRUE
1822,"A",30000,0,642,172.8356,2,TRUE,212.958733333333,1,30000,0,0,1,510879,212.958733333333,1497255,0.095000000000006,"C++",TRUE
1823,"A",30000,0,643,170.701533333333,2,TRUE,223.0668,1,30000,0,0,2,1157897,223.0668,1344433,0.0859999999999985,"C++",TRUE
1824,"A",30000,0,644,182.4721,2,TRUE,227.057433333333,1,30000,0,0,2,847357,227.057433333333,1536184,0.0989999999999966,"C++",TRUE
1825,"A",30000,0,645,194.298366666667,2,TRUE,229.8458,1,30000,0,0,2,688010,229.8458,1682727,0.118000000000002,"C++",TRUE
1826,"A",30000,0,646,182.566333333333,2,TRUE,217.9428,1,30000,0,0,2,860580,217.9428,1463874,0.0989999999999966,"C++",TRUE
1827,"A",30000,0,647,291.1336,2,TRUE,347.097666666667,1,30000,0,0,2,1266889,347.097666666667,2429963,0.164000000000001,"C++",TRUE
1828,"A",30000,0,648,194.0402,3,TRUE,242.046566666667,2,0,30000,0,1,413051,242.046566666667,1493277,0.097999999999999,"C++",TRUE
1829,"A",30000,0,649,232.3989,3,TRUE,270.3049,2,0,30000,0,1,394340,270.3049,1883595,0.128,"C++",TRUE
1830,"A",30000,0,650,209.2736,3,TRUE,250.424766666667,2,0,30000,0,1,458163,250.424766666667,1644794,0.109999999999999,"C++",TRUE
1831,"A",30000,0,651,209.881566666667,2,TRUE,275.595,1,30000,0,0,2,1741638,275.595,1561496,0.103000000000002,"C++",TRUE
1832,"A",30000,0,652,196.504266666667,2,TRUE,260.7667,1,30000,0,0,2,1559307,260.7667,1446024,0.105000000000004,"C++",TRUE
1833,"A",30000,0,653,264.5505,2,TRUE,319.871966666667,1,30000,0,0,2,1207428,319.871966666667,2239938,0.156999999999996,"C++",TRUE
1834,"A",30000,0,654,223.4056,2,TRUE,285.5655,1,30000,0,0,2,1339476,285.5655,1759486,0.123000000000005,"C++",TRUE
1835,"A",30000,0,655,249.678233333333,2,TRUE,311.439366666667,1,30000,0,0,2,1568283,311.439366666667,1957918,0.136999999999993,"C++",TRUE
1836,"A",30000,0,656,204.905733333333,2,TRUE,260.4586,1,30000,0,0,2,982117,260.4586,1722084,0.108000000000004,"C++",TRUE
1837,"A",30000,0,657,233.667,2,TRUE,306.670766666667,1,30000,0,0,2,1828574,306.670766666667,1752821,0.107999999999997,"C++",TRUE
1838,"A",30000,0,658,208.753166666667,2,TRUE,262.293266666667,1,30000,0,0,2,1240238,262.293266666667,1703564,0.114000000000004,"C++",TRUE
1839,"A",30000,0,659,340.714866666667,2,TRUE,425.534333333333,1,30000,0,0,2,2421982,425.534333333333,2542856,0.186999999999998,"C++",TRUE
1840,"A",30000,0,660,234.171133333333,3,TRUE,264.739566666667,2,0,30000,0,1,387986,264.739566666667,1864143,0.128999999999998,"C++",TRUE
1841,"A",30000,0,661,187.075266666667,2,TRUE,241.0794,1,30000,0,0,2,1315682,241.0794,1440006,0.0900000000000034,"C++",TRUE
1842,"A",30000,0,662,174.325266666667,2,TRUE,221.8314,1,30000,0,0,2,882555,221.8314,1455609,0.0949999999999989,"C++",TRUE
1843,"A",30000,0,663,150.191366666667,2,TRUE,173.261,1,30000,0,0,1,473738,173.261,1233522,0.0820000000000007,"C++",TRUE
1844,"A",30000,0,664,238.803,2,TRUE,297.035233333333,1,30000,0,0,2,1419829,297.035233333333,1819081,0.131,"C++",TRUE
1845,"A",30000,0,665,158.285433333333,2,TRUE,214.0798,1,30000,0,0,2,1152281,214.0798,1238312,0.0829999999999984,"C++",TRUE
1846,"A",30000,0,666,236.413333333333,2,TRUE,305.228933333333,1,30000,0,0,2,1667057,305.228933333333,1706047,0.114000000000004,"C++",TRUE
1847,"A",30000,0,667,218.837766666667,2,TRUE,283.632533333333,1,30000,0,0,2,1815752,283.632533333333,1568063,0.100000000000001,"C++",TRUE
1848,"A",30000,0,668,276.2317,2,TRUE,380.087033333333,1,30000,0,0,2,2745384,380.087033333333,2076837,0.151999999999994,"C++",TRUE
1849,"A",30000,0,669,226.754366666667,2,TRUE,281.9215,1,30000,0,0,2,1220717,281.9215,1826218,0.132000000000005,"C++",TRUE
1850,"A",30000,0,670,186.459633333333,2,TRUE,245.949333333333,1,30000,0,0,2,1153322,245.949333333333,1506883,0.0989999999999966,"C++",TRUE
1851,"A",30000,0,671,144.347533333333,2,TRUE,183.119466666667,1,30000,0,0,2,648507,183.119466666667,1214674,0.0810000000000031,"C++",TRUE
1852,"A",30000,0,672,169.543533333333,2,TRUE,219.566933333333,1,30000,0,0,2,906458,219.566933333333,1407986,0.0940000000000012,"C++",TRUE
1853,"A",30000,0,673,249.003733333333,2,TRUE,303.945733333333,1,30000,0,0,2,1459060,303.945733333333,1909372,0.131999999999998,"C++",TRUE
1854,"A",30000,0,674,261.9971,2,TRUE,325.510666666667,1,30000,0,0,2,1557630,325.510666666667,1996801,0.143000000000001,"C++",TRUE
1855,"A",30000,0,675,208.2421,3,TRUE,237.604266666667,2,0,30000,0,1,391520,237.604266666667,1536511,0.106000000000002,"C++",TRUE
1856,"A",30000,0,676,161.861133333333,2,TRUE,192.747033333333,1,30000,0,0,1,436691,192.747033333333,1365489,0.0929999999999964,"C++",TRUE
1857,"A",30000,0,677,198.942066666667,2,TRUE,246.080966666667,1,30000,0,0,2,812212,246.080966666667,1718444,0.122999999999998,"C++",TRUE
1858,"A",30000,0,678,213.552866666667,1,TRUE,235.047933333333,3,0,0,30000,2,881322,235.047933333333,1413450,0.0940000000000012,"C++",TRUE
1859,"A",30000,0,679,231.2997,2,TRUE,287.905666666667,1,30000,0,0,2,1293704,287.905666666667,1825586,0.123000000000005,"C++",TRUE
1860,"A",30000,0,680,161.0757,2,TRUE,181.927766666667,1,30000,0,0,2,601552,181.927766666667,1251640,0.0899999999999963,"C++",TRUE
1861,"A",30000,0,681,162.800166666667,2,TRUE,206.9071,1,30000,0,0,2,847675,206.9071,1371166,0.097999999999999,"C++",TRUE
1862,"A",30000,0,682,199.7288,2,TRUE,251.181433333333,1,30000,0,0,2,1085722,251.181433333333,1637141,0.110000000000007,"C++",TRUE
1863,"A",30000,0,683,199.247633333333,2,TRUE,235.769633333333,1,30000,0,0,2,694997,235.769633333333,1673842,0.116999999999997,"C++",TRUE
1864,"A",30000,0,684,245.065833333333,2,TRUE,312.143966666667,1,30000,0,0,2,1699884,312.143966666667,1827568,0.126000000000005,"C++",TRUE
1865,"A",30000,0,685,211.204733333333,2,TRUE,246.2953,1,30000,0,0,2,596328,246.2953,1839087,0.128999999999998,"C++",TRUE
1866,"A",30000,0,686,193.345,2,TRUE,224.023733333333,1,30000,0,0,1,451950,224.023733333333,1648419,0.113,"C++",TRUE
1867,"A",30000,0,687,224.183166666667,2,TRUE,283.3377,1,30000,0,0,2,949318,283.3377,1886090,0.133000000000003,"C++",TRUE
1868,"A",30000,0,688,206.696033333333,2,TRUE,256.9343,1,30000,0,0,2,812857,256.9343,1772567,0.120999999999995,"C++",TRUE
1869,"A",30000,0,689,203.2713,2,TRUE,254.890166666667,1,30000,0,0,2,1106034,254.890166666667,1702028,0.115000000000002,"C++",TRUE
1870,"A",30000,0,690,221.288133333333,3,TRUE,266.3599,2,0,30000,0,1,599146,266.3599,1686052,0.119999999999997,"C++",TRUE
1871,"A",30000,0,691,165.9553,2,TRUE,195.762833333333,1,30000,0,0,1,603309,195.762833333333,1382956,0.097999999999999,"C++",TRUE
1872,"A",30000,0,692,167.5349,2,TRUE,200.315866666667,1,30000,0,0,1,502686,200.315866666667,1441959,0.102000000000004,"C++",TRUE
1873,"A",30000,0,693,221.561866666667,2,TRUE,269.725366666667,1,30000,0,0,2,1023074,269.725366666667,1820938,0.125999999999998,"C++",TRUE
1874,"A",30000,0,694,168.7244,2,TRUE,195.5859,1,30000,0,0,1,471671,195.5859,1431790,0.100999999999999,"C++",TRUE
1875,"A",30000,0,695,157.8416,2,TRUE,197.778133333333,1,30000,0,0,2,626074,197.778133333333,1326369,0.088000000000001,"C++",TRUE
1876,"A",30000,0,696,196.923933333333,2,TRUE,241.828833333333,1,30000,0,0,2,992546,241.828833333333,1601279,0.108000000000004,"C++",TRUE
1877,"A",30000,0,697,197.218966666667,2,TRUE,248.818466666667,1,30000,0,0,2,1119925,248.818466666667,1576206,0.107999999999997,"C++",TRUE
1878,"A",30000,0,698,180.407933333333,2,TRUE,209.9971,1,30000,0,0,1,532289,209.9971,1542886,0.102000000000004,"C++",TRUE
1879,"A",30000,0,699,213.886333333333,2,TRUE,275.714266666667,1,30000,0,0,2,1548821,275.714266666667,1668391,0.111999999999995,"C++",TRUE
1880,"A",30000,0,700,211.8703,2,TRUE,263.4748,1,30000,0,0,2,1000533,263.4748,1827067,0.129000000000005,"C++",TRUE
1881,"A",30000,0,701,166.168866666667,2,TRUE,200.5682,1,30000,0,0,2,659271,200.5682,1392830,0.0899999999999963,"C++",TRUE
1882,"A",30000,0,702,141.8636,2,TRUE,175.429733333333,1,30000,0,0,2,533636,175.429733333333,1191421,0.0769999999999982,"C++",TRUE
1883,"A",30000,0,703,203.760533333333,2,TRUE,259.523733333333,1,30000,0,0,2,1528976,259.523733333333,1556070,0.101999999999997,"C++",TRUE
1884,"A",30000,0,704,213.843166666667,2,TRUE,249.661066666667,1,30000,0,0,2,637306,249.661066666667,1851645,0.122,"C++",TRUE
1885,"A",30000,0,705,199.663133333333,2,TRUE,253.109333333333,1,30000,0,0,2,1234945,253.109333333333,1601785,0.103000000000002,"C++",TRUE
1886,"A",30000,0,706,288.9245,2,TRUE,333.508733333333,1,30000,0,0,2,901206,333.508733333333,2485881,0.176000000000002,"C++",TRUE
1887,"A",30000,0,707,207.976933333333,2,TRUE,255.414666666667,1,30000,0,0,2,918647,255.414666666667,1804039,0.124000000000002,"C++",TRUE
1888,"A",30000,0,708,201.9421,3,TRUE,252.594566666667,2,0,30000,0,1,416099,252.594566666667,1585108,0.106999999999999,"C++",TRUE
1889,"A",30000,0,709,187.4827,2,TRUE,242.721,1,30000,0,0,2,1025996,242.721,1537089,0.106999999999999,"C++",TRUE
1890,"A",30000,0,710,219.366333333333,2,TRUE,291.6893,1,30000,0,0,2,1892466,291.6893,1659475,0.107999999999997,"C++",TRUE
1891,"A",30000,0,711,176.8571,2,TRUE,222.7045,1,30000,0,0,2,983445,222.7045,1451088,0.103000000000002,"C++",TRUE
1892,"A",30000,0,712,183.194433333333,3,TRUE,217.017533333333,2,0,30000,0,1,377279,217.017533333333,1432453,0.0900000000000034,"C++",TRUE
1893,"A",30000,0,713,183.0574,2,TRUE,223.723366666667,1,30000,0,0,2,740999,223.723366666667,1557963,0.106999999999999,"C++",TRUE
1894,"A",30000,0,714,250.9344,2,TRUE,303.707233333333,1,30000,0,0,2,1249421,303.707233333333,2067833,0.146999999999998,"C++",TRUE
1895,"A",30000,0,715,265.3014,2,TRUE,340.2738,1,30000,0,0,2,1593571,340.2738,2152995,0.143000000000001,"C++",TRUE
1896,"A",30000,0,716,161.572433333333,2,TRUE,198.654933333333,1,30000,0,0,2,656633,198.654933333333,1390856,0.0919999999999987,"C++",TRUE
1897,"A",30000,0,717,192.524466666667,2,TRUE,238.3799,1,30000,0,0,2,1042026,238.3799,1560953,0.100000000000001,"C++",TRUE
1898,"A",30000,0,718,172.205166666667,2,TRUE,220.9605,1,30000,0,0,2,1015112,220.9605,1402691,0.0910000000000011,"C++",TRUE
1899,"A",30000,0,719,202.828166666667,3,TRUE,244.911133333333,2,0,30000,0,1,552507,244.911133333333,1552782,0.105999999999995,"C++",TRUE
1900,"A",30000,0,720,185.765666666667,2,TRUE,232.904633333333,1,30000,0,0,2,1064639,232.904633333333,1516168,0.100999999999999,"C++",TRUE
1901,"A",30000,0,721,142.694,2,TRUE,190.211133333333,1,30000,0,0,2,784243,190.211133333333,1201674,0.0740000000000052,"C++",TRUE
1902,"A",30000,0,722,240.9512,2,TRUE,287.761,1,30000,0,0,2,1001242,287.761,2021991,0.131,"C++",TRUE
1903,"A",30000,0,723,193.316366666667,2,TRUE,243.723733333333,1,30000,0,0,2,892753,243.723733333333,1619818,0.109999999999999,"C++",TRUE
1904,"A",30000,0,724,206.332166666667,2,TRUE,263.330266666667,1,30000,0,0,2,1307770,263.330266666667,1578991,0.103999999999999,"C++",TRUE
1905,"A",30000,0,725,141.0929,2,TRUE,183.9128,1,30000,0,0,1,562360,183.9128,1215762,0.0799999999999983,"C++",TRUE
1906,"A",30000,0,726,169.408466666667,2,TRUE,209.629733333333,1,30000,0,0,2,742942,209.629733333333,1375653,0.0960000000000036,"C++",TRUE
1907,"A",30000,0,727,204.905133333333,2,TRUE,264.654533333333,1,30000,0,0,2,1018739,264.654533333333,1712574,0.116,"C++",TRUE
1908,"A",30000,0,728,181.0374,2,TRUE,226.577266666667,1,30000,0,0,2,727961,226.577266666667,1574236,0.107999999999997,"C++",TRUE
1909,"A",30000,0,729,183.403133333333,2,TRUE,248.6573,1,30000,0,0,2,1527890,248.6573,1369886,0.0910000000000011,"C++",TRUE
1910,"A",30000,0,730,175.092566666667,2,TRUE,229.7502,1,30000,0,0,2,1120354,229.7502,1385765,0.0930000000000035,"C++",TRUE
1911,"A",30000,0,731,189.6895,2,TRUE,229.777333333333,1,30000,0,0,2,748182,229.777333333333,1634132,0.116999999999997,"C++",TRUE
1912,"A",30000,0,732,237.581533333333,2,TRUE,315.437266666667,1,30000,0,0,2,1660322,315.437266666667,1786178,0.122999999999998,"C++",TRUE
1913,"A",30000,0,733,182.029966666667,2,TRUE,223.742666666667,1,30000,0,0,2,762365,223.742666666667,1572890,0.108000000000004,"C++",TRUE
1914,"A",30000,0,734,207.8839,2,TRUE,258.338333333333,1,30000,0,0,2,1255231,258.338333333333,1619270,0.106999999999999,"C++",TRUE
1915,"A",30000,0,735,201.441266666667,2,TRUE,253.9537,1,30000,0,0,2,1175560,253.9537,1589486,0.101999999999997,"C++",TRUE
1916,"A",30000,0,736,192.7238,2,TRUE,235.186033333333,1,30000,0,0,2,1070383,235.186033333333,1567044,0.102000000000004,"C++",TRUE
1917,"A",30000,0,737,218.7422,2,TRUE,285.268933333333,1,30000,0,0,2,1781727,285.268933333333,1539097,0.097999999999999,"C++",TRUE
1918,"A",30000,0,738,163.9833,2,TRUE,202.452133333333,1,30000,0,0,2,690017,202.452133333333,1369821,0.0869999999999962,"C++",TRUE
1919,"A",30000,0,739,245.6007,2,TRUE,324.4716,1,30000,0,0,2,1746920,324.4716,1919895,0.131,"C++",TRUE
1920,"A",30000,0,740,156.084,2,TRUE,190.592766666667,1,30000,0,0,1,547882,190.592766666667,1337236,0.0930000000000035,"C++",TRUE
1921,"A",30000,0,741,203.399133333333,2,TRUE,244.2177,1,30000,0,0,2,985319,244.2177,1671460,0.113,"C++",TRUE
1922,"A",30000,0,742,155.919833333333,2,TRUE,210.330433333333,1,30000,0,0,2,1005264,210.330433333333,1255417,0.0889999999999986,"C++",TRUE
1923,"A",30000,0,743,184.2156,2,TRUE,220.068166666667,1,30000,0,0,2,737735,220.068166666667,1549344,0.106999999999999,"C++",TRUE
1924,"A",30000,0,744,210.596733333333,2,TRUE,257.926,1,30000,0,0,2,1093416,257.926,1743809,0.119,"C++",TRUE
1925,"A",30000,0,745,205.335733333333,2,TRUE,245.6621,1,30000,0,0,2,859961,245.6621,1748311,0.119,"C++",TRUE
1926,"A",30000,0,746,184.484233333333,2,TRUE,232.279166666667,1,30000,0,0,2,966236,232.279166666667,1527045,0.100999999999999,"C++",TRUE
1927,"A",30000,0,747,171.006266666667,2,TRUE,197.883666666667,1,30000,0,0,1,433574,197.883666666667,1481663,0.108000000000004,"C++",TRUE
1928,"A",30000,0,748,226.7717,2,TRUE,261.072933333333,1,30000,0,0,2,685820,261.072933333333,1975257,0.137999999999998,"C++",TRUE
1929,"A",30000,0,749,153.1743,2,TRUE,182.3869,1,30000,0,0,1,427214,182.3869,1262096,0.0850000000000009,"C++",TRUE
1930,"A",30000,0,750,185.039366666667,2,TRUE,247.564966666667,1,30000,0,0,2,1300516,247.564966666667,1410978,0.0970000000000013,"C++",TRUE
1931,"A",30000,0,751,162.7964,2,TRUE,216.4774,1,30000,0,0,2,929124,216.4774,1329396,0.0889999999999986,"C++",TRUE
1932,"A",30000,0,752,177.8758,2,TRUE,231.760933333333,1,30000,0,0,2,1147738,231.760933333333,1410071,0.0970000000000013,"C++",TRUE
1933,"A",30000,0,753,179.531333333333,2,TRUE,218.398566666667,1,30000,0,0,2,528685,218.398566666667,1563385,0.105999999999995,"C++",TRUE
1934,"A",30000,0,754,191.5072,2,TRUE,260.979533333333,1,30000,0,0,2,1439510,260.979533333333,1461011,0.0990000000000038,"C++",TRUE
1935,"A",30000,0,755,186.673633333333,2,TRUE,244.232566666667,1,30000,0,0,2,1370050,244.232566666667,1400485,0.0989999999999966,"C++",TRUE
1936,"A",30000,0,756,204.8128,2,TRUE,262.645333333333,1,30000,0,0,2,1318026,262.645333333333,1573956,0.100000000000001,"C++",TRUE
1937,"A",30000,0,757,179.523633333333,2,TRUE,230.379366666667,1,30000,0,0,2,1053252,230.379366666667,1436201,0.100000000000001,"C++",TRUE
1938,"A",30000,0,758,226.459366666667,2,TRUE,293.5185,1,30000,0,0,2,1668892,293.5185,1655418,0.107999999999997,"C++",TRUE
1939,"A",30000,0,759,195.708766666667,2,TRUE,266.550366666667,1,30000,0,0,2,1599881,266.550366666667,1485866,0.105000000000004,"C++",TRUE
1940,"A",30000,0,760,147.814466666667,2,TRUE,182.900666666667,1,30000,0,0,1,489846,182.900666666667,1214655,0.0889999999999986,"C++",TRUE
1941,"A",30000,0,761,201.368366666667,2,TRUE,263.3568,1,30000,0,0,2,1440786,263.3568,1535886,0.103999999999999,"C++",TRUE
1942,"A",30000,0,762,208.6922,2,TRUE,278.438066666667,1,30000,0,0,2,1724988,278.438066666667,1513347,0.097999999999999,"C++",TRUE
1943,"A",30000,0,763,209.181033333333,2,TRUE,252.0105,1,30000,0,0,2,809187,252.0105,1788551,0.124000000000002,"C++",TRUE
1944,"A",30000,0,764,193.017266666667,3,TRUE,221.1624,2,0,30000,0,1,373185,221.1624,1470486,0.0989999999999966,"C++",TRUE
1945,"A",30000,0,765,192.486766666667,2,TRUE,233.182966666667,1,30000,0,0,2,905279,233.182966666667,1582959,0.103999999999999,"C++",TRUE
1946,"A",30000,0,766,207.443733333333,2,TRUE,262.949266666667,1,30000,0,0,2,1351721,262.949266666667,1685661,0.119,"C++",TRUE
1947,"A",30000,0,767,168.2642,2,TRUE,205.6836,1,30000,0,0,1,638886,205.6836,1424826,0.0990000000000038,"C++",TRUE
1948,"A",30000,0,768,195.621533333333,2,TRUE,237.313333333333,1,30000,0,0,2,698721,237.313333333333,1642425,0.116999999999997,"C++",TRUE
1949,"A",30000,0,769,241.943066666667,2,TRUE,311.252533333333,1,30000,0,0,2,1866269,311.252533333333,1785715,0.122,"C++",TRUE
1950,"A",30000,0,770,224.8766,2,TRUE,271.572966666667,1,30000,0,0,2,1025188,271.572966666667,1871062,0.133000000000003,"C++",TRUE
1951,"A",30000,0,771,207.5055,2,TRUE,265.8702,1,30000,0,0,2,877253,265.8702,1782658,0.128999999999998,"C++",TRUE
1952,"A",30000,0,772,199.295766666667,3,TRUE,259.0959,2,0,30000,0,1,378681,259.0959,1627560,0.115000000000002,"C++",TRUE
1953,"A",30000,0,773,213.817333333333,2,TRUE,255.350566666667,1,30000,0,0,2,993992,255.350566666667,1765935,0.128999999999998,"C++",TRUE
1954,"A",30000,0,774,279.543433333333,2,TRUE,327.449033333333,1,30000,0,0,2,1182291,327.449033333333,2339846,0.161000000000001,"C++",TRUE
1955,"A",30000,0,775,273.354433333333,2,TRUE,337.063,1,30000,0,0,2,1752887,337.063,2010093,0.136000000000003,"C++",TRUE
1956,"A",30000,0,776,177.5788,2,TRUE,223.458,1,30000,0,0,2,872364,223.458,1463462,0.097999999999999,"C++",TRUE
1957,"A",30000,0,777,245.122066666667,2,TRUE,301.019166666667,1,30000,0,0,2,1355863,301.019166666667,1957560,0.135999999999996,"C++",TRUE
1958,"A",30000,0,778,163.124066666667,2,TRUE,208.445966666667,1,30000,0,0,2,1028547,208.445966666667,1297554,0.0900000000000034,"C++",TRUE
1959,"A",30000,0,779,162.9063,3,TRUE,197.151166666667,2,0,30000,0,1,398904,197.151166666667,1238097,0.0739999999999981,"C++",TRUE
1960,"A",30000,0,780,283.4764,2,TRUE,367.945266666667,1,30000,0,0,2,2182256,367.945266666667,2169147,0.137,"C++",TRUE
1961,"A",30000,0,781,214.312533333333,2,TRUE,298.0704,1,30000,0,0,2,1622216,298.0704,1618834,0.0940000000000012,"C++",TRUE
1962,"A",30000,0,782,259.1987,2,TRUE,287.311566666667,1,30000,0,0,1,452900,287.311566666667,2252568,0.164999999999999,"C++",TRUE
1963,"A",30000,0,783,207.511166666667,2,TRUE,241.6405,1,30000,0,0,2,610923,241.6405,1790847,0.123999999999995,"C++",TRUE
1964,"A",30000,0,784,211.719466666667,3,TRUE,234.22,2,0,30000,0,1,396702,234.22,1659269,0.111000000000004,"C++",TRUE
1965,"A",30000,0,785,212.021766666667,2,TRUE,255.935733333333,1,30000,0,0,2,956285,255.935733333333,1736983,0.119,"C++",TRUE
1966,"A",30000,0,786,228.446933333333,3,TRUE,263.6174,2,0,30000,0,1,374483,263.6174,1824256,0.131999999999998,"C++",TRUE
1967,"A",30000,0,787,214.3547,2,TRUE,259.772333333333,1,30000,0,0,2,1082049,259.772333333333,1732413,0.118000000000002,"C++",TRUE
1968,"A",30000,0,788,197.0376,2,TRUE,228.9636,1,30000,0,0,1,458939,228.9636,1695321,0.118000000000002,"C++",TRUE
1969,"A",30000,0,789,293.2419,2,TRUE,375.143733333333,1,30000,0,0,2,1860537,375.143733333333,2237129,0.158999999999999,"C++",TRUE
1970,"A",30000,0,790,203.047833333333,2,TRUE,248.236266666667,1,30000,0,0,2,1000366,248.236266666667,1632947,0.111999999999995,"C++",TRUE
1971,"A",30000,0,791,158.996066666667,2,TRUE,206.0759,1,30000,0,0,2,759431,206.0759,1344048,0.0910000000000011,"C++",TRUE
1972,"A",30000,0,792,252.090866666667,3,TRUE,292.2304,2,0,30000,0,1,489994,292.2304,2024232,0.141000000000005,"C++",TRUE
1973,"A",30000,0,793,202.133533333333,2,TRUE,254.053733333333,1,30000,0,0,2,1164695,254.053733333333,1631242,0.104999999999997,"C++",TRUE
1974,"A",30000,0,794,156.972266666667,2,TRUE,197.514966666667,1,30000,0,0,1,516973,197.514966666667,1339808,0.0859999999999985,"C++",TRUE
1975,"A",30000,0,795,174.511833333333,2,TRUE,209.355033333333,1,30000,0,0,2,767992,209.355033333333,1451628,0.0949999999999989,"C++",TRUE
1976,"A",30000,0,796,236.4529,2,TRUE,302.910466666667,1,30000,0,0,2,1614089,302.910466666667,1795149,0.124000000000002,"C++",TRUE
1977,"A",30000,0,797,171.816,2,TRUE,212.2632,1,30000,0,0,2,833940,212.2632,1422364,0.0919999999999987,"C++",TRUE
1978,"A",30000,0,798,223.963,2,TRUE,307.5202,1,30000,0,0,2,1881920,307.5202,1632879,0.109000000000002,"C++",TRUE
1979,"A",30000,0,799,185.5079,3,TRUE,229.244333333333,2,0,30000,0,1,495919,229.244333333333,1443736,0.0949999999999989,"C++",TRUE
1980,"A",30000,0,800,212.7015,2,TRUE,271.821833333333,1,30000,0,0,2,1343947,271.821833333333,1704355,0.100000000000001,"C++",TRUE
1981,"A",30000,0,801,196.946433333333,2,TRUE,251.2085,1,30000,0,0,2,1112252,251.2085,1589009,0.101999999999997,"C++",TRUE
1982,"A",30000,0,802,247.789033333333,2,TRUE,322.771166666667,1,30000,0,0,2,1894454,322.771166666667,1828769,0.125999999999998,"C++",TRUE
1983,"A",30000,0,803,174.8901,2,TRUE,225.058,1,30000,0,0,2,1179481,225.058,1371809,0.0940000000000012,"C++",TRUE
1984,"A",30000,0,804,180.330933333333,2,TRUE,227.9675,1,30000,0,0,2,1119037,227.9675,1441523,0.0959999999999965,"C++",TRUE
1985,"A",30000,0,805,162.581766666667,2,TRUE,191.997466666667,1,30000,0,0,1,526987,191.997466666667,1357141,0.0910000000000011,"C++",TRUE
1986,"A",30000,0,806,199.192333333333,2,TRUE,243.8193,1,30000,0,0,2,959751,243.8193,1665968,0.109999999999999,"C++",TRUE
1987,"A",30000,0,807,250.828033333333,2,TRUE,317.861366666667,1,30000,0,0,2,1828420,317.861366666667,1850325,0.125999999999998,"C++",TRUE
1988,"A",30000,0,808,180.326166666667,3,TRUE,222.721366666667,2,0,30000,0,2,574317,222.721366666667,1359682,0.0930000000000035,"C++",TRUE
1989,"A",30000,0,809,213.8641,2,TRUE,252.910166666667,1,30000,0,0,2,784263,252.910166666667,1828923,0.128,"C++",TRUE
1990,"A",30000,0,810,238.953066666667,3,TRUE,275.045366666667,2,0,30000,0,1,359502,275.045366666667,1957627,0.134999999999998,"C++",TRUE
1991,"A",30000,0,811,201.179666666667,2,TRUE,246.740333333333,1,30000,0,0,2,1046206,246.740333333333,1664611,0.106999999999999,"C++",TRUE
1992,"A",30000,0,812,240.129,2,TRUE,316.1439,1,30000,0,0,2,2021150,316.1439,1811039,0.133000000000003,"C++",TRUE
1993,"A",30000,0,813,234.088033333333,2,TRUE,288.0911,1,30000,0,0,2,1511868,288.0911,1727959,0.116999999999997,"C++",TRUE
1994,"A",30000,0,814,157.521166666667,2,TRUE,205.397233333333,1,30000,0,0,2,868815,205.397233333333,1293570,0.0850000000000009,"C++",TRUE
1995,"A",30000,0,815,175.5768,2,TRUE,200.747766666667,1,30000,0,0,1,451690,200.747766666667,1493878,0.0990000000000038,"C++",TRUE
1996,"A",30000,0,816,211.9057,2,TRUE,277.703,1,30000,0,0,2,1639639,277.703,1572166,0.103999999999999,"C++",TRUE
1997,"A",30000,0,817,178.940233333333,2,TRUE,212.913466666667,1,30000,0,0,2,739174,212.913466666667,1518803,0.109999999999999,"C++",TRUE
1998,"A",30000,0,818,152.297566666667,2,TRUE,195.501866666667,1,30000,0,0,2,747441,195.501866666667,1288018,0.0859999999999985,"C++",TRUE
1999,"A",30000,0,819,187.793066666667,2,TRUE,235.710833333333,1,30000,0,0,2,862249,235.710833333333,1600461,0.107999999999997,"C++",TRUE
2000,"A",30000,0,820,195.064266666667,2,TRUE,202.567966666667,1,30000,0,0,1,462456,202.567966666667,1525583,0.102000000000004,"C++",TRUE
2001,"A",30000,0,821,167.761933333333,2,TRUE,199.867766666667,1,30000,0,0,1,512279,199.867766666667,1444973,0.0910000000000011,"C++",TRUE
2002,"A",30000,0,822,178.6166,2,TRUE,204.584066666667,1,30000,0,0,1,459230,204.584066666667,1511505,0.107999999999997,"C++",TRUE
2003,"A",30000,0,823,222.2612,2,TRUE,287.6065,1,30000,0,0,2,1560556,287.6065,1590202,0.103000000000002,"C++",TRUE
2004,"A",30000,0,824,183.7114,2,TRUE,236.165233333333,1,30000,0,0,2,1185848,236.165233333333,1472295,0.0990000000000038,"C++",TRUE
2005,"A",30000,0,825,206.1605,2,TRUE,254.5089,1,30000,0,0,2,1095167,254.5089,1703186,0.116,"C++",TRUE
2006,"A",30000,0,826,215.347,2,TRUE,281.2547,1,30000,0,0,2,1502229,281.2547,1621169,0.107999999999997,"C++",TRUE
2007,"A",30000,0,827,161.115566666667,2,TRUE,200.995733333333,1,30000,0,0,2,902985,200.995733333333,1299585,0.0870000000000033,"C++",TRUE
2008,"A",30000,0,828,163.826633333333,2,TRUE,218.92,1,30000,0,0,2,1060484,218.92,1325578,0.0869999999999962,"C++",TRUE
2009,"A",30000,0,829,234.924366666667,3,TRUE,267.225666666667,2,0,30000,0,2,656202,267.225666666667,1785804,0.125,"C++",TRUE
2010,"A",30000,0,830,239.8139,2,TRUE,307.286566666667,1,30000,0,0,2,1675511,307.286566666667,1796594,0.123000000000005,"C++",TRUE
2011,"A",30000,0,831,166.775033333333,2,TRUE,205.433633333333,1,30000,0,0,2,732170,205.433633333333,1377967,0.0999999999999943,"C++",TRUE
2012,"A",30000,0,832,186.434666666667,2,TRUE,215.795533333333,1,30000,0,0,2,598158,215.795533333333,1593709,0.109999999999999,"C++",TRUE
2013,"A",30000,0,833,178.564766666667,2,TRUE,229.923866666667,1,30000,0,0,2,1153360,229.923866666667,1387609,0.0940000000000012,"C++",TRUE
2014,"A",30000,0,834,174.351933333333,2,TRUE,221.614833333333,1,30000,0,0,2,991835,221.614833333333,1428612,0.0919999999999987,"C++",TRUE
2015,"A",30000,0,835,210.157166666667,2,TRUE,284.718866666667,1,30000,0,0,2,1414210,284.718866666667,1555311,0.100000000000001,"C++",TRUE
2016,"A",30000,0,836,182.4303,2,TRUE,229.069966666667,1,30000,0,0,2,1071049,229.069966666667,1485288,0.097999999999999,"C++",TRUE
2017,"A",30000,0,837,195.221966666667,3,TRUE,240.171933333333,2,0,30000,0,1,424796,240.171933333333,1519786,0.100000000000001,"C++",TRUE
2018,"A",30000,0,838,234.061866666667,2,TRUE,298.291033333333,1,30000,0,0,2,1681197,298.291033333333,1784128,0.126000000000005,"C++",TRUE
2019,"A",30000,0,839,218.5977,2,TRUE,299.636966666667,1,30000,0,0,2,1908894,299.636966666667,1505927,0.106999999999999,"C++",TRUE
2020,"A",30000,0,840,159.396666666667,2,TRUE,190.019033333333,1,30000,0,0,1,448891,190.019033333333,1336023,0.0859999999999985,"C++",TRUE
2021,"A",30000,0,841,159.9602,2,TRUE,189.129566666667,1,30000,0,0,1,508249,189.129566666667,1297607,0.0899999999999963,"C++",TRUE
2022,"A",30000,0,842,189.6699,3,TRUE,230.362766666667,2,0,30000,0,1,421970,230.362766666667,1469854,0.106999999999999,"C++",TRUE
2023,"A",30000,0,843,163.869566666667,2,TRUE,199.5263,1,30000,0,0,2,842751,199.5263,1324823,0.088000000000001,"C++",TRUE
2024,"A",30000,0,844,203.057366666667,2,TRUE,244.404533333333,1,30000,0,0,2,941863,244.404533333333,1699220,0.123999999999995,"C++",TRUE
2025,"A",30000,0,845,184.931166666667,2,TRUE,233.986866666667,1,30000,0,0,2,751719,233.986866666667,1586841,0.106000000000002,"C++",TRUE
2026,"A",30000,0,846,181.555533333333,2,TRUE,220.170833333333,1,30000,0,0,2,852322,220.170833333333,1499611,0.0989999999999966,"C++",TRUE
2027,"A",30000,0,847,205.621333333333,2,TRUE,238.772433333333,1,30000,0,0,2,823187,238.772433333333,1695427,0.125,"C++",TRUE
2028,"A",30000,0,848,163.8972,2,TRUE,201.448633333333,1,30000,0,0,1,499268,201.448633333333,1411102,0.0990000000000038,"C++",TRUE
2029,"A",30000,0,849,173.882766666667,2,TRUE,212.760533333333,1,30000,0,0,2,773668,212.760533333333,1454209,0.0940000000000012,"C++",TRUE
2030,"A",30000,0,850,226.265066666667,2,TRUE,300.578833333333,1,30000,0,0,2,1973774,300.578833333333,1612174,0.116999999999997,"C++",TRUE
2031,"A",30000,0,851,229.839233333333,1,TRUE,242.966233333333,3,0,0,30000,2,729541,242.966233333333,1578188,0.108000000000004,"C++",TRUE
2032,"A",30000,0,852,280.264833333333,1,TRUE,292.393533333333,3,0,0,30000,2,812040,292.393533333333,2049645,0.136999999999993,"C++",TRUE
2033,"A",30000,0,853,155.232166666667,2,TRUE,197.610133333333,1,30000,0,0,2,709433,197.610133333333,1266964,0.0850000000000009,"C++",TRUE
2034,"A",30000,0,854,175.1008,2,TRUE,221.4947,1,30000,0,0,2,694765,221.4947,1501550,0.0980000000000061,"C++",TRUE
2035,"A",30000,0,855,179.7418,2,TRUE,225.6391,1,30000,0,0,2,774693,225.6391,1530618,0.109999999999999,"C++",TRUE
2036,"A",30000,0,856,189.153233333333,2,TRUE,228.096766666667,1,30000,0,0,2,838946,228.096766666667,1586464,0.104999999999997,"C++",TRUE
2037,"A",30000,0,857,166.5316,2,TRUE,203.175066666667,1,30000,0,0,2,602888,203.175066666667,1419429,0.0940000000000012,"C++",TRUE
2038,"A",30000,0,858,177.169433333333,2,TRUE,217.2815,1,30000,0,0,2,626923,217.2815,1519652,0.0929999999999964,"C++",TRUE
2039,"A",30000,0,859,184.840266666667,2,TRUE,236.583,1,30000,0,0,2,1109392,236.583,1465607,0.0900000000000034,"C++",TRUE
2040,"A",30000,0,860,195.407233333333,2,TRUE,259.226466666667,1,30000,0,0,2,1122799,259.226466666667,1543299,0.100000000000001,"C++",TRUE
2041,"A",30000,0,861,195.912466666667,2,TRUE,245.8136,1,30000,0,0,2,1158753,245.8136,1614696,0.113999999999997,"C++",TRUE
2042,"A",30000,0,862,237.9161,2,TRUE,314.216033333333,1,30000,0,0,2,1692719,314.216033333333,1771389,0.122,"C++",TRUE
2043,"A",30000,0,863,232.116566666667,2,TRUE,289.641633333333,1,30000,0,0,2,1537411,289.641633333333,1716876,0.116,"C++",TRUE
2044,"A",30000,0,864,208.419566666667,2,TRUE,271.6095,1,30000,0,0,2,1695972,271.6095,1471058,0.105000000000004,"C++",TRUE
2045,"A",30000,0,865,224.696233333333,2,TRUE,276.822733333333,1,30000,0,0,2,1204016,276.822733333333,1806616,0.123999999999995,"C++",TRUE
2046,"A",30000,0,866,178.5586,2,TRUE,244.191733333333,1,30000,0,0,2,1546807,244.191733333333,1354287,0.0910000000000011,"C++",TRUE
2047,"A",30000,0,867,219.9695,2,TRUE,267.3568,1,30000,0,0,2,1061474,267.3568,1784290,0.125,"C++",TRUE
2048,"A",30000,0,868,187.056533333333,2,TRUE,233.3309,1,30000,0,0,2,1070842,233.3309,1508851,0.0990000000000038,"C++",TRUE
2049,"A",30000,0,869,193.0618,2,TRUE,246.369866666667,1,30000,0,0,2,919379,246.369866666667,1638379,0.116,"C++",TRUE
2050,"A",30000,0,870,143.179666666667,2,TRUE,176.423833333333,1,30000,0,0,1,523198,176.423833333333,1211442,0.080999999999996,"C++",TRUE
2051,"A",30000,0,871,173.7579,2,TRUE,217.931966666667,1,30000,0,0,2,867896,217.931966666667,1445044,0.0949999999999989,"C++",TRUE
2052,"A",30000,0,872,188.159166666667,2,TRUE,216.6207,1,30000,0,0,2,665629,216.6207,1574619,0.112000000000002,"C++",TRUE
2053,"A",30000,0,873,193.584466666667,2,TRUE,234.955033333333,1,30000,0,0,2,934542,234.955033333333,1575461,0.113999999999997,"C++",TRUE
2054,"A",30000,0,874,187.2266,2,TRUE,222.791333333333,1,30000,0,0,2,813091,222.791333333333,1542820,0.107000000000006,"C++",TRUE
2055,"A",30000,0,875,169.8564,2,TRUE,212.4664,1,30000,0,0,2,881756,212.4664,1375854,0.097999999999999,"C++",TRUE
2056,"A",30000,0,876,183.6061,2,TRUE,225.107633333333,1,30000,0,0,2,972140,225.107633333333,1451655,0.0940000000000012,"C++",TRUE
2057,"A",30000,0,877,240.659233333333,2,TRUE,285.213833333333,1,30000,0,0,2,839735,285.213833333333,2088465,0.137,"C++",TRUE
2058,"A",30000,0,878,215.148266666667,2,TRUE,274.334,1,30000,0,0,2,1153057,274.334,1744332,0.107999999999997,"C++",TRUE
2059,"A",30000,0,879,220.4675,3,TRUE,263.680166666667,2,0,30000,0,1,444579,263.680166666667,1705491,0.109999999999999,"C++",TRUE
2060,"A",30000,0,880,167.216666666667,2,TRUE,185.7545,1,30000,0,0,1,394856,185.7545,1297962,0.100999999999999,"C++",TRUE
2061,"A",30000,0,881,185.715966666667,3,TRUE,235.672433333333,2,0,30000,0,1,458089,235.672433333333,1453175,0.109000000000002,"C++",TRUE
2062,"A",30000,0,882,184.3498,2,TRUE,245.4913,1,30000,0,0,2,1059656,245.4913,1525140,0.101999999999997,"C++",TRUE
2063,"A",30000,0,883,209.181166666667,3,TRUE,220.095433333333,2,0,30000,0,1,447048,220.095433333333,1442936,0.106999999999999,"C++",TRUE
2064,"A",30000,0,884,239.966666666667,2,TRUE,306.906933333333,1,30000,0,0,2,1329956,306.906933333333,1957187,0.131,"C++",TRUE
2065,"A",30000,0,885,170.2938,2,TRUE,207.7808,1,30000,0,0,1,469194,207.7808,1485576,0.108000000000004,"C++",TRUE
2066,"A",30000,0,886,165.717433333333,2,TRUE,208.513866666667,1,30000,0,0,2,731012,208.513866666667,1419891,0.103999999999999,"C++",TRUE
2067,"A",30000,0,887,189.9819,2,TRUE,242.204266666667,1,30000,0,0,2,1049528,242.204266666667,1530685,0.101999999999997,"C++",TRUE
2068,"A",30000,0,888,201.2441,3,TRUE,236.1379,2,0,30000,0,1,422543,236.1379,1516622,0.110000000000007,"C++",TRUE
2069,"A",30000,0,889,193.0772,2,TRUE,234.3758,1,30000,0,0,2,866689,234.3758,1603230,0.110999999999997,"C++",TRUE
2070,"A",30000,0,890,168.6395,2,TRUE,215.024166666667,1,30000,0,0,2,759588,215.024166666667,1412597,0.100000000000001,"C++",TRUE
2071,"A",30000,0,891,199.170566666667,2,TRUE,268.630133333333,1,30000,0,0,2,1767467,268.630133333333,1479049,0.0940000000000012,"C++",TRUE
2072,"A",30000,0,892,218.123533333333,2,TRUE,271.576233333333,1,30000,0,0,2,1214465,271.576233333333,1778431,0.122,"C++",TRUE
2073,"A",30000,0,893,195.9579,2,TRUE,255.884966666667,1,30000,0,0,2,1508611,255.884966666667,1447808,0.102999999999994,"C++",TRUE
2074,"A",30000,0,894,212.577133333333,2,TRUE,266.500966666667,1,30000,0,0,2,1359849,266.500966666667,1582113,0.109000000000002,"C++",TRUE
2075,"A",30000,0,895,213.789533333333,2,TRUE,271.114966666667,1,30000,0,0,2,1380226,271.114966666667,1704553,0.109999999999999,"C++",TRUE
2076,"A",30000,0,896,181.973666666667,2,TRUE,212.3813,1,30000,0,0,1,521305,212.3813,1532119,0.105000000000004,"C++",TRUE
2077,"A",30000,0,897,206.484166666667,2,TRUE,285.043733333333,1,30000,0,0,2,1740748,285.043733333333,1502712,0.0929999999999964,"C++",TRUE
2078,"A",30000,0,898,190.892266666667,2,TRUE,244.4016,1,30000,0,0,2,1247927,244.4016,1512978,0.097999999999999,"C++",TRUE
2079,"A",30000,0,899,188.415966666667,2,TRUE,233.079833333333,1,30000,0,0,2,963590,233.079833333333,1567082,0.102000000000004,"C++",TRUE
2080,"A",30000,0,900,157.2374,2,TRUE,190.4782,1,30000,0,0,1,465468,190.4782,1347740,0.0949999999999989,"C++",TRUE
2081,"A",30000,0,901,184.283533333333,2,TRUE,222.848933333333,1,30000,0,0,2,873865,222.848933333333,1542547,0.0949999999999989,"C++",TRUE
2082,"A",30000,0,902,211.043066666667,2,TRUE,277.378633333333,1,30000,0,0,2,1512734,277.378633333333,1571364,0.108999999999995,"C++",TRUE
2083,"A",30000,0,903,193.040433333333,2,TRUE,233.8322,1,30000,0,0,2,783951,233.8322,1636875,0.114000000000004,"C++",TRUE
2084,"A",30000,0,904,230.861533333333,2,TRUE,284.4772,1,30000,0,0,2,1189535,284.4772,1889491,0.131,"C++",TRUE
2085,"A",30000,0,905,140.325266666667,2,TRUE,186.6791,1,30000,0,0,1,506074,186.6791,1199826,0.0799999999999983,"C++",TRUE
2086,"A",30000,0,906,218.0177,2,TRUE,249.5245,1,30000,0,0,1,477057,249.5245,1888994,0.137999999999998,"C++",TRUE
2087,"A",30000,0,907,180.378733333333,2,TRUE,207.2185,1,30000,0,0,1,385973,207.2185,1557501,0.103000000000002,"C++",TRUE
2088,"A",30000,0,908,199.5755,2,TRUE,244.6178,1,30000,0,0,1,588958,244.6178,1718008,0.116999999999997,"C++",TRUE
2089,"A",30000,0,909,230.627566666667,2,TRUE,281.056566666667,1,30000,0,0,2,897724,281.056566666667,1954579,0.141000000000005,"C++",TRUE
2090,"A",30000,0,910,180.252633333333,2,TRUE,219.604433333333,1,30000,0,0,2,878535,219.604433333333,1486966,0.100000000000001,"C++",TRUE
2091,"A",30000,0,911,235.075766666667,2,TRUE,298.477533333333,1,30000,0,0,2,1560461,298.477533333333,1772663,0.119999999999997,"C++",TRUE
2092,"A",30000,0,912,199.1208,2,TRUE,249.698733333333,1,30000,0,0,2,896029,249.698733333333,1668044,0.112000000000002,"C++",TRUE
2093,"A",30000,0,913,192.7108,2,TRUE,245.784233333333,1,30000,0,0,2,1142851,245.784233333333,1555019,0.0919999999999987,"C++",TRUE
2094,"A",30000,0,914,164.5015,2,TRUE,207.4441,1,30000,0,0,1,556705,207.4441,1418189,0.0929999999999964,"C++",TRUE
2095,"A",30000,0,915,202.201233333333,2,TRUE,263.842566666667,1,30000,0,0,2,1502758,263.842566666667,1442964,0.0870000000000033,"C++",TRUE
2096,"A",30000,0,916,206.712933333333,1,TRUE,223.390133333333,3,0,0,30000,2,867723,223.390133333333,1350986,0.0869999999999962,"C++",TRUE
2097,"A",30000,0,917,223.556066666667,2,TRUE,284.2784,1,30000,0,0,2,1526893,284.2784,1612450,0.0990000000000038,"C++",TRUE
2098,"A",30000,0,918,166.5943,2,TRUE,207.323833333333,1,30000,0,0,2,792579,207.323833333333,1406519,0.100000000000001,"C++",TRUE
2099,"A",30000,0,919,188.2749,2,TRUE,235.339166666667,1,30000,0,0,2,887120,235.339166666667,1558800,0.104999999999997,"C++",TRUE
2100,"A",30000,0,920,208.8499,2,TRUE,266.600166666667,1,30000,0,0,2,1281234,266.600166666667,1617099,0.0960000000000036,"C++",TRUE
2101,"A",30000,0,921,213.5291,2,TRUE,266.6935,1,30000,0,0,2,1071435,266.6935,1797983,0.117999999999995,"C++",TRUE
2102,"A",30000,0,922,222.652833333333,2,TRUE,276.5056,1,30000,0,0,2,1373837,276.5056,1678606,0.122,"C++",TRUE
2103,"A",30000,0,923,174.8282,2,TRUE,213.129,1,30000,0,0,2,628831,213.129,1502611,0.101999999999997,"C++",TRUE
2104,"A",30000,0,924,159.114066666667,2,TRUE,201.510933333333,1,30000,0,0,2,690285,201.510933333333,1352859,0.0900000000000034,"C++",TRUE
2105,"A",30000,0,925,241.3987,1,TRUE,257.502933333333,3,0,0,30000,2,815410,257.502933333333,1686597,0.119999999999997,"C++",TRUE
2106,"A",30000,0,926,190.500266666667,2,TRUE,252.9316,1,30000,0,0,2,1458161,252.9316,1406897,0.0889999999999986,"C++",TRUE
2107,"A",30000,0,927,294.8791,2,TRUE,371.794,1,30000,0,0,2,1923091,371.794,2199427,0.152000000000001,"C++",TRUE
2108,"A",30000,0,928,211.645033333333,2,TRUE,295.950933333333,1,30000,0,0,2,1991844,295.950933333333,1472604,0.0940000000000012,"C++",TRUE
2109,"A",30000,0,929,203.067633333333,2,TRUE,259.0265,1,30000,0,0,2,1380546,259.0265,1528088,0.100999999999999,"C++",TRUE
2110,"A",30000,0,930,179.0202,2,TRUE,215.847533333333,1,30000,0,0,2,554714,215.847533333333,1499841,0.102000000000004,"C++",TRUE
2111,"A",30000,0,931,203.1185,2,TRUE,281.163266666667,1,30000,0,0,2,1516556,281.163266666667,1564562,0.0959999999999965,"C++",TRUE
2112,"A",30000,0,932,187.080366666667,2,TRUE,219.586866666667,1,30000,0,0,1,491945,219.586866666667,1583798,0.100000000000001,"C++",TRUE
2113,"A",30000,0,933,200.840066666667,2,TRUE,239.8272,1,30000,0,0,2,618873,239.8272,1682924,0.116,"C++",TRUE
2114,"A",30000,0,934,194.323733333333,2,TRUE,233.8617,1,30000,0,0,2,792024,233.8617,1626417,0.121000000000002,"C++",TRUE
2115,"A",30000,0,935,209.2977,2,TRUE,254.771533333333,1,30000,0,0,2,1076594,254.771533333333,1711188,0.113999999999997,"C++",TRUE
2116,"A",30000,0,936,179.2889,2,TRUE,213.4752,1,30000,0,0,2,705839,213.4752,1505809,0.102000000000004,"C++",TRUE
2117,"A",30000,0,937,202.283333333333,2,TRUE,273.155,1,30000,0,0,2,1617453,273.155,1491733,0.0949999999999989,"C++",TRUE
2118,"A",30000,0,938,205.348833333333,2,TRUE,244.447066666667,1,30000,0,0,2,1110648,244.447066666667,1561319,0.100000000000001,"C++",TRUE
2119,"A",30000,0,939,205.0512,2,TRUE,251.5567,1,30000,0,0,2,570894,251.5567,1814653,0.119,"C++",TRUE
2120,"A",30000,0,940,198.1289,2,TRUE,230.8774,1,30000,0,0,2,620258,230.8774,1663771,0.119,"C++",TRUE
2121,"A",30000,0,941,187.6676,2,TRUE,241.5165,1,30000,0,0,2,1286420,241.5165,1469077,0.0959999999999965,"C++",TRUE
2122,"A",30000,0,942,169.070366666667,2,TRUE,215.8951,1,30000,0,0,2,898137,215.8951,1374542,0.090999999999994,"C++",TRUE
2123,"A",30000,0,943,192.720333333333,2,TRUE,250.319533333333,1,30000,0,0,2,1100048,250.319533333333,1571372,0.102000000000004,"C++",TRUE
2124,"A",30000,0,944,216.1975,2,TRUE,245.1834,1,30000,0,0,1,455782,245.1834,1915665,0.137,"C++",TRUE
2125,"A",30000,0,945,157.072766666667,2,TRUE,184.186233333333,1,30000,0,0,1,514989,184.186233333333,1321320,0.0940000000000012,"C++",TRUE
2126,"A",30000,0,946,174.6784,2,TRUE,224.665066666667,1,30000,0,0,2,1269394,224.665066666667,1358695,0.0859999999999985,"C++",TRUE
2127,"A",30000,0,947,256.063333333333,2,TRUE,299.769033333333,1,30000,0,0,2,1029775,299.769033333333,2158952,0.140999999999998,"C++",TRUE
2128,"A",30000,0,948,188.388633333333,2,TRUE,231.648333333333,1,30000,0,0,2,751804,231.648333333333,1613460,0.0970000000000013,"C++",TRUE
2129,"A",30000,0,949,209.782633333333,2,TRUE,257.333366666667,1,30000,0,0,2,884845,257.333366666667,1775920,0.117000000000004,"C++",TRUE
2130,"A",30000,0,950,174.324266666667,2,TRUE,220.707633333333,1,30000,0,0,2,824233,220.707633333333,1447054,0.0969999999999942,"C++",TRUE
2131,"A",30000,0,951,191.914666666667,2,TRUE,238.581633333333,1,30000,0,0,2,822578,238.581633333333,1622765,0.120000000000005,"C++",TRUE
2132,"A",30000,0,952,196.412133333333,2,TRUE,249.8511,1,30000,0,0,2,883847,249.8511,1664869,0.104999999999997,"C++",TRUE
2133,"A",30000,0,953,189.3515,3,TRUE,229.486466666667,2,0,30000,0,1,531142,229.486466666667,1330446,0.0820000000000007,"C++",TRUE
2134,"A",30000,0,954,208.587466666667,2,TRUE,265.975033333333,1,30000,0,0,2,1182215,265.975033333333,1707465,0.102000000000004,"C++",TRUE
2135,"A",30000,0,955,225.356833333333,3,TRUE,260.4445,2,0,30000,0,1,446236,260.4445,1802199,0.129999999999995,"C++",TRUE
2136,"A",30000,0,956,240.424033333333,2,TRUE,304.398733333333,1,30000,0,0,2,1600672,304.398733333333,1827196,0.121000000000002,"C++",TRUE
2137,"A",30000,0,957,147.598433333333,2,TRUE,191.316533333333,1,30000,0,0,2,905225,191.316533333333,1200719,0.080999999999996,"C++",TRUE
2138,"A",30000,0,958,186.895666666667,2,TRUE,222.414766666667,1,30000,0,0,2,603749,222.414766666667,1590880,0.108000000000004,"C++",TRUE
2139,"A",30000,0,959,228.6549,2,TRUE,278.3576,1,30000,0,0,2,1050308,278.3576,1902273,0.127000000000002,"C++",TRUE
2140,"A",30000,0,960,182.358133333333,2,TRUE,225.776533333333,1,30000,0,0,1,437093,225.776533333333,1603676,0.109999999999999,"C++",TRUE
2141,"A",30000,0,961,180.246066666667,2,TRUE,241.181533333333,1,30000,0,0,2,1395930,241.181533333333,1339689,0.0910000000000011,"C++",TRUE
2142,"A",30000,0,962,180.983466666667,2,TRUE,215.751833333333,1,30000,0,0,1,487933,215.751833333333,1565172,0.101999999999997,"C++",TRUE
2143,"A",30000,0,963,222.572533333333,2,TRUE,274.232766666667,1,30000,0,0,2,765140,274.232766666667,1936653,0.131,"C++",TRUE
2144,"A",30000,0,964,194.742266666667,2,TRUE,243.233666666667,1,30000,0,0,2,1072828,243.233666666667,1570151,0.106999999999999,"C++",TRUE
2145,"A",30000,0,965,167.832466666667,2,TRUE,212.744066666667,1,30000,0,0,2,770177,212.744066666667,1425519,0.095000000000006,"C++",TRUE
2146,"A",30000,0,966,152.902466666667,2,TRUE,186.5656,1,30000,0,0,1,497670,186.5656,1298471,0.0969999999999942,"C++",TRUE
2147,"A",30000,0,967,206.468366666667,2,TRUE,262.592733333333,1,30000,0,0,2,1433826,262.592733333333,1547100,0.100000000000001,"C++",TRUE
2148,"A",30000,0,968,203.631,2,TRUE,273.146433333333,1,30000,0,0,2,1548472,273.146433333333,1517748,0.0960000000000036,"C++",TRUE
2149,"A",30000,0,969,203.1031,2,TRUE,253.206633333333,1,30000,0,0,2,1310144,253.206633333333,1561236,0.0959999999999965,"C++",TRUE
2150,"A",30000,0,970,192.7836,3,TRUE,226.1441,2,0,30000,0,1,375517,226.1441,1550211,0.106000000000002,"C++",TRUE
2151,"A",30000,0,971,231.7634,3,TRUE,267.0357,2,0,30000,0,1,357884,267.0357,1913550,0.121000000000002,"C++",TRUE
2152,"A",30000,0,972,199.9448,2,TRUE,238.2455,1,30000,0,0,2,772632,238.2455,1655791,0.105999999999995,"C++",TRUE
2153,"A",30000,0,973,162.5343,2,TRUE,203.897266666667,1,30000,0,0,2,792428,203.897266666667,1353822,0.0920000000000059,"C++",TRUE
2154,"A",30000,0,974,212.756033333333,3,TRUE,247.2062,2,0,30000,0,1,398832,247.2062,1693149,0.110999999999997,"C++",TRUE
2155,"A",30000,0,975,208.329033333333,2,TRUE,262.152466666667,1,30000,0,0,2,1097161,262.152466666667,1684003,0.116,"C++",TRUE
2156,"A",30000,0,976,197.850233333333,2,TRUE,254.9378,1,30000,0,0,2,1290540,254.9378,1551783,0.101999999999997,"C++",TRUE
2157,"A",30000,0,977,200.194966666667,2,TRUE,266.927366666667,1,30000,0,0,2,1699334,266.927366666667,1511371,0.103000000000002,"C++",TRUE
2158,"A",30000,0,978,189.5877,2,TRUE,238.669866666667,1,30000,0,0,2,738657,238.669866666667,1621070,0.106999999999999,"C++",TRUE
2159,"A",30000,0,979,165.265066666667,2,TRUE,201.876866666667,1,30000,0,0,2,683675,201.876866666667,1388882,0.106999999999999,"C++",TRUE
2160,"A",30000,0,980,185.2465,3,TRUE,223.2302,2,0,30000,0,1,428314,223.2302,1432881,0.102000000000004,"C++",TRUE
2161,"A",30000,0,981,223.734966666667,2,TRUE,270.519466666667,1,30000,0,0,2,806920,270.519466666667,1929617,0.128999999999998,"C++",TRUE
2162,"A",30000,0,982,181.759066666667,2,TRUE,216.5728,1,30000,0,0,2,839171,216.5728,1433114,0.102000000000004,"C++",TRUE
2163,"A",30000,0,983,209.6659,2,TRUE,256.687233333333,1,30000,0,0,2,849357,256.687233333333,1816671,0.136999999999993,"C++",TRUE
2164,"A",30000,0,984,210.3277,2,TRUE,254.824733333333,1,30000,0,0,2,752975,254.824733333333,1810003,0.130000000000003,"C++",TRUE
2165,"A",30000,0,985,181.603133333333,2,TRUE,212.351266666667,1,30000,0,0,1,457440,212.351266666667,1569196,0.105000000000004,"C++",TRUE
2166,"A",30000,0,986,217.2315,2,TRUE,272.809,1,30000,0,0,2,1325426,272.809,1706135,0.105999999999995,"C++",TRUE
2167,"A",30000,0,987,192.330666666667,2,TRUE,235.8048,1,30000,0,0,2,617687,235.8048,1659847,0.105000000000004,"C++",TRUE
2168,"A",30000,0,988,179.939233333333,2,TRUE,215.719066666667,1,30000,0,0,1,582525,215.719066666667,1530276,0.0989999999999966,"C++",TRUE
2169,"A",30000,0,989,206.517666666667,2,TRUE,246.2981,1,30000,0,0,2,1087583,246.2981,1572714,0.106999999999999,"C++",TRUE
2170,"A",30000,0,990,188.244633333333,2,TRUE,228.1442,1,30000,0,0,2,690560,228.1442,1609019,0.109000000000002,"C++",TRUE
2171,"A",30000,0,991,210.768466666667,2,TRUE,267.656366666667,1,30000,0,0,2,1552313,267.656366666667,1624369,0.108000000000004,"C++",TRUE
2172,"A",30000,0,992,217.397933333333,2,TRUE,272.686733333333,1,30000,0,0,2,1161885,272.686733333333,1813135,0.114999999999995,"C++",TRUE
2173,"A",30000,0,993,249.149433333333,2,TRUE,297.8561,1,30000,0,0,2,1082927,297.8561,2088550,0.135000000000005,"C++",TRUE
2174,"A",30000,0,994,203.9376,2,TRUE,259.3979,1,30000,0,0,2,1201960,259.3979,1625942,0.108999999999995,"C++",TRUE
2175,"A",30000,0,995,293.262633333333,3,TRUE,320.773666666667,2,0,30000,0,1,434133,320.773666666667,2382165,0.172000000000004,"C++",TRUE
2176,"A",30000,0,996,191.7378,3,TRUE,232.8686,2,0,30000,0,1,421821,232.8686,1461890,0.0899999999999963,"C++",TRUE
2177,"A",30000,0,997,173.148633333333,2,TRUE,214.2438,1,30000,0,0,2,786772,214.2438,1468934,0.0930000000000035,"C++",TRUE
2178,"A",30000,0,998,208.866466666667,2,TRUE,267.680466666667,1,30000,0,0,2,1389889,267.680466666667,1686763,0.113,"C++",TRUE
2179,"A",30000,0,999,156.6165,2,TRUE,190.055133333333,1,30000,0,0,2,644454,190.055133333333,1309610,0.0910000000000011,"C++",TRUE
2180,"A",30000,0,1000,260.8023,2,TRUE,296.093333333333,1,30000,0,0,2,727911,296.093333333333,2252570,0.141999999999996,"C++",TRUE
2181,"B",1000,0.001,1,179.074,2,FALSE,NA,NA,885,17,98,78,2488528,7000,839343,0.0459999999999994,"C++",FALSE
2182,"B",1000,0.001,2,110.749,2,FALSE,NA,NA,91,1,908,84,2522382,7000,872826,0.0519999999999996,"C++",FALSE
2183,"B",1000,0.001,3,119.574,2,FALSE,NA,NA,834,1,165,78,2534308,7000,826930,0.0459999999999994,"C++",FALSE
2184,"B",1000,0.001,4,110.01,2,FALSE,NA,NA,4,670,326,80,2441180,7000,850487,0.0510000000000019,"C++",FALSE
2185,"B",1000,0.001,5,109.451,2,FALSE,NA,NA,249,750,1,87,2333863,7000,908328,0.0510000000000019,"C++",FALSE
2186,"B",1000,0.001,6,72.871,2,FALSE,NA,NA,872,121,7,82,2410270,7000,857840,0.0509999999999948,"C++",FALSE
2187,"B",1000,0.001,7,152.021,2,FALSE,NA,NA,431,1,568,82,2441943,7000,868521,0.0510000000000019,"C++",FALSE
2188,"B",1000,0.001,8,151.977,2,FALSE,NA,NA,117,668,215,81,2504053,7000,871771,0.0499999999999972,"C++",FALSE
2189,"B",1000,0.001,9,109.177,2,FALSE,NA,NA,925,71,4,83,2406331,7000,865269,0.0510000000000019,"C++",FALSE
2190,"B",1000,0.001,10,93.035,3,FALSE,NA,NA,986,8,6,83,2453656,7000,856952,0.0480000000000018,"C++",FALSE
2191,"B",1000,0.001,11,134.947,2,FALSE,NA,NA,927,73,0,81,2554374,7000,860074,0.0549999999999997,"C++",FALSE
2192,"B",1000,0.001,12,126.923,2,FALSE,NA,NA,745,250,5,81,2526756,7000,847255,0.0439999999999969,"C++",FALSE
2193,"B",1000,0.001,13,92.442,2,FALSE,NA,NA,2,447,551,80,2450632,7000,835520,0.0470000000000041,"C++",FALSE
2194,"B",1000,0.001,14,107.568,2,FALSE,NA,NA,307,680,13,81,2464370,7000,856456,0.0509999999999948,"C++",FALSE
2195,"B",1000,0.001,15,123.204,2,FALSE,NA,NA,956,44,0,84,2440218,7000,882185,0.0500000000000043,"C++",FALSE
2196,"B",1000,0.001,16,98.603,2,FALSE,NA,NA,927,69,4,87,2363357,7000,912245,0.0450000000000017,"C++",FALSE
2197,"B",1000,0.001,17,105.428,2,FALSE,NA,NA,852,145,3,80,2472416,7000,842244,0.046999999999997,"C++",FALSE
2198,"B",1000,0.001,18,121.362,3,FALSE,NA,NA,193,0,807,77,2553222,7000,817965,0.0429999999999993,"C++",FALSE
2199,"B",1000,0.001,19,63.753,2,FALSE,NA,NA,926,1,73,83,2425622,7000,853261,0.0510000000000019,"C++",FALSE
2200,"B",1000,0.001,20,125.076,2,FALSE,NA,NA,882,116,2,84,2506141,7000,886897,0.0640000000000001,"C++",FALSE
2201,"B",1000,1e-04,1,125.677,2,FALSE,NA,NA,2,998,0,24,2907283,7000,267720,0.0150000000000006,"C++",FALSE
2202,"B",1000,1e-04,2,71.601,3,TRUE,7000,2,0,1000,0,17,2877212,7000,193893,0.0169999999999959,"C++",FALSE
2203,"B",1000,1e-04,3,94.391,2,TRUE,7000,3,0,0,1000,20,3633169,7000,216714,0.0130000000000052,"C++",FALSE
2204,"B",1000,1e-04,4,97.796,2,FALSE,NA,NA,0,584,416,22,3277220,7000,250974,0.0209999999999937,"C++",FALSE
2205,"B",1000,1e-04,5,88.528,3,TRUE,7000,1,1000,0,0,18,3463148,7000,207562,0.0100000000000051,"C++",FALSE
2206,"B",1000,1e-04,6,72.046,2,TRUE,7000,2,0,1000,0,21,3218200,7000,228295,0.00999999999999801,"C++",FALSE
2207,"B",1000,1e-04,7,122.919,2,TRUE,7000,2,0,1000,0,28,2906529,7000,304508,0.0140000000000029,"C++",FALSE
2208,"B",1000,1e-04,8,122.842,1,FALSE,NA,NA,1,999,0,20,3278337,7000,225547,0.0169999999999959,"C++",FALSE
2209,"B",1000,1e-04,9,136.022,2,FALSE,NA,NA,0,928,72,25,2701306,7000,273807,0.0129999999999981,"C++",FALSE
2210,"B",1000,1e-04,10,199.958,2,FALSE,NA,NA,988,0,12,25,3796936,7000,294800,0.0140000000000029,"C++",FALSE
2211,"B",1000,1e-04,11,86.062,2,TRUE,7000,3,0,0,1000,22,3285041,7000,239485,0.0110000000000028,"C++",FALSE
2212,"B",1000,1e-04,12,135.709,3,TRUE,7000,1,1000,0,0,17,3225354,7000,201910,0.0140000000000029,"C++",FALSE
2213,"B",1000,1e-04,13,85.257,2,TRUE,7000,2,0,1000,0,21,3316171,7000,224192,0.0200000000000031,"C++",FALSE
2214,"B",1000,1e-04,14,132.173,1,TRUE,7000,1,1000,0,0,24,3290810,7000,257469,0.0129999999999981,"C++",FALSE
2215,"B",1000,1e-04,15,107.508,2,TRUE,7000,3,0,0,1000,27,2829023,7000,284174,0.0180000000000007,"C++",FALSE
2216,"B",1000,1e-04,16,55.972,2,FALSE,NA,NA,0,30,970,24,2832084,7000,247125,0.0150000000000006,"C++",FALSE
2217,"B",1000,1e-04,17,80.964,2,TRUE,7000,2,0,1000,0,22,3078106,7000,243840,0.0109999999999957,"C++",FALSE
2218,"B",1000,1e-04,18,142.647,3,FALSE,NA,NA,18,981,1,23,2971198,7000,268049,0.017000000000003,"C++",FALSE
2219,"B",1000,1e-04,19,65.344,3,TRUE,7000,3,0,0,1000,19,3125022,7000,190766,0.0109999999999957,"C++",FALSE
2220,"B",1000,1e-04,20,101.923,3,TRUE,7000,3,0,0,1000,18,2654161,7000,196489,0.00900000000000034,"C++",FALSE
2221,"B",1000,1e-05,1,98.667,2,TRUE,7000,3,0,0,1000,4,4052392,7000,56005,0.00300000000000011,"C++",FALSE
2222,"B",1000,1e-05,2,92.736,3,TRUE,7000,3,0,0,1000,5,2487624,7000,58269,0.00300000000000011,"C++",FALSE
2223,"B",1000,1e-05,3,76.369,3,TRUE,7000,1,1000,0,0,4,3919439,7000,57399,0.00300000000000011,"C++",FALSE
2224,"B",1000,1e-05,4,117.937,2,TRUE,7000,3,0,0,1000,5,2496888,7000,59029,0.00300000000000011,"C++",FALSE
2225,"B",1000,1e-05,5,163.873,2,TRUE,7000,3,0,0,1000,4,3384946,7000,71296,0.00400000000000489,"C++",FALSE
2226,"B",1000,1e-05,6,107.149,1,TRUE,7000,1,1000,0,0,4,3396769,7000,51773,0.00300000000000011,"C++",FALSE
2227,"B",1000,1e-05,7,89.428,2,TRUE,7000,3,0,0,1000,6,4407766,7000,62130,0.00399999999999778,"C++",FALSE
2228,"B",1000,1e-05,8,123.642,2,TRUE,7000,1,1000,0,0,3,1716736,7000,57478,0.0069999999999979,"C++",FALSE
2229,"B",1000,1e-05,9,73.456,3,TRUE,7000,3,0,0,1000,3,3606043,7000,31677,0.00200000000000244,"C++",FALSE
2230,"B",1000,1e-05,10,78.236,2,TRUE,7000,3,0,0,1000,3,2836403,7000,37394,0.00200000000000244,"C++",FALSE
2231,"B",1000,1e-05,11,111.392,2,TRUE,7000,3,0,0,1000,3,5142358,7000,50285,0.00300000000000011,"C++",FALSE
2232,"B",1000,1e-05,12,89.703,3,TRUE,7000,3,0,0,1000,3,4799647,7000,38222,0.00199999999999534,"C++",FALSE
2233,"B",1000,1e-05,13,88.151,2,TRUE,7000,3,0,0,1000,5,1388266,7000,60797,0.00300000000000011,"C++",FALSE
2234,"B",1000,1e-05,14,147.267,2,TRUE,7000,3,0,0,1000,3,5719091,7000,45583,0.00200000000000244,"C++",FALSE
2235,"B",1000,1e-05,15,84.851,2,TRUE,7000,3,0,0,1000,3,1511194,7000,40530,0.00200000000000244,"C++",FALSE
2236,"B",1000,1e-05,16,77.147,2,TRUE,7000,1,1000,0,0,4,1360278,7000,53983,0.00300000000000011,"C++",FALSE
2237,"B",1000,1e-05,17,179.277,2,TRUE,7000,1,1000,0,0,5,3690461,7000,78294,0.00399999999999778,"C++",FALSE
2238,"B",1000,1e-05,18,116.715,2,TRUE,7000,3,0,0,1000,3,1930051,7000,53692,0.00499999999999545,"C++",FALSE
2239,"B",1000,1e-05,19,86.431,2,TRUE,7000,2,0,1000,0,4,1434388,7000,58599,0.007000000000005,"C++",FALSE
2240,"B",1000,1e-05,20,86.577,2,TRUE,7000,1,1000,0,0,3,1578633,7000,36474,0.00199999999999534,"C++",FALSE
2241,"A",10000,0,1,175.8007,2,TRUE,221.3232,1,10000,0,0,2,317564,221.3232,473797,0.0300000000000011,"C++",TRUE
2242,"A",10000,0,2,188.5111,2,TRUE,232.1267,1,10000,0,0,2,317003,232.1267,505950,0.0339999999999989,"C++",TRUE
2243,"A",10000,0,3,137.9572,2,TRUE,166.2665,1,10000,0,0,2,220056,166.2665,369142,0.027000000000001,"C++",TRUE
2244,"A",10000,0,4,232.3243,2,TRUE,286.9576,1,10000,0,0,2,458801,286.9576,620226,0.0399999999999991,"C++",TRUE
2245,"A",10000,0,5,182.9345,2,TRUE,232.1551,1,10000,0,0,2,253163,232.1551,527881,0.0360000000000014,"C++",TRUE
2246,"A",10000,0,6,140.9397,2,TRUE,166.4156,1,10000,0,0,1,135714,166.4156,393033,0.0279999999999987,"C++",TRUE
2247,"A",10000,0,7,226.4794,3,TRUE,265.7956,2,0,10000,0,1,133522,265.7956,603461,0.0429999999999993,"C++",TRUE
2248,"A",10000,0,8,161.2096,2,TRUE,189.2997,1,10000,0,0,2,175890,189.2997,451843,0.0280000000000058,"C++",TRUE
2249,"A",10000,0,9,190.7413,2,TRUE,222.8876,1,10000,0,0,1,194512,222.8876,558765,0.0379999999999967,"C++",TRUE
2250,"A",10000,0,10,160.2418,2,TRUE,198.6416,1,10000,0,0,2,251485,198.6416,444935,0.0260000000000034,"C++",TRUE
2251,"A",10000,0,11,260.4106,2,TRUE,306.7704,1,10000,0,0,2,315655,306.7704,754802,0.0509999999999948,"C++",TRUE
2252,"A",10000,0,12,152.7169,3,TRUE,189.9344,2,0,10000,0,1,153415,189.9344,367055,0.0250000000000057,"C++",TRUE
2253,"A",10000,0,13,160.1138,3,TRUE,197.7139,2,0,10000,0,1,127578,197.7139,413714,0.0269999999999939,"C++",TRUE
2254,"A",10000,0,14,166.6657,2,TRUE,204.2806,1,10000,0,0,2,219514,204.2806,470890,0.0300000000000011,"C++",TRUE
2255,"A",10000,0,15,143.3293,2,TRUE,189.332,1,10000,0,0,2,294182,189.332,395821,0.0230000000000032,"C++",TRUE
2256,"A",10000,0,16,158.8829,2,TRUE,203.4295,1,10000,0,0,1,157156,203.4295,465674,0.0360000000000014,"C++",TRUE
2257,"A",10000,0,17,198.3409,2,TRUE,252.444,1,10000,0,0,2,420791,252.444,503745,0.0349999999999966,"C++",TRUE
2258,"A",10000,0,18,154.7718,2,TRUE,190.3186,1,10000,0,0,2,239083,190.3186,435939,0.0249999999999986,"C++",TRUE
2259,"A",10000,0,19,141.1875,2,TRUE,169.7857,1,10000,0,0,1,153721,169.7857,402047,0.0290000000000035,"C++",TRUE
2260,"A",10000,0,20,171.4835,2,TRUE,227.3123,1,10000,0,0,2,489050,227.3123,406364,0.0249999999999986,"C++",TRUE
2261,"A",10000,0,21,145.008,3,TRUE,171.2397,2,0,10000,0,1,97872,171.2397,391466,0.0309999999999988,"C++",TRUE
2262,"A",10000,0,22,238.8416,2,TRUE,291.8257,1,10000,0,0,2,414628,291.8257,649523,0.0570000000000022,"C++",TRUE
2263,"A",10000,0,23,183.1508,2,TRUE,241.8106,1,10000,0,0,2,385686,241.8106,488988,0.036999999999999,"C++",TRUE
2264,"A",10000,0,24,151.9891,2,TRUE,189.5333,1,10000,0,0,1,141759,189.5333,447857,0.027000000000001,"C++",TRUE
2265,"A",10000,0,25,165.9918,2,TRUE,217.3828,1,10000,0,0,2,311186,217.3828,449365,0.0309999999999988,"C++",TRUE
2266,"A",10000,0,26,129.0782,2,TRUE,171.3457,1,10000,0,0,1,169850,171.3457,358013,0.0210000000000008,"C++",TRUE
2267,"A",10000,0,27,161.9442,2,TRUE,198.5633,1,10000,0,0,2,272207,198.5633,449737,0.0309999999999988,"C++",TRUE
2268,"A",10000,0,28,138.0144,2,TRUE,177.0058,1,10000,0,0,2,284319,177.0058,368716,0.0210000000000008,"C++",TRUE
2269,"A",10000,0,29,153.488,2,TRUE,177.0566,1,10000,0,0,1,135584,177.0566,441047,0.027000000000001,"C++",TRUE
2270,"A",10000,0,30,150.61,2,TRUE,186.7864,1,10000,0,0,2,163375,186.7864,422704,0.0330000000000013,"C++",TRUE
2271,"A",10000,0,31,227.7206,3,TRUE,279.3536,2,0,10000,0,2,201619,279.3536,609966,0.046999999999997,"C++",TRUE
2272,"A",10000,0,32,169.0617,2,TRUE,198.3029,1,10000,0,0,1,141454,198.3029,501927,0.0350000000000037,"C++",TRUE
2273,"A",10000,0,33,130.1824,2,TRUE,165.7971,1,10000,0,0,1,210992,165.7971,371058,0.0269999999999939,"C++",TRUE
2274,"A",10000,0,34,118.2379,2,TRUE,149.8914,1,10000,0,0,1,160932,149.8914,337450,0.0200000000000031,"C++",TRUE
2275,"A",10000,0,35,216.4828,3,TRUE,243.8835,2,0,10000,0,1,129803,243.8835,555081,0.0429999999999993,"C++",TRUE
2276,"A",10000,0,36,136.5315,2,TRUE,189.0771,1,10000,0,0,2,340193,189.0771,368075,0.0210000000000008,"C++",TRUE
2277,"A",10000,0,37,191.1017,2,TRUE,261.1402,1,10000,0,0,2,605866,261.1402,465592,0.0309999999999988,"C++",TRUE
2278,"A",10000,0,38,149.7156,2,TRUE,184.7824,1,10000,0,0,2,202533,184.7824,424819,0.0320000000000036,"C++",TRUE
2279,"A",10000,0,39,156.9205,2,TRUE,201.4878,1,10000,0,0,2,343725,201.4878,424975,0.0329999999999941,"C++",TRUE
2280,"A",10000,0,40,236.4509,1,TRUE,251.7189,3,0,0,10000,2,284247,251.7189,568105,0.034000000000006,"C++",TRUE
2281,"A",10000,0,41,154.4703,2,TRUE,205.9246,1,10000,0,0,2,228705,205.9246,427883,0.0249999999999986,"C++",TRUE
2282,"A",10000,0,42,197.3143,2,TRUE,254.1393,1,10000,0,0,2,419999,254.1393,528355,0.036999999999999,"C++",TRUE
2283,"A",10000,0,43,189.4824,2,TRUE,225.3217,1,10000,0,0,1,226493,225.3217,548355,0.0330000000000013,"C++",TRUE
2284,"A",10000,0,44,170.1958,2,TRUE,209.3941,1,10000,0,0,2,294244,209.3941,464019,0.027000000000001,"C++",TRUE
2285,"A",10000,0,45,168.402,3,TRUE,209.4276,2,0,10000,0,1,117877,209.4276,455502,0.0309999999999988,"C++",TRUE
2286,"A",10000,0,46,198.3275,2,TRUE,255.6985,1,10000,0,0,2,508542,255.6985,492822,0.0279999999999987,"C++",TRUE
2287,"A",10000,0,47,158.5154,2,TRUE,212.2741,1,10000,0,0,2,414978,212.2741,404232,0.0230000000000032,"C++",TRUE
2288,"A",10000,0,48,187.8857,3,TRUE,228.1228,2,0,10000,0,1,115732,228.1228,498635,0.0349999999999966,"C++",TRUE
2289,"A",10000,0,49,192.4117,2,TRUE,260.9831,1,10000,0,0,2,588298,260.9831,467275,0.027000000000001,"C++",TRUE
2290,"A",10000,0,50,148.035,2,TRUE,177.5667,1,10000,0,0,1,192665,177.5667,422447,0.0259999999999962,"C++",TRUE
2291,"A",10000,0,51,144.7263,2,TRUE,175.0519,1,10000,0,0,1,159914,175.0519,411718,0.0260000000000034,"C++",TRUE
2292,"A",10000,0,52,177.6943,3,TRUE,205.5741,2,0,10000,0,1,94547,205.5741,486825,0.0289999999999964,"C++",TRUE
2293,"A",10000,0,53,143.4253,2,TRUE,180.0221,1,10000,0,0,1,238618,180.0221,404537,0.0330000000000013,"C++",TRUE
2294,"A",10000,0,54,209.5807,3,TRUE,237.4937,2,0,10000,0,2,340786,237.4937,452883,0.0249999999999986,"C++",TRUE
2295,"A",10000,0,55,170.6507,3,TRUE,200.7777,2,0,10000,0,1,168093,200.7777,436315,0.0300000000000011,"C++",TRUE
2296,"A",10000,0,56,138.2826,2,TRUE,181.0396,1,10000,0,0,2,328984,181.0396,379484,0.0290000000000035,"C++",TRUE
2297,"A",10000,0,57,173.6466,2,TRUE,221.0399,1,10000,0,0,2,407828,221.0399,449308,0.0360000000000014,"C++",TRUE
2298,"A",10000,0,58,178.4529,2,TRUE,218.7846,1,10000,0,0,2,343925,218.7846,460542,0.029999999999994,"C++",TRUE
2299,"A",10000,0,59,206.5921,3,TRUE,241.5301,2,0,10000,0,1,128041,241.5301,559420,0.0400000000000063,"C++",TRUE
2300,"A",10000,0,60,153.9622,2,TRUE,197.1928,1,10000,0,0,2,251771,197.1928,429816,0.0269999999999939,"C++",TRUE
2301,"A",10000,0,61,149.4739,2,TRUE,186.9514,1,10000,0,0,2,264382,186.9514,426101,0.0280000000000058,"C++",TRUE
2302,"A",10000,0,62,132.2311,2,TRUE,167.1722,1,10000,0,0,2,197645,167.1722,371325,0.0219999999999985,"C++",TRUE
2303,"A",10000,0,63,135.9292,2,TRUE,168.816,1,10000,0,0,1,195759,168.816,381159,0.027000000000001,"C++",TRUE
2304,"A",10000,0,64,168.0803,2,TRUE,212.7359,1,10000,0,0,2,328791,212.7359,452490,0.0259999999999962,"C++",TRUE
2305,"A",10000,0,65,184.0088,2,TRUE,232.7616,1,10000,0,0,2,430572,232.7616,454765,0.0260000000000034,"C++",TRUE
2306,"A",10000,0,66,169.5938,1,TRUE,190.372,3,0,0,10000,2,222303,190.372,401684,0.027000000000001,"C++",TRUE
2307,"A",10000,0,67,157.1972,2,TRUE,188.3087,1,10000,0,0,2,197357,188.3087,434774,0.0259999999999962,"C++",TRUE
2308,"A",10000,0,68,175.5933,2,TRUE,228.4911,1,10000,0,0,2,421388,228.4911,466325,0.036999999999999,"C++",TRUE
2309,"A",10000,0,69,133.4952,2,TRUE,169.4801,1,10000,0,0,2,216720,169.4801,380618,0.0219999999999985,"C++",TRUE
2310,"A",10000,0,70,201.1394,3,TRUE,219.4831,2,0,10000,0,1,190343,219.4831,491160,0.0310000000000059,"C++",TRUE
2311,"A",10000,0,71,181.2864,2,TRUE,218.6941,1,10000,0,0,2,249465,218.6941,514812,0.0409999999999968,"C++",TRUE
2312,"A",10000,0,72,177.6801,2,TRUE,237.2456,1,10000,0,0,2,465848,237.2456,439791,0.0300000000000011,"C++",TRUE
2313,"A",10000,0,73,173.8258,2,TRUE,207.2527,1,10000,0,0,1,162211,207.2527,514457,0.0360000000000014,"C++",TRUE
2314,"A",10000,0,74,192.6818,2,TRUE,250.503,1,10000,0,0,2,418406,250.503,529344,0.036999999999999,"C++",TRUE
2315,"A",10000,0,75,165.5645,2,TRUE,216.4941,1,10000,0,0,2,285635,216.4941,445126,0.0349999999999966,"C++",TRUE
2316,"A",10000,0,76,183.1597,1,TRUE,197.1812,3,0,0,10000,2,204327,197.1812,449563,0.0260000000000034,"C++",TRUE
2317,"A",10000,0,77,136.5686,2,TRUE,169.7123,1,10000,0,0,1,161799,169.7123,394529,0.0330000000000013,"C++",TRUE
2318,"A",10000,0,78,168.9105,2,TRUE,204.783,1,10000,0,0,2,274330,204.783,473570,0.0309999999999988,"C++",TRUE
2319,"A",10000,0,79,151.796,3,TRUE,189.6251,2,0,10000,0,1,130288,189.6251,401145,0.027000000000001,"C++",TRUE
2320,"A",10000,0,80,148.9466,2,TRUE,207.7281,1,10000,0,0,2,402514,207.7281,388540,0.0240000000000009,"C++",TRUE
2321,"A",10000,0,81,135.3905,2,TRUE,167.4107,1,10000,0,0,1,154988,167.4107,386496,0.0279999999999987,"C++",TRUE
2322,"A",10000,0,82,177.0855,1,TRUE,199.3345,3,0,0,10000,2,255715,199.3345,398263,0.0279999999999987,"C++",TRUE
2323,"A",10000,0,83,166.2885,3,TRUE,195.9791,2,0,10000,0,1,118815,195.9791,429272,0.0259999999999962,"C++",TRUE
2324,"A",10000,0,84,160.5136,1,TRUE,176.8394,3,0,0,10000,2,235167,176.8394,358593,0.0280000000000058,"C++",TRUE
2325,"A",10000,0,85,141.6286,2,TRUE,172.287,1,10000,0,0,2,182955,172.287,405302,0.0289999999999964,"C++",TRUE
2326,"A",10000,0,86,154.8835,2,TRUE,198.5495,1,10000,0,0,2,353745,198.5495,401447,0.0320000000000036,"C++",TRUE
2327,"A",10000,0,87,162.198,1,TRUE,180.0665,3,0,0,10000,2,242249,180.0665,354801,0.019999999999996,"C++",TRUE
2328,"A",10000,0,88,165.3144,2,TRUE,229.9335,1,10000,0,0,2,383559,229.9335,452233,0.0290000000000035,"C++",TRUE
2329,"A",10000,0,89,229.4341,2,TRUE,281.0237,1,10000,0,0,2,274417,281.0237,636435,0.0459999999999994,"C++",TRUE
2330,"A",10000,0,90,129.4021,2,TRUE,151.3722,1,10000,0,0,1,141985,151.3722,354453,0.0249999999999986,"C++",TRUE
2331,"A",10000,0,91,146.0093,3,TRUE,182.363,2,0,10000,0,1,123075,182.363,376218,0.0260000000000034,"C++",TRUE
2332,"A",10000,0,92,188.0287,2,TRUE,237.4311,1,10000,0,0,2,396407,237.4311,512992,0.0349999999999966,"C++",TRUE
2333,"A",10000,0,93,122.0701,2,TRUE,157.3383,1,10000,0,0,2,216162,157.3383,346212,0.0260000000000034,"C++",TRUE
2334,"A",10000,0,94,180.3203,3,TRUE,207.4451,2,0,10000,0,1,99719,207.4451,489434,0.0329999999999941,"C++",TRUE
2335,"A",10000,0,95,193.3998,2,TRUE,226.9688,1,10000,0,0,1,168680,226.9688,567212,0.0390000000000015,"C++",TRUE
2336,"A",10000,0,96,128.9739,2,TRUE,153.9623,1,10000,0,0,1,133410,153.9623,368440,0.0260000000000034,"C++",TRUE
2337,"A",10000,0,97,135.4229,3,TRUE,177.7735,2,0,10000,0,1,121513,177.7735,359010,0.0210000000000008,"C++",TRUE
2338,"A",10000,0,98,181.8324,2,TRUE,252.6277,1,10000,0,0,2,531120,252.6277,468621,0.0319999999999965,"C++",TRUE
2339,"A",10000,0,99,117.4918,2,TRUE,147.891,1,10000,0,0,1,153806,147.891,338289,0.0210000000000008,"C++",TRUE
2340,"A",10000,0,100,164.7218,2,TRUE,215.6174,1,10000,0,0,2,420343,215.6174,444153,0.0309999999999988,"C++",TRUE
2341,"A",10000,0,101,143.5882,2,TRUE,176.1846,1,10000,0,0,1,167939,176.1846,418260,0.0249999999999986,"C++",TRUE
2342,"A",10000,0,102,165.9511,2,TRUE,204.5645,1,10000,0,0,2,277625,204.5645,451419,0.0320000000000036,"C++",TRUE
2343,"A",10000,0,103,193.4334,3,TRUE,228.5541,2,0,10000,0,1,126051,228.5541,523008,0.0390000000000015,"C++",TRUE
2344,"A",10000,0,104,272.4226,2,TRUE,326.0059,1,10000,0,0,2,494948,326.0059,728936,0.0509999999999948,"C++",TRUE
2345,"A",10000,0,105,191.1487,2,TRUE,255.7309,1,10000,0,0,2,561018,255.7309,474315,0.0320000000000036,"C++",TRUE
2346,"A",10000,0,106,209.6649,2,TRUE,260.0855,1,10000,0,0,2,337920,260.0855,578596,0.0390000000000015,"C++",TRUE
2347,"A",10000,0,107,224.7987,2,TRUE,282.4004,1,10000,0,0,2,569783,282.4004,563857,0.0389999999999944,"C++",TRUE
2348,"A",10000,0,108,153.1873,2,TRUE,187.6244,1,10000,0,0,1,203821,187.6244,434796,0.0260000000000034,"C++",TRUE
2349,"A",10000,0,109,140.9658,2,TRUE,185.0234,1,10000,0,0,2,293259,185.0234,387556,0.0219999999999985,"C++",TRUE
2350,"A",10000,0,110,132.8715,2,TRUE,180.1641,1,10000,0,0,2,341914,180.1641,357631,0.0210000000000008,"C++",TRUE
2351,"A",10000,0,111,209.4643,2,TRUE,270.7911,1,10000,0,0,2,510970,270.7911,551791,0.0379999999999967,"C++",TRUE
2352,"A",10000,0,112,191.2144,2,TRUE,253.502,1,10000,0,0,2,581022,253.502,466189,0.027000000000001,"C++",TRUE
2353,"A",10000,0,113,149.8886,2,TRUE,196.3012,1,10000,0,0,2,286261,196.3012,432583,0.0260000000000034,"C++",TRUE
2354,"A",10000,0,114,171.6999,3,TRUE,202.9553,2,0,10000,0,1,112299,202.9553,459709,0.0279999999999987,"C++",TRUE
2355,"A",10000,0,115,141.3285,2,TRUE,178.9282,1,10000,0,0,1,159533,178.9282,403296,0.0240000000000009,"C++",TRUE
2356,"A",10000,0,116,212.2592,2,TRUE,263.4704,1,10000,0,0,2,355440,263.4704,573100,0.0379999999999967,"C++",TRUE
2357,"A",10000,0,117,171.8686,3,TRUE,226.0225,2,0,10000,0,1,136759,226.0225,448857,0.0260000000000034,"C++",TRUE
2358,"A",10000,0,118,193.0803,3,TRUE,232.8529,2,0,10000,0,1,110723,232.8529,519943,0.0360000000000014,"C++",TRUE
2359,"A",10000,0,119,177.5842,2,TRUE,230.3387,1,10000,0,0,2,388693,230.3387,471668,0.0390000000000015,"C++",TRUE
2360,"A",10000,0,120,182.6041,2,TRUE,248.3182,1,10000,0,0,2,550782,248.3182,423718,0.029999999999994,"C++",TRUE
2361,"A",10000,0,121,139.5804,2,TRUE,183.7452,1,10000,0,0,1,161679,183.7452,411907,0.0250000000000057,"C++",TRUE
2362,"A",10000,0,122,205.404,2,TRUE,231.2612,1,10000,0,0,1,142935,231.2612,600523,0.0409999999999968,"C++",TRUE
2363,"A",10000,0,123,159.4055,2,TRUE,215.9093,1,10000,0,0,2,446334,215.9093,398576,0.0260000000000034,"C++",TRUE
2364,"A",10000,0,124,212.2902,2,TRUE,273.0511,1,10000,0,0,3,659733,273.0511,477687,0.0269999999999939,"C++",TRUE
2365,"A",10000,0,125,208.371,2,TRUE,274.6634,1,10000,0,0,2,517775,274.6634,524568,0.0360000000000014,"C++",TRUE
2366,"A",10000,0,126,149.7337,2,TRUE,187.3906,1,10000,0,0,2,279853,187.3906,412815,0.0240000000000009,"C++",TRUE
2367,"A",10000,0,127,217.3026,2,TRUE,290.6657,1,10000,0,0,2,577881,290.6657,549745,0.0330000000000013,"C++",TRUE
2368,"A",10000,0,128,174.8771,2,TRUE,200.9806,1,10000,0,0,1,173431,200.9806,472273,0.0360000000000014,"C++",TRUE
2369,"A",10000,0,129,124.3121,2,TRUE,158.885,1,10000,0,0,1,183182,158.885,356290,0.0219999999999985,"C++",TRUE
2370,"A",10000,0,130,177.1907,2,TRUE,229.6334,1,10000,0,0,2,416607,229.6334,469519,0.027000000000001,"C++",TRUE
2371,"A",10000,0,131,166.4053,2,TRUE,211.0138,1,10000,0,0,2,293149,211.0138,446806,0.0319999999999965,"C++",TRUE
2372,"A",10000,0,132,209.9059,2,TRUE,251.3407,1,10000,0,0,2,227460,251.3407,596930,0.0360000000000014,"C++",TRUE
2373,"A",10000,0,133,174.4467,2,TRUE,232.2254,1,10000,0,0,2,508121,232.2254,421577,0.0300000000000011,"C++",TRUE
2374,"A",10000,0,134,164.2481,2,TRUE,195.3368,1,10000,0,0,1,186325,195.3368,474830,0.0279999999999987,"C++",TRUE
2375,"A",10000,0,135,149.3619,2,TRUE,196.1973,1,10000,0,0,2,300882,196.1973,420856,0.0290000000000035,"C++",TRUE
2376,"A",10000,0,136,160.6923,1,TRUE,172.0127,3,0,0,10000,2,204049,172.0127,363586,0.0209999999999937,"C++",TRUE
2377,"A",10000,0,137,143.6155,2,TRUE,179.293,1,10000,0,0,1,153835,179.293,406036,0.0240000000000009,"C++",TRUE
2378,"A",10000,0,138,200.1737,2,TRUE,235.2343,1,10000,0,0,2,213252,235.2343,585466,0.0399999999999991,"C++",TRUE
2379,"A",10000,0,139,162.9766,2,TRUE,208.9141,1,10000,0,0,2,392390,208.9141,429934,0.0290000000000035,"C++",TRUE
2380,"A",10000,0,140,183.6889,2,TRUE,218.4956,1,10000,0,0,2,185059,218.4956,538059,0.0390000000000015,"C++",TRUE
2381,"A",10000,0,141,143.29,2,TRUE,191.2278,1,10000,0,0,2,302170,191.2278,394580,0.027000000000001,"C++",TRUE
2382,"A",10000,0,142,135.8073,2,TRUE,161.4224,1,10000,0,0,1,110818,161.4224,382745,0.027000000000001,"C++",TRUE
2383,"A",10000,0,143,158.537,2,TRUE,202.5208,1,10000,0,0,2,340807,202.5208,432682,0.0279999999999987,"C++",TRUE
2384,"A",10000,0,144,178.0866,2,TRUE,219.8411,1,10000,0,0,2,350010,219.8411,464544,0.0309999999999988,"C++",TRUE
2385,"A",10000,0,145,157.3768,2,TRUE,198.4859,1,10000,0,0,2,331214,198.4859,404716,0.0259999999999962,"C++",TRUE
2386,"A",10000,0,146,144.6454,2,TRUE,178.984,1,10000,0,0,2,229369,178.984,395952,0.0300000000000011,"C++",TRUE
2387,"A",10000,0,147,186.2045,2,TRUE,228.8863,1,10000,0,0,2,332991,228.8863,490962,0.0300000000000011,"C++",TRUE
2388,"A",10000,0,148,144.4801,2,TRUE,193.9174,1,10000,0,0,2,348911,193.9174,401090,0.0309999999999988,"C++",TRUE
2389,"A",10000,0,149,226.5497,2,TRUE,291.5935,1,10000,0,0,3,629294,291.5935,538726,0.0410000000000039,"C++",TRUE
2390,"A",10000,0,150,136.6583,2,TRUE,180.3601,1,10000,0,0,1,166719,180.3601,393008,0.0279999999999987,"C++",TRUE
2391,"A",10000,0,151,180.8173,2,TRUE,242.2491,1,10000,0,0,2,480286,242.2491,468924,0.0289999999999964,"C++",TRUE
2392,"A",10000,0,152,168.6627,2,TRUE,212.7929,1,10000,0,0,2,367380,212.7929,444901,0.027000000000001,"C++",TRUE
2393,"A",10000,0,153,175.7987,2,TRUE,205.2229,1,10000,0,0,1,153318,205.2229,514247,0.0350000000000037,"C++",TRUE
2394,"A",10000,0,154,93.5183,2,TRUE,124.197,1,10000,0,0,1,119999,124.197,265519,0.019999999999996,"C++",TRUE
2395,"A",10000,0,155,138.4291,2,TRUE,175.9386,1,10000,0,0,1,204233,175.9386,396841,0.0300000000000011,"C++",TRUE
2396,"A",10000,0,156,132.7622,2,TRUE,184.9863,1,10000,0,0,2,467860,184.9863,331442,0.0210000000000008,"C++",TRUE
2397,"A",10000,0,157,221.0553,2,TRUE,264.8022,1,10000,0,0,2,388457,264.8022,612249,0.0439999999999969,"C++",TRUE
2398,"A",10000,0,158,156.1041,2,TRUE,216.0862,1,10000,0,0,2,433622,216.0862,397149,0.027000000000001,"C++",TRUE
2399,"A",10000,0,159,141.0505,3,TRUE,182.8763,2,0,10000,0,1,115252,182.8763,358676,0.0240000000000009,"C++",TRUE
2400,"A",10000,0,160,175.7773,2,TRUE,219.7431,1,10000,0,0,2,398130,219.7431,455535,0.0300000000000011,"C++",TRUE
2401,"A",10000,0,161,133.2954,2,TRUE,173.747,1,10000,0,0,1,164548,173.747,394355,0.0279999999999987,"C++",TRUE
2402,"A",10000,0,162,167.144,3,TRUE,214.7035,2,0,10000,0,1,106056,214.7035,456531,0.0300000000000011,"C++",TRUE
2403,"A",10000,0,163,185.1426,2,TRUE,222.321,1,10000,0,0,1,143005,222.321,557728,0.0339999999999989,"C++",TRUE
2404,"A",10000,0,164,155.4255,2,TRUE,194.178,1,10000,0,0,2,307234,194.178,422505,0.0279999999999987,"C++",TRUE
2405,"A",10000,0,165,135.4868,2,TRUE,151.5399,1,10000,0,0,1,159565,151.5399,355982,0.0240000000000009,"C++",TRUE
2406,"A",10000,0,166,172.3841,2,TRUE,205.7566,1,10000,0,0,1,170585,205.7566,503005,0.0339999999999989,"C++",TRUE
2407,"A",10000,0,167,135.7247,2,TRUE,179.5525,1,10000,0,0,1,207744,179.5525,385223,0.027000000000001,"C++",TRUE
2408,"A",10000,0,168,168.3061,2,TRUE,209.6371,1,10000,0,0,2,246552,209.6371,473511,0.0300000000000011,"C++",TRUE
2409,"A",10000,0,169,144.1511,2,TRUE,170.6914,1,10000,0,0,1,122089,170.6914,418146,0.0259999999999962,"C++",TRUE
2410,"A",10000,0,170,176.4753,2,TRUE,220.0514,1,10000,0,0,2,322278,220.0514,491995,0.0339999999999989,"C++",TRUE
2411,"A",10000,0,171,139.5179,2,TRUE,172.3884,1,10000,0,0,2,197059,172.3884,398946,0.0230000000000032,"C++",TRUE
2412,"A",10000,0,172,176.8346,2,TRUE,230.4422,1,10000,0,0,2,362723,230.4422,492631,0.0289999999999964,"C++",TRUE
2413,"A",10000,0,173,219.1344,2,TRUE,259.677,1,10000,0,0,1,167248,259.677,653603,0.0429999999999993,"C++",TRUE
2414,"A",10000,0,174,151.054,3,TRUE,190.1494,2,0,10000,0,1,117377,190.1494,400249,0.0310000000000059,"C++",TRUE
2415,"A",10000,0,175,190.0105,2,TRUE,232.326,1,10000,0,0,2,380079,232.326,476209,0.0319999999999965,"C++",TRUE
2416,"A",10000,0,176,122.3758,2,TRUE,159.9378,1,10000,0,0,1,142746,159.9378,361957,0.0219999999999985,"C++",TRUE
2417,"A",10000,0,177,149.0077,2,TRUE,180.0899,1,10000,0,0,2,166625,180.0899,407768,0.0240000000000009,"C++",TRUE
2418,"A",10000,0,178,225.5646,2,TRUE,287.109,1,10000,0,0,2,550491,287.109,583220,0.0429999999999993,"C++",TRUE
2419,"A",10000,0,179,159.6482,2,TRUE,194.2982,1,10000,0,0,1,187147,194.2982,461114,0.0320000000000036,"C++",TRUE
2420,"A",10000,0,180,177.1996,2,TRUE,226.7448,1,10000,0,0,2,302347,226.7448,489747,0.0289999999999964,"C++",TRUE
2421,"A",10000,0,181,153.7815,2,TRUE,191.9934,1,10000,0,0,2,179868,191.9934,445221,0.0380000000000038,"C++",TRUE
2422,"A",10000,0,182,145.8903,2,TRUE,190.131,1,10000,0,0,2,351395,190.131,383603,0.0219999999999985,"C++",TRUE
2423,"A",10000,0,183,223.5454,2,TRUE,281.9567,1,10000,0,0,1,167270,281.9567,670152,0.0409999999999968,"C++",TRUE
2424,"A",10000,0,184,182.6738,3,TRUE,227.3314,2,0,10000,0,1,123536,227.3314,500242,0.0350000000000037,"C++",TRUE
2425,"A",10000,0,185,189.4745,3,TRUE,215.0284,2,0,10000,0,1,133694,215.0284,480692,0.0330000000000013,"C++",TRUE
2426,"A",10000,0,186,172.1998,2,TRUE,211.134,1,10000,0,0,2,314351,211.134,469509,0.0279999999999987,"C++",TRUE
2427,"A",10000,0,187,168.6754,2,TRUE,208.8754,1,10000,0,0,1,190554,208.8754,498169,0.0330000000000013,"C++",TRUE
2428,"A",10000,0,188,183.3285,2,TRUE,222.9716,1,10000,0,0,2,200758,222.9716,529095,0.0360000000000014,"C++",TRUE
2429,"A",10000,0,189,201.3856,3,TRUE,239.3307,2,0,10000,0,1,157359,239.3307,523053,0.0309999999999988,"C++",TRUE
2430,"A",10000,0,190,146.4182,2,TRUE,183.0287,1,10000,0,0,2,272299,183.0287,405451,0.0240000000000009,"C++",TRUE
2431,"A",10000,0,191,135.205,2,TRUE,163.8051,1,10000,0,0,1,145900,163.8051,366669,0.0219999999999985,"C++",TRUE
2432,"A",10000,0,192,163.7373,2,TRUE,207.8937,1,10000,0,0,2,288641,207.8937,458282,0.027000000000001,"C++",TRUE
2433,"A",10000,0,193,184.1417,2,TRUE,217.2259,1,10000,0,0,2,260221,217.2259,513472,0.0309999999999988,"C++",TRUE
2434,"A",10000,0,194,167.9871,2,TRUE,220.0385,1,10000,0,0,2,424769,220.0385,414953,0.027000000000001,"C++",TRUE
2435,"A",10000,0,195,229.9728,1,TRUE,235.7745,3,0,0,10000,2,210012,235.7745,540854,0.0319999999999965,"C++",TRUE
2436,"A",10000,0,196,209.591,2,TRUE,266.5526,1,10000,0,0,2,454968,266.5526,529972,0.0360000000000014,"C++",TRUE
2437,"A",10000,0,197,161.2777,3,TRUE,199.9308,2,0,10000,0,1,120169,199.9308,421501,0.0300000000000011,"C++",TRUE
2438,"A",10000,0,198,149.6174,2,TRUE,166.8505,1,10000,0,0,1,134073,166.8505,411109,0.0249999999999986,"C++",TRUE
2439,"A",10000,0,199,177.1214,3,TRUE,198.2075,2,0,10000,0,1,114977,198.2075,441885,0.0339999999999989,"C++",TRUE
2440,"A",10000,0,200,147.6095,2,TRUE,191.5205,1,10000,0,0,1,194132,191.5205,433972,0.0309999999999988,"C++",TRUE
2441,"A",10000,0,201,132.9193,2,TRUE,161.8261,1,10000,0,0,1,134634,161.8261,376397,0.0230000000000032,"C++",TRUE
2442,"A",10000,0,202,118.0518,2,TRUE,146.4048,1,10000,0,0,1,170505,146.4048,332317,0.0229999999999961,"C++",TRUE
2443,"A",10000,0,203,156.5903,2,TRUE,187.4408,1,10000,0,0,1,167384,187.4408,451524,0.0300000000000011,"C++",TRUE
2444,"A",10000,0,204,161.5821,2,TRUE,194.2393,1,10000,0,0,2,215987,194.2393,438020,0.0390000000000015,"C++",TRUE
2445,"A",10000,0,205,164.5156,2,TRUE,197.9163,1,10000,0,0,1,197073,197.9163,475082,0.0409999999999968,"C++",TRUE
2446,"A",10000,0,206,159.417,2,TRUE,195.6793,1,10000,0,0,1,174883,195.6793,464173,0.0290000000000035,"C++",TRUE
2447,"A",10000,0,207,149.7835,3,TRUE,190.15,2,0,10000,0,1,119374,190.15,381892,0.0260000000000034,"C++",TRUE
2448,"A",10000,0,208,202.6961,2,TRUE,231.8183,1,10000,0,0,1,160144,231.8183,595815,0.0409999999999968,"C++",TRUE
2449,"A",10000,0,209,167.7644,2,TRUE,219.6978,1,10000,0,0,2,417499,219.6978,432373,0.0249999999999986,"C++",TRUE
2450,"A",10000,0,210,181.4061,2,TRUE,223.9323,1,10000,0,0,1,195938,223.9323,530484,0.0360000000000014,"C++",TRUE
2451,"A",10000,0,211,192.7248,2,TRUE,257.5306,1,10000,0,0,2,533883,257.5306,503559,0.0290000000000035,"C++",TRUE
2452,"A",10000,0,212,223.2981,2,TRUE,276.7095,1,10000,0,0,2,441704,276.7095,613305,0.0419999999999945,"C++",TRUE
2453,"A",10000,0,213,120.478,2,TRUE,149.9925,1,10000,0,0,1,119859,149.9925,344631,0.0210000000000008,"C++",TRUE
2454,"A",10000,0,214,185.0566,2,TRUE,230.677,1,10000,0,0,2,310396,230.677,523147,0.0350000000000037,"C++",TRUE
2455,"A",10000,0,215,191.2708,2,TRUE,248.2495,1,10000,0,0,2,450959,248.2495,480677,0.0319999999999965,"C++",TRUE
2456,"A",10000,0,216,157.9112,2,TRUE,179.4853,1,10000,0,0,1,140731,179.4853,452351,0.0350000000000037,"C++",TRUE
2457,"A",10000,0,217,166.5046,2,TRUE,205.9241,1,10000,0,0,2,340262,205.9241,434252,0.0289999999999964,"C++",TRUE
2458,"A",10000,0,218,168.2638,3,TRUE,187.5256,2,0,10000,0,1,110058,187.5256,433053,0.0309999999999988,"C++",TRUE
2459,"A",10000,0,219,185.293,2,TRUE,235.2883,1,10000,0,0,2,388090,235.2883,514600,0.0320000000000036,"C++",TRUE
2460,"A",10000,0,220,143.4967,2,TRUE,165.0579,1,10000,0,0,2,194616,165.0579,364281,0.0240000000000009,"C++",TRUE
2461,"A",10000,0,221,174.9862,2,TRUE,206.2855,1,10000,0,0,2,203354,206.2855,493212,0.0349999999999966,"C++",TRUE
2462,"A",10000,0,222,169.4413,2,TRUE,213.7025,1,10000,0,0,2,259025,213.7025,484842,0.0320000000000036,"C++",TRUE
2463,"A",10000,0,223,149.419,2,TRUE,188.24,1,10000,0,0,2,241107,188.24,420129,0.027000000000001,"C++",TRUE
2464,"A",10000,0,224,192.0485,2,TRUE,236.2433,1,10000,0,0,2,360699,236.2433,524823,0.0309999999999988,"C++",TRUE
2465,"A",10000,0,225,158.817,2,TRUE,191.5246,1,10000,0,0,1,164544,191.5246,464115,0.0279999999999987,"C++",TRUE
2466,"A",10000,0,226,141.8893,2,TRUE,177.0473,1,10000,0,0,1,192671,177.0473,408877,0.0240000000000009,"C++",TRUE
2467,"A",10000,0,227,137.0962,2,TRUE,167.9466,1,10000,0,0,1,158409,167.9466,388266,0.0229999999999961,"C++",TRUE
2468,"A",10000,0,228,165.4392,2,TRUE,200.557,1,10000,0,0,2,224321,200.557,455619,0.0259999999999962,"C++",TRUE
2469,"A",10000,0,229,213.2039,2,TRUE,222.0121,3,0,0,10000,2,309577,222.0121,496242,0.0300000000000011,"C++",TRUE
2470,"A",10000,0,230,192.3014,2,TRUE,290.1007,1,10000,0,0,2,791575,290.1007,429411,0.0240000000000009,"C++",TRUE
2471,"A",10000,0,231,149.8135,2,TRUE,190.5048,1,10000,0,0,1,221186,190.5048,430687,0.0289999999999964,"C++",TRUE
2472,"A",10000,0,232,192.1798,3,TRUE,242.7663,2,0,10000,0,2,195208,242.7663,496625,0.0300000000000011,"C++",TRUE
2473,"A",10000,0,233,144.2782,3,TRUE,179.1261,2,0,10000,0,1,117993,179.1261,389270,0.0230000000000032,"C++",TRUE
2474,"A",10000,0,234,124.6317,2,TRUE,148.9802,1,10000,0,0,1,205255,148.9802,322953,0.0240000000000009,"C++",TRUE
2475,"A",10000,0,235,184.9665,2,TRUE,235.5297,1,10000,0,0,2,373716,235.5297,506315,0.029999999999994,"C++",TRUE
2476,"A",10000,0,236,184.5557,2,TRUE,209.7371,1,10000,0,0,1,179470,209.7371,516678,0.0310000000000059,"C++",TRUE
2477,"A",10000,0,237,173.4774,2,TRUE,221.1483,1,10000,0,0,2,350953,221.1483,477511,0.0309999999999988,"C++",TRUE
2478,"A",10000,0,238,215.0966,2,TRUE,263.7261,1,10000,0,0,2,299912,263.7261,600065,0.0360000000000014,"C++",TRUE
2479,"A",10000,0,239,205.7129,2,TRUE,237.4176,1,10000,0,0,1,193202,237.4176,588680,0.036999999999999,"C++",TRUE
2480,"A",10000,0,240,131.5636,2,TRUE,165.2076,1,10000,0,0,1,169087,165.2076,370222,0.0279999999999987,"C++",TRUE
2481,"A",10000,0,241,151.8375,3,TRUE,176.1726,2,0,10000,0,1,110936,176.1726,368770,0.0210000000000008,"C++",TRUE
2482,"A",10000,0,242,142.3247,2,TRUE,167.5836,1,10000,0,0,1,152956,167.5836,396187,0.0289999999999964,"C++",TRUE
2483,"A",10000,0,243,183.3564,2,TRUE,250.4202,1,10000,0,0,2,505818,250.4202,454287,0.0249999999999986,"C++",TRUE
2484,"A",10000,0,244,134.7635,2,TRUE,178.018,1,10000,0,0,1,203992,178.018,383819,0.0230000000000032,"C++",TRUE
2485,"A",10000,0,245,202.8543,2,TRUE,263.7496,1,10000,0,0,2,447363,263.7496,546543,0.0319999999999965,"C++",TRUE
2486,"A",10000,0,246,189.3182,2,TRUE,229.1367,1,10000,0,0,2,373272,229.1367,493602,0.0330000000000013,"C++",TRUE
2487,"A",10000,0,247,173.5885,2,TRUE,221.9602,1,10000,0,0,2,361663,221.9602,464486,0.0320000000000036,"C++",TRUE
2488,"A",10000,0,248,135.999,2,TRUE,174.3047,1,10000,0,0,2,236032,174.3047,384611,0.0279999999999987,"C++",TRUE
2489,"A",10000,0,249,153.0694,2,TRUE,181.3042,1,10000,0,0,2,202071,181.3042,415671,0.0360000000000014,"C++",TRUE
2490,"A",10000,0,250,178.0024,2,TRUE,236.995,1,10000,0,0,2,379147,236.995,485417,0.036999999999999,"C++",TRUE
2491,"A",10000,0,251,180.9938,2,TRUE,242.4903,1,10000,0,0,2,483270,242.4903,441672,0.0399999999999991,"C++",TRUE
2492,"A",10000,0,252,151.1931,2,TRUE,186.5753,1,10000,0,0,2,213190,186.5753,423252,0.0249999999999986,"C++",TRUE
2493,"A",10000,0,253,181.9137,1,TRUE,195.6424,3,0,0,10000,2,200052,195.6424,423993,0.0309999999999988,"C++",TRUE
2494,"A",10000,0,254,153.0224,2,TRUE,192.0702,1,10000,0,0,2,274766,192.0702,426498,0.0250000000000057,"C++",TRUE
2495,"A",10000,0,255,193.9188,2,TRUE,233.0629,1,10000,0,0,1,226857,233.0629,573106,0.0349999999999966,"C++",TRUE
2496,"A",10000,0,256,186.8776,2,TRUE,250.6575,1,10000,0,0,2,421905,250.6575,478004,0.027000000000001,"C++",TRUE
2497,"A",10000,0,257,188.4957,2,TRUE,210.7239,1,10000,0,0,2,271355,210.7239,496043,0.0300000000000011,"C++",TRUE
2498,"A",10000,0,258,157.5237,2,TRUE,204.0954,1,10000,0,0,2,289372,204.0954,446795,0.0319999999999965,"C++",TRUE
2499,"A",10000,0,259,169.5174,2,TRUE,228.4803,1,10000,0,0,2,461265,228.4803,435518,0.0300000000000011,"C++",TRUE
2500,"A",10000,0,260,133.6459,2,TRUE,176.1613,1,10000,0,0,2,339964,176.1613,343708,0.0189999999999984,"C++",TRUE
2501,"A",10000,0,261,133.3801,2,TRUE,159.9037,1,10000,0,0,1,117266,159.9037,382956,0.0230000000000032,"C++",TRUE
2502,"A",10000,0,262,264.0611,1,TRUE,282.9968,3,0,0,10000,2,246965,282.9968,663832,0.0480000000000018,"C++",TRUE
2503,"A",10000,0,263,147.4052,2,TRUE,189.1663,1,10000,0,0,1,170124,189.1663,425761,0.0289999999999964,"C++",TRUE
2504,"A",10000,0,264,145.7089,2,TRUE,194.31,1,10000,0,0,2,224167,194.31,408287,0.0240000000000009,"C++",TRUE
2505,"A",10000,0,265,148.68,2,TRUE,184.9466,1,10000,0,0,2,213641,184.9466,428640,0.0320000000000036,"C++",TRUE
2506,"A",10000,0,266,164.2437,2,TRUE,201.949,1,10000,0,0,1,147316,201.949,480677,0.0329999999999941,"C++",TRUE
2507,"A",10000,0,267,122.139,2,TRUE,151.5653,1,10000,0,0,1,138189,151.5653,360555,0.0220000000000056,"C++",TRUE
2508,"A",10000,0,268,211.66,3,TRUE,235.967,2,0,10000,0,1,136759,235.967,528423,0.0359999999999943,"C++",TRUE
2509,"A",10000,0,269,180.2673,2,TRUE,232.0434,1,10000,0,0,2,444936,232.0434,439219,0.0320000000000036,"C++",TRUE
2510,"A",10000,0,270,217.4607,2,TRUE,266.5107,1,10000,0,0,2,305828,266.5107,622276,0.0420000000000016,"C++",TRUE
2511,"A",10000,0,271,150.5371,2,TRUE,180.2105,1,10000,0,0,1,118421,180.2105,429213,0.029999999999994,"C++",TRUE
2512,"A",10000,0,272,247.2399,2,TRUE,312.8627,1,10000,0,0,2,543943,312.8627,651026,0.0500000000000043,"C++",TRUE
2513,"A",10000,0,273,212.8026,3,TRUE,233.4236,2,0,10000,0,1,138817,233.4236,521069,0.0360000000000014,"C++",TRUE
2514,"A",10000,0,274,165.7989,2,TRUE,223.4583,1,10000,0,0,2,356526,223.4583,449468,0.0330000000000013,"C++",TRUE
2515,"A",10000,0,275,185.144,3,TRUE,220.705,2,0,10000,0,2,236030,220.705,462616,0.0269999999999939,"C++",TRUE
2516,"A",10000,0,276,144.2973,2,TRUE,182.729,1,10000,0,0,1,266367,182.729,397400,0.0280000000000058,"C++",TRUE
2517,"A",10000,0,277,272.0089,2,TRUE,335.5772,1,10000,0,0,2,544547,335.5772,722498,0.0429999999999993,"C++",TRUE
2518,"A",10000,0,278,157.8501,2,TRUE,196.7798,1,10000,0,0,2,235164,196.7798,456332,0.0329999999999941,"C++",TRUE
2519,"A",10000,0,279,146.9432,2,TRUE,187.8462,1,10000,0,0,1,181862,187.8462,425377,0.0260000000000034,"C++",TRUE
2520,"A",10000,0,280,149.4127,2,TRUE,200.6821,1,10000,0,0,2,384783,200.6821,400343,0.027000000000001,"C++",TRUE
2521,"A",10000,0,281,159.2254,2,TRUE,204.5214,1,10000,0,0,2,380095,204.5214,414167,0.0240000000000009,"C++",TRUE
2522,"A",10000,0,282,163.4026,2,TRUE,195.2167,1,10000,0,0,1,188741,195.2167,468773,0.0330000000000013,"C++",TRUE
2523,"A",10000,0,283,208.4617,2,TRUE,272.8523,1,10000,0,0,2,476852,272.8523,546387,0.0319999999999965,"C++",TRUE
2524,"A",10000,0,284,166.7778,2,TRUE,185.0352,1,10000,0,0,2,234835,185.0352,434119,0.027000000000001,"C++",TRUE
2525,"A",10000,0,285,202.2743,2,TRUE,264.0743,1,10000,0,0,2,548366,264.0743,540862,0.0379999999999967,"C++",TRUE
2526,"A",10000,0,286,229.6836,2,TRUE,274.0436,1,10000,0,0,2,396212,274.0436,616762,0.0400000000000063,"C++",TRUE
2527,"A",10000,0,287,158.7539,2,TRUE,198.2153,1,10000,0,0,1,196841,198.2153,442319,0.0289999999999964,"C++",TRUE
2528,"A",10000,0,288,188.8284,2,TRUE,250.663,1,10000,0,0,2,526294,250.663,492712,0.0339999999999989,"C++",TRUE
2529,"A",10000,0,289,194.221,2,TRUE,257.0749,1,10000,0,0,2,475694,257.0749,506673,0.0350000000000037,"C++",TRUE
2530,"A",10000,0,290,140.6819,2,TRUE,195.1462,1,10000,0,0,2,321124,195.1462,382973,0.0249999999999986,"C++",TRUE
2531,"A",10000,0,291,179.6094,2,TRUE,242.4453,1,10000,0,0,2,392476,242.4453,478616,0.0300000000000011,"C++",TRUE
2532,"A",10000,0,292,150.5968,2,TRUE,206.4288,1,10000,0,0,1,176593,206.4288,446421,0.027000000000001,"C++",TRUE
2533,"A",10000,0,293,189.5083,2,TRUE,230.1033,1,10000,0,0,2,404028,230.1033,480978,0.0279999999999987,"C++",TRUE
2534,"A",10000,0,294,164.0784,2,TRUE,195.5361,1,10000,0,0,2,219983,195.5361,461527,0.0279999999999987,"C++",TRUE
2535,"A",10000,0,295,149.6507,2,TRUE,203.357,1,10000,0,0,2,389922,203.357,397876,0.0279999999999987,"C++",TRUE
2536,"A",10000,0,296,191.8226,2,TRUE,216.5724,1,10000,0,0,1,141135,216.5724,548653,0.0330000000000013,"C++",TRUE
2537,"A",10000,0,297,131.9211,2,TRUE,161.9624,1,10000,0,0,1,165153,161.9624,370536,0.0219999999999985,"C++",TRUE
2538,"A",10000,0,298,116.9362,2,TRUE,158.8448,1,10000,0,0,1,138208,158.8448,339723,0.0210000000000008,"C++",TRUE
2539,"A",10000,0,299,127.4435,2,TRUE,157.2294,1,10000,0,0,1,156239,157.2294,352062,0.0200000000000031,"C++",TRUE
2540,"A",10000,0,300,127.2922,2,TRUE,155.058,1,10000,0,0,1,145935,155.058,366555,0.0219999999999985,"C++",TRUE
2541,"A",10000,0,301,169.5326,3,TRUE,213.1387,2,0,10000,0,1,120644,213.1387,463280,0.0279999999999987,"C++",TRUE
2542,"A",10000,0,302,181.9984,2,TRUE,198.6059,1,10000,0,0,2,187842,198.6059,470898,0.0300000000000011,"C++",TRUE
2543,"A",10000,0,303,129.8405,2,TRUE,157.9415,1,10000,0,0,1,161081,157.9415,357051,0.0229999999999961,"C++",TRUE
2544,"A",10000,0,304,156.5082,2,TRUE,220.2427,1,10000,0,0,2,522828,220.2427,399018,0.0250000000000057,"C++",TRUE
2545,"A",10000,0,305,123.0457,2,TRUE,161.824,1,10000,0,0,1,213149,161.824,349059,0.0209999999999937,"C++",TRUE
2546,"A",10000,0,306,174.9652,2,TRUE,213.9113,1,10000,0,0,1,198651,213.9113,497985,0.0330000000000013,"C++",TRUE
2547,"A",10000,0,307,182.048,2,TRUE,246.1398,1,10000,0,0,2,473456,246.1398,455829,0.027000000000001,"C++",TRUE
2548,"A",10000,0,308,172.9639,3,TRUE,209.9124,2,0,10000,0,1,128861,209.9124,441479,0.0259999999999962,"C++",TRUE
2549,"A",10000,0,309,190.9321,2,TRUE,241.0831,1,10000,0,0,2,461729,241.0831,482022,0.0330000000000013,"C++",TRUE
2550,"A",10000,0,310,184.5931,2,TRUE,238.9873,1,10000,0,0,2,399395,238.9873,483299,0.0279999999999987,"C++",TRUE
2551,"A",10000,0,311,121.2996,2,TRUE,179.9099,1,10000,0,0,1,179395,179.9099,352758,0.0260000000000034,"C++",TRUE
2552,"A",10000,0,312,157.1006,2,TRUE,203.6409,1,10000,0,0,2,289039,203.6409,438973,0.0259999999999962,"C++",TRUE
2553,"A",10000,0,313,167.4769,2,TRUE,194.3084,1,10000,0,0,1,133713,194.3084,492701,0.0330000000000013,"C++",TRUE
2554,"A",10000,0,314,122.0991,3,TRUE,165.7864,2,0,10000,0,1,117616,165.7864,308779,0.0200000000000031,"C++",TRUE
2555,"A",10000,0,315,160.3917,3,TRUE,192.1758,2,0,10000,0,1,95947,192.1758,441054,0.0319999999999965,"C++",TRUE
2556,"A",10000,0,316,155.1,2,TRUE,198.5324,1,10000,0,0,2,249259,198.5324,429977,0.0260000000000034,"C++",TRUE
2557,"A",10000,0,317,170.7905,2,TRUE,230.2212,1,10000,0,0,2,460345,230.2212,445260,0.0259999999999962,"C++",TRUE
2558,"A",10000,0,318,164.7777,2,TRUE,230.8584,1,10000,0,0,2,249498,230.8584,464472,0.027000000000001,"C++",TRUE
2559,"A",10000,0,319,178.8959,2,TRUE,231.7141,1,10000,0,0,2,450208,231.7141,460950,0.027000000000001,"C++",TRUE
2560,"A",10000,0,320,148.4557,3,TRUE,182.6851,2,0,10000,0,1,91434,182.6851,401243,0.0240000000000009,"C++",TRUE
2561,"A",10000,0,321,137.0787,2,TRUE,168.5961,1,10000,0,0,2,195604,168.5961,386289,0.0219999999999985,"C++",TRUE
2562,"A",10000,0,322,138.5268,2,TRUE,171.6418,1,10000,0,0,1,177704,171.6418,401469,0.0240000000000009,"C++",TRUE
2563,"A",10000,0,323,141.677,2,TRUE,176.6937,1,10000,0,0,2,244332,176.6937,395290,0.0279999999999987,"C++",TRUE
2564,"A",10000,0,324,156.7067,2,TRUE,194.91,1,10000,0,0,2,208688,194.91,433874,0.0300000000000011,"C++",TRUE
2565,"A",10000,0,325,208.3966,2,TRUE,236.427,1,10000,0,0,2,266093,236.427,589731,0.0349999999999966,"C++",TRUE
2566,"A",10000,0,326,158.2397,2,TRUE,181.657,1,10000,0,0,1,139249,181.657,443853,0.0310000000000059,"C++",TRUE
2567,"A",10000,0,327,163.9707,2,TRUE,200.6908,1,10000,0,0,2,254639,200.6908,453910,0.0259999999999962,"C++",TRUE
2568,"A",10000,0,328,175.3001,2,TRUE,226.9332,1,10000,0,0,2,440895,226.9332,439321,0.0260000000000034,"C++",TRUE
2569,"A",10000,0,329,233.8874,2,TRUE,284.471,1,10000,0,0,2,402660,284.471,661770,0.0409999999999968,"C++",TRUE
2570,"A",10000,0,330,180.3518,2,TRUE,252.6631,1,10000,0,0,2,639518,252.6631,438898,0.0249999999999986,"C++",TRUE
2571,"A",10000,0,331,183.4403,3,TRUE,223.7157,2,0,10000,0,1,112792,223.7157,497435,0.034000000000006,"C++",TRUE
2572,"A",10000,0,332,149.3364,2,TRUE,209.1407,1,10000,0,0,2,462886,209.1407,374983,0.0249999999999986,"C++",TRUE
2573,"A",10000,0,333,153.6462,2,TRUE,195.535,1,10000,0,0,2,282467,195.535,417429,0.0249999999999986,"C++",TRUE
2574,"A",10000,0,334,131.7064,2,TRUE,163.5486,1,10000,0,0,1,173679,163.5486,379904,0.0259999999999962,"C++",TRUE
2575,"A",10000,0,335,176.721,2,TRUE,211.3403,1,10000,0,0,1,223037,211.3403,498240,0.0310000000000059,"C++",TRUE
2576,"A",10000,0,336,205.9093,2,TRUE,266.3836,1,10000,0,0,2,533189,266.3836,544684,0.0349999999999966,"C++",TRUE
2577,"A",10000,0,337,217.2877,2,TRUE,261.4704,1,10000,0,0,2,361162,261.4704,610237,0.0420000000000016,"C++",TRUE
2578,"A",10000,0,338,215.7928,2,TRUE,270.3436,1,10000,0,0,2,413940,270.3436,550380,0.0330000000000013,"C++",TRUE
2579,"A",10000,0,339,137.4248,3,TRUE,163.5549,2,0,10000,0,1,97243,163.5549,360534,0.0240000000000009,"C++",TRUE
2580,"A",10000,0,340,199.0756,3,TRUE,229.3532,2,0,10000,0,1,122129,229.3532,539257,0.0399999999999991,"C++",TRUE
2581,"A",10000,0,341,197.2689,2,TRUE,235.1443,1,10000,0,0,1,213061,235.1443,568694,0.0389999999999944,"C++",TRUE
2582,"A",10000,0,342,168.5107,2,TRUE,208.7749,1,10000,0,0,2,358854,208.7749,435413,0.0280000000000058,"C++",TRUE
2583,"A",10000,0,343,185.1785,2,TRUE,238.0451,1,10000,0,0,2,350280,238.0451,507223,0.0339999999999989,"C++",TRUE
2584,"A",10000,0,344,146.6552,2,TRUE,191.4874,1,10000,0,0,2,263938,191.4874,407657,0.0289999999999964,"C++",TRUE
2585,"A",10000,0,345,140.4844,2,TRUE,184.1896,1,10000,0,0,2,320112,184.1896,369532,0.027000000000001,"C++",TRUE
2586,"A",10000,0,346,173.0074,2,TRUE,221.5949,1,10000,0,0,2,400121,221.5949,443389,0.0309999999999988,"C++",TRUE
2587,"A",10000,0,347,220.5696,2,TRUE,262.2883,1,10000,0,0,2,411734,262.2883,561085,0.0320000000000036,"C++",TRUE
2588,"A",10000,0,348,152.8846,2,TRUE,184.939,1,10000,0,0,2,237246,184.939,417645,0.0249999999999986,"C++",TRUE
2589,"A",10000,0,349,187.2146,2,TRUE,237.0838,1,10000,0,0,2,382547,237.0838,489925,0.0339999999999989,"C++",TRUE
2590,"A",10000,0,350,144.2021,3,TRUE,183.6706,2,0,10000,0,1,104562,183.6706,388624,0.027000000000001,"C++",TRUE
2591,"A",10000,0,351,144.2033,2,TRUE,180.1136,1,10000,0,0,1,169505,180.1136,416403,0.0309999999999988,"C++",TRUE
2592,"A",10000,0,352,150.8288,3,TRUE,191.902,2,0,10000,0,1,105762,191.902,401983,0.0240000000000009,"C++",TRUE
2593,"A",10000,0,353,150.3784,2,TRUE,190.1972,1,10000,0,0,2,300925,190.1972,411527,0.0260000000000034,"C++",TRUE
2594,"A",10000,0,354,269.2835,3,TRUE,298.1816,2,0,10000,0,1,121198,298.1816,772278,0.056999999999995,"C++",TRUE
2595,"A",10000,0,355,174.4669,3,TRUE,207.6037,2,0,10000,0,1,142134,207.6037,446500,0.0320000000000036,"C++",TRUE
2596,"A",10000,0,356,154.4098,2,TRUE,195.0629,1,10000,0,0,2,213107,195.0629,440873,0.0330000000000013,"C++",TRUE
2597,"A",10000,0,357,176.5599,2,TRUE,226.3633,1,10000,0,0,2,396013,226.3633,464136,0.029999999999994,"C++",TRUE
2598,"A",10000,0,358,180.8691,3,TRUE,222.2961,2,0,10000,0,1,135931,222.2961,488511,0.0290000000000035,"C++",TRUE
2599,"A",10000,0,359,143.4929,2,TRUE,183.2578,1,10000,0,0,2,297861,183.2578,385262,0.0279999999999987,"C++",TRUE
2600,"A",10000,0,360,203.5366,2,TRUE,252.1009,1,10000,0,0,2,456177,252.1009,523818,0.0309999999999988,"C++",TRUE
2601,"A",10000,0,361,145.0894,2,TRUE,207.0331,1,10000,0,0,2,461209,207.0331,367609,0.0210000000000008,"C++",TRUE
2602,"A",10000,0,362,157.2096,2,TRUE,199.3526,1,10000,0,0,2,330581,199.3526,419804,0.0240000000000009,"C++",TRUE
2603,"A",10000,0,363,207.3818,2,TRUE,267.143,1,10000,0,0,2,554339,267.143,512839,0.0290000000000035,"C++",TRUE
2604,"A",10000,0,364,126.043,2,TRUE,160.7129,1,10000,0,0,1,181997,160.7129,361833,0.0219999999999985,"C++",TRUE
2605,"A",10000,0,365,218.5906,2,TRUE,289.5141,1,10000,0,0,2,673524,289.5141,544119,0.0309999999999988,"C++",TRUE
2606,"A",10000,0,366,157.2178,2,TRUE,209.3547,1,10000,0,0,2,403365,209.3547,390444,0.0240000000000009,"C++",TRUE
2607,"A",10000,0,367,151.1445,2,TRUE,190.1343,1,10000,0,0,1,141048,190.1343,445224,0.027000000000001,"C++",TRUE
2608,"A",10000,0,368,257.3803,2,TRUE,316.7498,1,10000,0,0,2,517522,316.7498,646178,0.0379999999999967,"C++",TRUE
2609,"A",10000,0,369,152.0021,2,TRUE,179.6695,1,10000,0,0,1,138263,179.6695,431617,0.0260000000000034,"C++",TRUE
2610,"A",10000,0,370,241.1357,2,TRUE,276.5623,1,10000,0,0,2,230202,276.5623,713826,0.0509999999999948,"C++",TRUE
2611,"A",10000,0,371,220.3623,2,TRUE,277.9413,1,10000,0,0,2,480478,277.9413,548334,0.0320000000000036,"C++",TRUE
2612,"A",10000,0,372,241.2757,2,TRUE,295.4161,1,10000,0,0,2,478191,295.4161,613556,0.0360000000000014,"C++",TRUE
2613,"A",10000,0,373,189.3485,2,TRUE,239.0151,1,10000,0,0,2,310304,239.0151,526122,0.0309999999999988,"C++",TRUE
2614,"A",10000,0,374,161.3911,3,TRUE,210.1116,2,0,10000,0,2,199371,210.1116,409453,0.0240000000000009,"C++",TRUE
2615,"A",10000,0,375,113.9122,2,TRUE,148.8718,1,10000,0,0,1,145631,148.8718,330329,0.0210000000000008,"C++",TRUE
2616,"A",10000,0,376,162.9156,2,TRUE,224.5376,1,10000,0,0,2,465751,224.5376,419570,0.0259999999999962,"C++",TRUE
2617,"A",10000,0,377,183.4952,2,TRUE,243.7753,1,10000,0,0,2,482674,243.7753,458400,0.027000000000001,"C++",TRUE
2618,"A",10000,0,378,165.411,2,TRUE,196.5138,1,10000,0,0,2,225833,196.5138,458604,0.0279999999999987,"C++",TRUE
2619,"A",10000,0,379,172.4023,2,TRUE,199.8697,1,10000,0,0,1,161550,199.8697,488924,0.0290000000000035,"C++",TRUE
2620,"A",10000,0,380,168.882,2,TRUE,216.16,1,10000,0,0,2,307045,216.16,463933,0.0319999999999965,"C++",TRUE
2621,"A",10000,0,381,230.8526,2,TRUE,269.5435,1,10000,0,0,3,384551,269.5435,602189,0.0460000000000065,"C++",TRUE
2622,"A",10000,0,382,178.1123,2,TRUE,224.6994,1,10000,0,0,2,302942,224.6994,500573,0.0359999999999943,"C++",TRUE
2623,"A",10000,0,383,151.3903,2,TRUE,189.1317,1,10000,0,0,1,208873,189.1317,427424,0.0290000000000035,"C++",TRUE
2624,"A",10000,0,384,194.9276,1,TRUE,215.0453,3,0,0,10000,2,275547,215.0453,462906,0.027000000000001,"C++",TRUE
2625,"A",10000,0,385,199.2343,2,TRUE,222.9486,1,10000,0,0,1,135362,222.9486,568610,0.0349999999999966,"C++",TRUE
2626,"A",10000,0,386,123.4291,2,TRUE,163.9302,1,10000,0,0,2,245890,163.9302,341415,0.0200000000000031,"C++",TRUE
2627,"A",10000,0,387,135.7137,2,TRUE,163.059,1,10000,0,0,1,128124,163.059,387465,0.0229999999999961,"C++",TRUE
2628,"A",10000,0,388,196.4465,2,TRUE,251.7095,1,10000,0,0,2,432697,251.7095,479151,0.036999999999999,"C++",TRUE
2629,"A",10000,0,389,152.2263,3,TRUE,189.6256,2,0,10000,0,1,110860,189.6256,412454,0.0250000000000057,"C++",TRUE
2630,"A",10000,0,390,212.1762,2,TRUE,263.2847,1,10000,0,0,2,373781,263.2847,580079,0.0379999999999967,"C++",TRUE
2631,"A",10000,0,391,161.2865,2,TRUE,198.9028,1,10000,0,0,2,361106,198.9028,400682,0.0290000000000035,"C++",TRUE
2632,"A",10000,0,392,181.5642,2,TRUE,221.2126,1,10000,0,0,2,361732,221.2126,473881,0.0269999999999939,"C++",TRUE
2633,"A",10000,0,393,189.6916,2,TRUE,256.4762,1,10000,0,0,2,506431,256.4762,507695,0.0300000000000011,"C++",TRUE
2634,"A",10000,0,394,193.4061,2,TRUE,239.3415,1,10000,0,0,2,351229,239.3415,527740,0.0350000000000037,"C++",TRUE
2635,"A",10000,0,395,164.776,2,TRUE,206.7944,1,10000,0,0,2,341375,206.7944,446540,0.0309999999999988,"C++",TRUE
2636,"A",10000,0,396,170.5587,2,TRUE,198.13,1,10000,0,0,1,184512,198.13,497462,0.0300000000000011,"C++",TRUE
2637,"A",10000,0,397,113.1768,2,TRUE,147.0286,1,10000,0,0,1,158775,147.0286,334658,0.0240000000000009,"C++",TRUE
2638,"A",10000,0,398,184.1837,2,TRUE,231.5559,1,10000,0,0,2,398645,231.5559,492360,0.0339999999999989,"C++",TRUE
2639,"A",10000,0,399,148.9858,2,TRUE,194.4156,1,10000,0,0,2,364751,194.4156,388520,0.0219999999999985,"C++",TRUE
2640,"A",10000,0,400,166.3879,2,TRUE,244.747,1,10000,0,0,2,631627,244.747,429048,0.0300000000000011,"C++",TRUE
2641,"A",10000,0,401,127.2138,2,TRUE,151.5834,1,10000,0,0,1,128335,151.5834,355158,0.0210000000000008,"C++",TRUE
2642,"A",10000,0,402,162.9302,3,TRUE,193.1056,2,0,10000,0,1,133632,193.1056,412636,0.0279999999999987,"C++",TRUE
2643,"A",10000,0,403,223.6152,3,TRUE,249.2628,2,0,10000,0,1,118234,249.2628,588669,0.0379999999999967,"C++",TRUE
2644,"A",10000,0,404,194.035,2,TRUE,227.7135,1,10000,0,0,2,185076,227.7135,556706,0.0370000000000061,"C++",TRUE
2645,"A",10000,0,405,176.4042,2,TRUE,221.0312,1,10000,0,0,2,296449,221.0312,487846,0.0339999999999989,"C++",TRUE
2646,"A",10000,0,406,181.9087,2,TRUE,224.4153,1,10000,0,0,2,325712,224.4153,495599,0.0309999999999988,"C++",TRUE
2647,"A",10000,0,407,120.3535,2,TRUE,148.7689,1,10000,0,0,1,204999,148.7689,318280,0.027000000000001,"C++",TRUE
2648,"A",10000,0,408,171.9334,2,TRUE,225.8225,1,10000,0,0,2,401296,225.8225,453505,0.0330000000000013,"C++",TRUE
2649,"A",10000,0,409,169.7093,2,TRUE,214.4349,1,10000,0,0,2,325908,214.4349,467610,0.029999999999994,"C++",TRUE
2650,"A",10000,0,410,137.6857,2,TRUE,181.0469,1,10000,0,0,1,157350,181.0469,397490,0.0290000000000035,"C++",TRUE
2651,"A",10000,0,411,135.1591,2,TRUE,168.3617,1,10000,0,0,2,214599,168.3617,362757,0.0219999999999985,"C++",TRUE
2652,"A",10000,0,412,160.4523,2,TRUE,210.2708,1,10000,0,0,2,382592,210.2708,425604,0.0279999999999987,"C++",TRUE
2653,"A",10000,0,413,128.4908,2,TRUE,167.3634,1,10000,0,0,1,162225,167.3634,378430,0.0260000000000034,"C++",TRUE
2654,"A",10000,0,414,145.2614,2,TRUE,169.0323,1,10000,0,0,1,134418,169.0323,402080,0.0279999999999987,"C++",TRUE
2655,"A",10000,0,415,216.9878,1,TRUE,229.1883,3,0,0,10000,2,250703,229.1883,509634,0.0330000000000013,"C++",TRUE
2656,"A",10000,0,416,132.3582,2,TRUE,161.7494,1,10000,0,0,1,142884,161.7494,381280,0.0240000000000009,"C++",TRUE
2657,"A",10000,0,417,146.7906,2,TRUE,191.54,1,10000,0,0,2,247180,191.54,416205,0.0300000000000011,"C++",TRUE
2658,"A",10000,0,418,132.4382,2,TRUE,161.9264,1,10000,0,0,1,143046,161.9264,380135,0.0269999999999939,"C++",TRUE
2659,"A",10000,0,419,158.6831,2,TRUE,186.3979,1,10000,0,0,1,120304,186.3979,461916,0.0330000000000013,"C++",TRUE
2660,"A",10000,0,420,182.1884,3,TRUE,207.3496,2,0,10000,0,1,112755,207.3496,475862,0.0309999999999988,"C++",TRUE
2661,"A",10000,0,421,158.8819,2,TRUE,209.5151,1,10000,0,0,2,298401,209.5151,441569,0.0300000000000011,"C++",TRUE
2662,"A",10000,0,422,139.2731,2,TRUE,185.3511,1,10000,0,0,2,280663,185.3511,384912,0.0300000000000011,"C++",TRUE
2663,"A",10000,0,423,164.6353,2,TRUE,210.6495,1,10000,0,0,2,275096,210.6495,470441,0.0309999999999988,"C++",TRUE
2664,"A",10000,0,424,144.2442,2,TRUE,196.9911,1,10000,0,0,2,234736,196.9911,409173,0.0290000000000035,"C++",TRUE
2665,"A",10000,0,425,151.9837,3,TRUE,189.2829,2,0,10000,0,1,118781,189.2829,411489,0.0240000000000009,"C++",TRUE
2666,"A",10000,0,426,147.5701,2,TRUE,179.1918,1,10000,0,0,2,198097,179.1918,416342,0.0309999999999988,"C++",TRUE
2667,"A",10000,0,427,154.9293,3,TRUE,184.7892,2,0,10000,0,1,104938,184.7892,419894,0.0319999999999965,"C++",TRUE
2668,"A",10000,0,428,215.3414,2,TRUE,282.0485,1,10000,0,0,2,503115,282.0485,557726,0.0330000000000013,"C++",TRUE
2669,"A",10000,0,429,184.645,2,TRUE,237.534,1,10000,0,0,2,426357,237.534,468718,0.0279999999999987,"C++",TRUE
2670,"A",10000,0,430,186.3735,2,TRUE,249.9223,1,10000,0,0,2,528269,249.9223,461151,0.0309999999999988,"C++",TRUE
2671,"A",10000,0,431,135.4723,2,TRUE,173.5345,1,10000,0,0,1,146103,173.5345,393457,0.0240000000000009,"C++",TRUE
2672,"A",10000,0,432,149.0831,2,TRUE,190.1661,1,10000,0,0,2,325556,190.1661,412786,0.0240000000000009,"C++",TRUE
2673,"A",10000,0,433,181.9063,2,TRUE,232.615,1,10000,0,0,2,395946,232.615,468485,0.027000000000001,"C++",TRUE
2674,"A",10000,0,434,128.2629,2,TRUE,172.8266,1,10000,0,0,2,277601,172.8266,348782,0.0200000000000031,"C++",TRUE
2675,"A",10000,0,435,171.4401,2,TRUE,215.447,1,10000,0,0,1,140315,215.447,511392,0.0339999999999989,"C++",TRUE
2676,"A",10000,0,436,122.3203,2,TRUE,156.355,1,10000,0,0,2,227294,156.355,334729,0.0189999999999984,"C++",TRUE
2677,"A",10000,0,437,194.7387,2,TRUE,252.2551,1,10000,0,0,2,437714,252.2551,484823,0.0279999999999987,"C++",TRUE
2678,"A",10000,0,438,174.4376,2,TRUE,213.2871,1,10000,0,0,2,268383,213.2871,476611,0.0279999999999987,"C++",TRUE
2679,"A",10000,0,439,201.1279,2,TRUE,244.7073,1,10000,0,0,2,368716,244.7073,549769,0.0330000000000013,"C++",TRUE
2680,"A",10000,0,440,196.6475,2,TRUE,244.7092,1,10000,0,0,2,370754,244.7092,519816,0.0300000000000011,"C++",TRUE
2681,"A",10000,0,441,184.8511,2,TRUE,211.3449,1,10000,0,0,1,120304,211.3449,547697,0.0339999999999989,"C++",TRUE
2682,"A",10000,0,442,129.0194,2,TRUE,179.0142,1,10000,0,0,2,239080,179.0142,360001,0.0219999999999985,"C++",TRUE
2683,"A",10000,0,443,220.5293,1,TRUE,233.8109,3,0,0,10000,2,230261,233.8109,557867,0.0350000000000037,"C++",TRUE
2684,"A",10000,0,444,164.0101,2,TRUE,191.9527,1,10000,0,0,1,147678,191.9527,477622,0.036999999999999,"C++",TRUE
2685,"A",10000,0,445,189.7066,2,TRUE,260.8778,1,10000,0,0,2,617970,260.8778,462405,0.027000000000001,"C++",TRUE
2686,"A",10000,0,446,177.3987,3,TRUE,221.349,2,0,10000,0,1,139734,221.349,468076,0.0320000000000036,"C++",TRUE
2687,"A",10000,0,447,161.1703,2,TRUE,201.4644,1,10000,0,0,2,349055,201.4644,409599,0.0229999999999961,"C++",TRUE
2688,"A",10000,0,448,164.8531,2,TRUE,213.8864,1,10000,0,0,2,251606,213.8864,469376,0.0309999999999988,"C++",TRUE
2689,"A",10000,0,449,178.7898,2,TRUE,206.9372,1,10000,0,0,1,154148,206.9372,525733,0.0360000000000014,"C++",TRUE
2690,"A",10000,0,450,214.707,1,TRUE,230,3,0,0,10000,2,189688,230,559499,0.0350000000000037,"C++",TRUE
2691,"A",10000,0,451,173.1468,2,TRUE,210.9647,1,10000,0,0,2,239914,210.9647,473843,0.0339999999999989,"C++",TRUE
2692,"A",10000,0,452,163.1033,2,TRUE,214.4521,1,10000,0,0,2,393173,214.4521,422866,0.0309999999999988,"C++",TRUE
2693,"A",10000,0,453,190.886,2,TRUE,232.6639,1,10000,0,0,2,309488,232.6639,512230,0.0300000000000011,"C++",TRUE
2694,"A",10000,0,454,154.5686,2,TRUE,201.5403,1,10000,0,0,2,347505,201.5403,431109,0.0249999999999986,"C++",TRUE
2695,"A",10000,0,455,136.3044,3,TRUE,164.9982,2,0,10000,0,1,109084,164.9982,360658,0.0249999999999986,"C++",TRUE
2696,"A",10000,0,456,215.9966,2,TRUE,266.3294,1,10000,0,0,2,506204,266.3294,531963,0.0309999999999988,"C++",TRUE
2697,"A",10000,0,457,293.8562,2,TRUE,367.3582,1,10000,0,0,2,649814,367.3582,775340,0.0489999999999995,"C++",TRUE
2698,"A",10000,0,458,141.2627,2,TRUE,172.5214,1,10000,0,0,2,214363,172.5214,400347,0.0240000000000009,"C++",TRUE
2699,"A",10000,0,459,141.91,2,TRUE,180.6758,1,10000,0,0,2,309178,180.6758,369748,0.0249999999999986,"C++",TRUE
2700,"A",10000,0,460,189.1545,2,TRUE,206.4964,1,10000,0,0,1,120757,206.4964,533977,0.034000000000006,"C++",TRUE
2701,"A",10000,0,461,124.3971,3,TRUE,159.3711,2,0,10000,0,1,100193,159.3711,341626,0.0210000000000008,"C++",TRUE
2702,"A",10000,0,462,157.8607,2,TRUE,207.5631,1,10000,0,0,2,267455,207.5631,450984,0.0259999999999962,"C++",TRUE
2703,"A",10000,0,463,227.3396,2,TRUE,308.5283,1,10000,0,0,2,661944,308.5283,577809,0.0380000000000038,"C++",TRUE
2704,"A",10000,0,464,207.8322,2,TRUE,258.6117,1,10000,0,0,2,402534,258.6117,545782,0.0359999999999943,"C++",TRUE
2705,"A",10000,0,465,193.5988,2,TRUE,220.5605,1,10000,0,0,1,151004,220.5605,558307,0.0429999999999993,"C++",TRUE
2706,"A",10000,0,466,172.8486,2,TRUE,212.9312,1,10000,0,0,2,278605,212.9312,485822,0.0300000000000011,"C++",TRUE
2707,"A",10000,0,467,213.8307,2,TRUE,258.5226,1,10000,0,0,2,404353,258.5226,575741,0.0349999999999966,"C++",TRUE
2708,"A",10000,0,468,175.5268,2,TRUE,192.4751,3,0,0,10000,2,424998,192.4751,365808,0.0260000000000034,"C++",TRUE
2709,"A",10000,0,469,147.1437,2,TRUE,185.916,1,10000,0,0,2,312784,185.916,390065,0.0229999999999961,"C++",TRUE
2710,"A",10000,0,470,166.7568,2,TRUE,211.3476,1,10000,0,0,2,359230,211.3476,437218,0.027000000000001,"C++",TRUE
2711,"A",10000,0,471,140.1748,2,TRUE,165.9259,1,10000,0,0,1,163763,165.9259,401803,0.027000000000001,"C++",TRUE
2712,"A",10000,0,472,195.7935,2,TRUE,257.0849,1,10000,0,0,2,581948,257.0849,462246,0.0259999999999962,"C++",TRUE
2713,"A",10000,0,473,193.1932,2,TRUE,197.1284,3,0,0,10000,2,268691,197.1284,419626,0.0290000000000035,"C++",TRUE
2714,"A",10000,0,474,194.5681,2,TRUE,264.4825,1,10000,0,0,2,514501,264.4825,512605,0.0339999999999989,"C++",TRUE
2715,"A",10000,0,475,124.1155,2,TRUE,162.9916,1,10000,0,0,1,154764,162.9916,350879,0.0210000000000008,"C++",TRUE
2716,"A",10000,0,476,174.9916,2,TRUE,208.1526,1,10000,0,0,2,220280,208.1526,479616,0.0330000000000013,"C++",TRUE
2717,"A",10000,0,477,144.7488,3,TRUE,189.3527,2,0,10000,0,1,114827,189.3527,384298,0.027000000000001,"C++",TRUE
2718,"A",10000,0,478,200.6795,2,TRUE,249.6498,1,10000,0,0,2,442263,249.6498,490351,0.0339999999999989,"C++",TRUE
2719,"A",10000,0,479,134.9334,2,TRUE,156.6657,1,10000,0,0,1,168788,156.6657,352487,0.0219999999999985,"C++",TRUE
2720,"A",10000,0,480,129.6396,2,TRUE,165.6069,1,10000,0,0,1,220184,165.6069,367584,0.0210000000000008,"C++",TRUE
2721,"A",10000,0,481,157.7314,2,TRUE,205.4799,1,10000,0,0,2,411514,205.4799,417746,0.027000000000001,"C++",TRUE
2722,"A",10000,0,482,155.0966,2,TRUE,199.4994,1,10000,0,0,2,353418,199.4994,418321,0.0330000000000013,"C++",TRUE
2723,"A",10000,0,483,142.6699,2,TRUE,178.1874,1,10000,0,0,2,236488,178.1874,393749,0.0259999999999962,"C++",TRUE
2724,"A",10000,0,484,184.7846,2,TRUE,210.4692,1,10000,0,0,1,116733,210.4692,529447,0.0390000000000015,"C++",TRUE
2725,"A",10000,0,485,150.8802,2,TRUE,203.3091,1,10000,0,0,2,434324,203.3091,385725,0.0300000000000011,"C++",TRUE
2726,"A",10000,0,486,196.3362,2,TRUE,240.6465,1,10000,0,0,2,311372,240.6465,551453,0.0439999999999969,"C++",TRUE
2727,"A",10000,0,487,172.9086,2,TRUE,221.2871,1,10000,0,0,2,281825,221.2871,490630,0.0339999999999989,"C++",TRUE
2728,"A",10000,0,488,125.0036,2,TRUE,162.6128,1,10000,0,0,1,200803,162.6128,355533,0.027000000000001,"C++",TRUE
2729,"A",10000,0,489,160.9068,2,TRUE,196.7541,1,10000,0,0,2,217610,196.7541,456414,0.0339999999999989,"C++",TRUE
2730,"A",10000,0,490,172.7075,2,TRUE,218.7593,1,10000,0,0,2,306485,218.7593,487444,0.0350000000000037,"C++",TRUE
2731,"A",10000,0,491,124.4394,2,TRUE,147.8168,1,10000,0,0,1,125891,147.8168,356197,0.0219999999999985,"C++",TRUE
2732,"A",10000,0,492,134.3552,2,TRUE,177.6143,1,10000,0,0,2,313944,177.6143,359330,0.0249999999999986,"C++",TRUE
2733,"A",10000,0,493,186.4865,2,TRUE,258.0039,1,10000,0,0,2,528111,258.0039,462764,0.0279999999999987,"C++",TRUE
2734,"A",10000,0,494,131.449,2,TRUE,176.9379,1,10000,0,0,2,278853,176.9379,373161,0.0210000000000008,"C++",TRUE
2735,"A",10000,0,495,187.9944,2,TRUE,228.5438,1,10000,0,0,2,314407,228.5438,516824,0.0309999999999988,"C++",TRUE
2736,"A",10000,0,496,157.4094,2,TRUE,202.0714,1,10000,0,0,2,297810,202.0714,440342,0.0260000000000034,"C++",TRUE
2737,"A",10000,0,497,170.166,1,TRUE,184.1113,3,0,0,10000,2,225914,184.1113,387983,0.0219999999999985,"C++",TRUE
2738,"A",10000,0,498,150.5952,2,TRUE,187.5856,1,10000,0,0,2,248682,187.5856,416324,0.0279999999999987,"C++",TRUE
2739,"A",10000,0,499,184.4551,3,TRUE,220.4342,2,0,10000,0,1,120023,220.4342,496220,0.0300000000000011,"C++",TRUE
2740,"A",10000,0,500,190.8119,2,TRUE,229.1909,1,10000,0,0,2,234387,229.1909,541403,0.0320000000000036,"C++",TRUE
2741,"A",10000,0,501,130.6372,2,TRUE,154.9587,1,10000,0,0,2,162507,154.9587,336313,0.019999999999996,"C++",TRUE
2742,"A",10000,0,502,211.7962,2,TRUE,274.6114,1,10000,0,0,2,461002,274.6114,561428,0.0330000000000013,"C++",TRUE
2743,"A",10000,0,503,151.297,2,TRUE,181.2326,1,10000,0,0,1,152407,181.2326,421993,0.0249999999999986,"C++",TRUE
2744,"A",10000,0,504,123.7465,2,TRUE,159.875,1,10000,0,0,1,138674,159.875,355128,0.0220000000000056,"C++",TRUE
2745,"A",10000,0,505,142.4341,3,TRUE,188.9649,2,0,10000,0,1,120898,188.9649,372388,0.0209999999999937,"C++",TRUE
2746,"A",10000,0,506,193.374,2,TRUE,234.7008,1,10000,0,0,2,305767,234.7008,532180,0.0360000000000014,"C++",TRUE
2747,"A",10000,0,507,184.9147,2,TRUE,222.7372,1,10000,0,0,2,323920,222.7372,487647,0.0380000000000038,"C++",TRUE
2748,"A",10000,0,508,157.5832,2,TRUE,200.8654,1,10000,0,0,2,325042,200.8654,427448,0.0249999999999986,"C++",TRUE
2749,"A",10000,0,509,118.4277,2,TRUE,147.1004,1,10000,0,0,1,161749,147.1004,339602,0.019999999999996,"C++",TRUE
2750,"A",10000,0,510,172.7196,3,TRUE,207.3787,2,0,10000,0,1,127906,207.3787,443352,0.0260000000000034,"C++",TRUE
2751,"A",10000,0,511,185.9209,2,TRUE,223.6235,1,10000,0,0,2,270800,223.6235,521249,0.0309999999999988,"C++",TRUE
2752,"A",10000,0,512,189.3968,2,TRUE,269.3098,1,10000,0,0,2,719239,269.3098,472851,0.0279999999999987,"C++",TRUE
2753,"A",10000,0,513,156.1985,2,TRUE,195.4369,1,10000,0,0,2,306984,195.4369,430669,0.0279999999999987,"C++",TRUE
2754,"A",10000,0,514,141.3616,2,TRUE,167.2753,1,10000,0,0,1,129434,167.2753,403223,0.0259999999999962,"C++",TRUE
2755,"A",10000,0,515,140.0986,3,TRUE,181.3142,2,0,10000,0,1,126509,181.3142,364779,0.0210000000000008,"C++",TRUE
2756,"A",10000,0,516,179.9107,2,TRUE,228.4426,1,10000,0,0,2,307920,228.4426,501838,0.0350000000000037,"C++",TRUE
2757,"A",10000,0,517,198.4461,2,TRUE,234.6804,1,10000,0,0,1,144957,234.6804,581117,0.0409999999999968,"C++",TRUE
2758,"A",10000,0,518,175.524,2,TRUE,222.9982,1,10000,0,0,2,417946,222.9982,437494,0.0249999999999986,"C++",TRUE
2759,"A",10000,0,519,192.2532,2,TRUE,236.2699,1,10000,0,0,2,241912,236.2699,555830,0.0429999999999993,"C++",TRUE
2760,"A",10000,0,520,144.3013,3,TRUE,188.9042,2,0,10000,0,1,130681,188.9042,373676,0.0280000000000058,"C++",TRUE
2761,"A",10000,0,521,186.4453,2,TRUE,239.0391,1,10000,0,0,2,414575,239.0391,485921,0.0279999999999987,"C++",TRUE
2762,"A",10000,0,522,214.8066,2,TRUE,280.4703,1,10000,0,0,2,609949,280.4703,567736,0.0330000000000013,"C++",TRUE
2763,"A",10000,0,523,145.0981,2,TRUE,177.1981,1,10000,0,0,1,151755,177.1981,414602,0.0289999999999964,"C++",TRUE
2764,"A",10000,0,524,177.1943,2,TRUE,228.476,1,10000,0,0,2,479251,228.476,447081,0.0309999999999988,"C++",TRUE
2765,"A",10000,0,525,177.9941,3,TRUE,235.9254,2,0,10000,0,1,109075,235.9254,486982,0.0350000000000037,"C++",TRUE
2766,"A",10000,0,526,157.212,2,TRUE,224.3647,1,10000,0,0,2,329317,224.3647,437867,0.0259999999999962,"C++",TRUE
2767,"A",10000,0,527,141.1897,2,TRUE,171.8428,1,10000,0,0,1,153717,171.8428,378560,0.0230000000000032,"C++",TRUE
2768,"A",10000,0,528,138.7973,2,TRUE,175.2368,1,10000,0,0,1,217739,175.2368,387519,0.0249999999999986,"C++",TRUE
2769,"A",10000,0,529,152.9095,2,TRUE,175.2755,1,10000,0,0,1,129491,175.2755,439839,0.0319999999999965,"C++",TRUE
2770,"A",10000,0,530,198.4969,2,TRUE,250.4524,1,10000,0,0,2,433351,250.4524,481777,0.027000000000001,"C++",TRUE
2771,"A",10000,0,531,149.7681,2,TRUE,217.8042,1,10000,0,0,2,515137,217.8042,371434,0.0210000000000008,"C++",TRUE
2772,"A",10000,0,532,148.3525,2,TRUE,178.9662,1,10000,0,0,2,221739,178.9662,416571,0.0290000000000035,"C++",TRUE
2773,"A",10000,0,533,173.7141,2,TRUE,204.1557,1,10000,0,0,2,229019,204.1557,495500,0.0330000000000013,"C++",TRUE
2774,"A",10000,0,534,174.5889,2,TRUE,236.914,1,10000,0,0,2,497843,236.914,445908,0.0279999999999987,"C++",TRUE
2775,"A",10000,0,535,152.7721,2,TRUE,201.5493,1,10000,0,0,2,280812,201.5493,423579,0.0289999999999964,"C++",TRUE
2776,"A",10000,0,536,137.0372,2,TRUE,178.4462,1,10000,0,0,1,219005,178.4462,391036,0.0230000000000032,"C++",TRUE
2777,"A",10000,0,537,216.8028,2,TRUE,275.3465,1,10000,0,0,2,460627,275.3465,605773,0.0420000000000016,"C++",TRUE
2778,"A",10000,0,538,142.4099,2,TRUE,182.0408,1,10000,0,0,2,313513,182.0408,378366,0.0289999999999964,"C++",TRUE
2779,"A",10000,0,539,169.7398,2,TRUE,231.8433,1,10000,0,0,2,475041,231.8433,410452,0.0240000000000009,"C++",TRUE
2780,"A",10000,0,540,179.7198,2,TRUE,212.9519,1,10000,0,0,1,232316,212.9519,506023,0.0349999999999966,"C++",TRUE
2781,"A",10000,0,541,141.8806,2,TRUE,174.0029,1,10000,0,0,2,230178,174.0029,386363,0.0280000000000058,"C++",TRUE
2782,"A",10000,0,542,249.4066,2,TRUE,320.2471,1,10000,0,0,2,371696,320.2471,701019,0.0489999999999995,"C++",TRUE
2783,"A",10000,0,543,169.1351,2,TRUE,211.1662,1,10000,0,0,2,230388,211.1662,482165,0.0330000000000013,"C++",TRUE
2784,"A",10000,0,544,209.8844,3,TRUE,243.7658,2,0,10000,0,1,135540,243.7658,585028,0.0399999999999991,"C++",TRUE
2785,"A",10000,0,545,166.2966,2,TRUE,212.5977,1,10000,0,0,2,346396,212.5977,454163,0.0319999999999965,"C++",TRUE
2786,"A",10000,0,546,217.1571,2,TRUE,276.1037,1,10000,0,0,2,556818,276.1037,536830,0.036999999999999,"C++",TRUE
2787,"A",10000,0,547,176.8742,2,TRUE,237.2461,1,10000,0,0,2,504820,237.2461,411749,0.0230000000000032,"C++",TRUE
2788,"A",10000,0,548,189.5156,2,TRUE,230.2204,1,10000,0,0,2,360527,230.2204,491097,0.0309999999999988,"C++",TRUE
2789,"A",10000,0,549,144.2097,2,TRUE,184.1401,1,10000,0,0,1,189052,184.1401,421172,0.0339999999999989,"C++",TRUE
2790,"A",10000,0,550,144.6844,2,TRUE,185.7602,1,10000,0,0,2,278308,185.7602,391237,0.0279999999999987,"C++",TRUE
2791,"A",10000,0,551,189.4031,2,TRUE,216.3884,1,10000,0,0,2,225000,216.3884,544363,0.0350000000000037,"C++",TRUE
2792,"A",10000,0,552,184.1539,2,TRUE,253.2873,1,10000,0,0,2,565519,253.2873,456787,0.027000000000001,"C++",TRUE
2793,"A",10000,0,553,137.1422,2,TRUE,177.8515,1,10000,0,0,2,264522,177.8515,382197,0.0300000000000011,"C++",TRUE
2794,"A",10000,0,554,160.7104,2,TRUE,198.407,1,10000,0,0,2,214384,198.407,451462,0.0359999999999943,"C++",TRUE
2795,"A",10000,0,555,223.7458,3,TRUE,256.3934,2,0,10000,0,1,146682,256.3934,602492,0.0470000000000041,"C++",TRUE
2796,"A",10000,0,556,248.3773,2,TRUE,294.3116,1,10000,0,0,2,347121,294.3116,700184,0.0489999999999995,"C++",TRUE
2797,"A",10000,0,557,186.2168,2,TRUE,238.4225,1,10000,0,0,2,380874,238.4225,497097,0.0309999999999988,"C++",TRUE
2798,"A",10000,0,558,201.2295,1,TRUE,209.9783,3,0,0,10000,2,245976,209.9783,448432,0.0330000000000013,"C++",TRUE
2799,"A",10000,0,559,140.3614,2,TRUE,171.1349,1,10000,0,0,1,171888,171.1349,401081,0.0240000000000009,"C++",TRUE
2800,"A",10000,0,560,142.2045,2,TRUE,196.9464,1,10000,0,0,2,390131,196.9464,363912,0.019999999999996,"C++",TRUE
2801,"A",10000,0,561,216.2948,2,TRUE,277.0048,1,10000,0,0,2,508118,277.0048,554299,0.0330000000000013,"C++",TRUE
2802,"A",10000,0,562,167.3289,1,TRUE,178.2929,3,0,0,10000,2,223051,178.2929,389870,0.0249999999999986,"C++",TRUE
2803,"A",10000,0,563,148.1088,2,TRUE,169.4295,1,10000,0,0,1,185132,169.4295,396092,0.0230000000000032,"C++",TRUE
2804,"A",10000,0,564,190.0962,2,TRUE,250.1538,1,10000,0,0,2,519168,250.1538,468446,0.027000000000001,"C++",TRUE
2805,"A",10000,0,565,166.9164,2,TRUE,203.3859,1,10000,0,0,2,146229,203.3859,481775,0.0349999999999966,"C++",TRUE
2806,"A",10000,0,566,160.1445,2,TRUE,188.3793,1,10000,0,0,1,136792,188.3793,464328,0.0279999999999987,"C++",TRUE
2807,"A",10000,0,567,176.7886,2,TRUE,232.1737,1,10000,0,0,2,436335,232.1737,446380,0.0260000000000034,"C++",TRUE
2808,"A",10000,0,568,205.3922,2,TRUE,264.9103,1,10000,0,0,2,518304,264.9103,532331,0.0339999999999989,"C++",TRUE
2809,"A",10000,0,569,157.397,2,TRUE,193.9631,1,10000,0,0,2,290925,193.9631,426868,0.0279999999999987,"C++",TRUE
2810,"A",10000,0,570,166.2896,2,TRUE,195.1454,1,10000,0,0,1,124719,195.1454,478458,0.0309999999999988,"C++",TRUE
2811,"A",10000,0,571,213.6075,2,TRUE,273.915,1,10000,0,0,2,449867,273.915,587217,0.0350000000000037,"C++",TRUE
2812,"A",10000,0,572,182.2406,3,TRUE,209.8698,2,0,10000,0,1,119583,209.8698,484524,0.0289999999999964,"C++",TRUE
2813,"A",10000,0,573,184.0627,3,TRUE,215.1223,2,0,10000,0,1,125977,215.1223,485282,0.0290000000000035,"C++",TRUE
2814,"A",10000,0,574,212.0273,2,TRUE,280.9572,1,10000,0,0,2,515588,280.9572,569127,0.0339999999999989,"C++",TRUE
2815,"A",10000,0,575,131.5364,2,TRUE,165.2097,1,10000,0,0,1,150026,165.2097,381771,0.0230000000000032,"C++",TRUE
2816,"A",10000,0,576,227.8675,2,TRUE,253.1969,1,10000,0,0,2,201003,253.1969,644063,0.0399999999999991,"C++",TRUE
2817,"A",10000,0,577,168.7308,3,TRUE,195.0546,2,0,10000,0,1,130102,195.0546,447519,0.027000000000001,"C++",TRUE
2818,"A",10000,0,578,171.7165,2,TRUE,228.9735,1,10000,0,0,2,481868,228.9735,437663,0.0239999999999938,"C++",TRUE
2819,"A",10000,0,579,134.3649,2,TRUE,178.3653,1,10000,0,0,2,279152,178.3653,364424,0.0210000000000008,"C++",TRUE
2820,"A",10000,0,580,143.5321,2,TRUE,182.0672,1,10000,0,0,1,145740,182.0672,419682,0.0249999999999986,"C++",TRUE
2821,"A",10000,0,581,134.4602,2,TRUE,179.6803,1,10000,0,0,2,269058,179.6803,371814,0.0210000000000008,"C++",TRUE
2822,"A",10000,0,582,166.8252,2,TRUE,219.1442,1,10000,0,0,2,428590,219.1442,434003,0.027000000000001,"C++",TRUE
2823,"A",10000,0,583,198.629,1,TRUE,211.022,3,0,0,10000,2,236683,211.022,477916,0.0339999999999989,"C++",TRUE
2824,"A",10000,0,584,215.9886,2,TRUE,264.627,1,10000,0,0,2,399556,264.627,584809,0.0430000000000064,"C++",TRUE
2825,"A",10000,0,585,109.637,2,TRUE,140.4708,1,10000,0,0,1,146142,140.4708,306521,0.0189999999999984,"C++",TRUE
2826,"A",10000,0,586,169.5226,2,TRUE,204.3211,1,10000,0,0,2,215732,204.3211,488543,0.0339999999999989,"C++",TRUE
2827,"A",10000,0,587,149.6031,2,TRUE,187.6184,1,10000,0,0,2,258497,187.6184,414060,0.0240000000000009,"C++",TRUE
2828,"A",10000,0,588,178.482,2,TRUE,220.5262,1,10000,0,0,2,340618,220.5262,490546,0.0289999999999964,"C++",TRUE
2829,"A",10000,0,589,214.1919,1,TRUE,219.3509,3,0,0,10000,2,246885,219.3509,493385,0.0300000000000011,"C++",TRUE
2830,"A",10000,0,590,148.3411,2,TRUE,195.289,1,10000,0,0,2,284633,195.289,416842,0.0240000000000009,"C++",TRUE
2831,"A",10000,0,591,153.5541,2,TRUE,193.175,1,10000,0,0,1,152211,193.175,424253,0.0290000000000035,"C++",TRUE
2832,"A",10000,0,592,170.9288,2,TRUE,232.2388,1,10000,0,0,2,347210,232.2388,466055,0.0279999999999987,"C++",TRUE
2833,"A",10000,0,593,161.0117,2,TRUE,214.7452,1,10000,0,0,2,416316,214.7452,408133,0.0309999999999988,"C++",TRUE
2834,"A",10000,0,594,217.9158,2,TRUE,257.7806,1,10000,0,0,2,305693,257.7806,621767,0.0399999999999991,"C++",TRUE
2835,"A",10000,0,595,127.6885,2,TRUE,171.3883,1,10000,0,0,1,173975,171.3883,362472,0.0210000000000008,"C++",TRUE
2836,"A",10000,0,596,149.8867,3,TRUE,179.9829,2,0,10000,0,1,112901,179.9829,362162,0.0249999999999986,"C++",TRUE
2837,"A",10000,0,597,127.3262,2,TRUE,171.8359,1,10000,0,0,1,218892,171.8359,344801,0.0200000000000031,"C++",TRUE
2838,"A",10000,0,598,213.3621,2,TRUE,282.458,1,10000,0,0,2,580459,282.458,533734,0.0309999999999988,"C++",TRUE
2839,"A",10000,0,599,134.2203,3,TRUE,157.9829,2,0,10000,0,1,78427,157.9829,338722,0.019999999999996,"C++",TRUE
2840,"A",10000,0,600,157.6417,2,TRUE,202.2908,1,10000,0,0,2,394092,202.2908,394003,0.0250000000000057,"C++",TRUE
2841,"A",10000,0,601,188.8056,3,TRUE,238.9114,2,0,10000,0,2,167467,238.9114,498306,0.0349999999999966,"C++",TRUE
2842,"A",10000,0,602,130.9849,2,TRUE,175.5085,1,10000,0,0,2,315637,175.5085,356280,0.0200000000000031,"C++",TRUE
2843,"A",10000,0,603,155.9336,2,TRUE,198.8777,1,10000,0,0,2,303701,198.8777,422040,0.0259999999999962,"C++",TRUE
2844,"A",10000,0,604,144.724,2,TRUE,178.595,1,10000,0,0,1,172663,178.595,417298,0.0330000000000013,"C++",TRUE
2845,"A",10000,0,605,147.5701,2,TRUE,175.1789,1,10000,0,0,1,138748,175.1789,409887,0.0259999999999962,"C++",TRUE
2846,"A",10000,0,606,142.435,2,TRUE,179.1805,1,10000,0,0,1,119567,179.1805,397871,0.027000000000001,"C++",TRUE
2847,"A",10000,0,607,223.4174,2,TRUE,280.7964,1,10000,0,0,2,492353,280.7964,558379,0.036999999999999,"C++",TRUE
2848,"A",10000,0,608,191.9883,2,TRUE,253.3126,1,10000,0,0,2,525975,253.3126,500298,0.034000000000006,"C++",TRUE
2849,"A",10000,0,609,197.3687,2,TRUE,247.0132,1,10000,0,0,2,353470,247.0132,539037,0.0349999999999966,"C++",TRUE
2850,"A",10000,0,610,264.939,2,TRUE,326.6902,1,10000,0,0,2,559275,326.6902,686577,0.0500000000000043,"C++",TRUE
2851,"A",10000,0,611,132.3022,2,TRUE,159.7887,1,10000,0,0,1,146233,159.7887,382968,0.0269999999999939,"C++",TRUE
2852,"A",10000,0,612,163.4909,2,TRUE,212.7171,1,10000,0,0,2,346229,212.7171,452259,0.0310000000000059,"C++",TRUE
2853,"A",10000,0,613,152.8418,2,TRUE,184.1931,1,10000,0,0,2,220681,184.1931,429397,0.0259999999999962,"C++",TRUE
2854,"A",10000,0,614,146.405,1,TRUE,162.9521,3,0,0,10000,2,223244,162.9521,318889,0.0189999999999984,"C++",TRUE
2855,"A",10000,0,615,162.2655,2,TRUE,185.0204,1,10000,0,0,1,134672,185.0204,454384,0.0290000000000035,"C++",TRUE
2856,"A",10000,0,616,169.7076,2,TRUE,202.3031,1,10000,0,0,2,290018,202.3031,446628,0.0300000000000011,"C++",TRUE
2857,"A",10000,0,617,199.5415,3,TRUE,231.0227,2,0,10000,0,2,192946,231.0227,518007,0.0349999999999966,"C++",TRUE
2858,"A",10000,0,618,172.5281,2,TRUE,214.0722,1,10000,0,0,2,268689,214.0722,487652,0.0350000000000037,"C++",TRUE
2859,"A",10000,0,619,192.7295,2,TRUE,255.4273,1,10000,0,0,2,582641,255.4273,427108,0.0309999999999988,"C++",TRUE
2860,"A",10000,0,620,188.0837,3,TRUE,209.4342,2,0,10000,0,1,102960,209.4342,517681,0.0420000000000016,"C++",TRUE
2861,"A",10000,0,621,255.3874,2,TRUE,310.2301,1,10000,0,0,2,426954,310.2301,700746,0.0499999999999972,"C++",TRUE
2862,"A",10000,0,622,184.9881,2,TRUE,213.3612,1,10000,0,0,2,161733,213.3612,530126,0.036999999999999,"C++",TRUE
2863,"A",10000,0,623,205.6225,1,TRUE,225.5664,3,0,0,10000,2,278219,225.5664,511866,0.0410000000000039,"C++",TRUE
2864,"A",10000,0,624,142.9905,2,TRUE,177.9235,1,10000,0,0,1,180600,177.9235,406440,0.029999999999994,"C++",TRUE
2865,"A",10000,0,625,177.0411,2,TRUE,220.1667,1,10000,0,0,2,305508,220.1667,481712,0.0330000000000013,"C++",TRUE
2866,"A",10000,0,626,172.0735,2,TRUE,228.8967,1,10000,0,0,2,488824,228.8967,438246,0.0290000000000035,"C++",TRUE
2867,"A",10000,0,627,128.6637,2,TRUE,156.7207,1,10000,0,0,1,116750,156.7207,380218,0.0229999999999961,"C++",TRUE
2868,"A",10000,0,628,209.2851,2,TRUE,278.7818,1,10000,0,0,2,653906,278.7818,492857,0.0339999999999989,"C++",TRUE
2869,"A",10000,0,629,161.6925,2,TRUE,193.8617,1,10000,0,0,2,245797,193.8617,443050,0.0260000000000034,"C++",TRUE
2870,"A",10000,0,630,160.3446,3,TRUE,189.6028,2,0,10000,0,1,133414,189.6028,425885,0.0249999999999986,"C++",TRUE
2871,"A",10000,0,631,233.6183,2,TRUE,247.217,1,10000,0,0,1,177112,247.217,641416,0.0390000000000015,"C++",TRUE
2872,"A",10000,0,632,174.9329,2,TRUE,229.8406,1,10000,0,0,2,463110,229.8406,445070,0.0259999999999962,"C++",TRUE
2873,"A",10000,0,633,156.1902,2,TRUE,185.8184,1,10000,0,0,1,175494,185.8184,448956,0.027000000000001,"C++",TRUE
2874,"A",10000,0,634,190.6228,2,TRUE,208.4441,1,10000,0,0,2,205922,208.4441,505971,0.0350000000000037,"C++",TRUE
2875,"A",10000,0,635,183.0936,2,TRUE,208.7397,1,10000,0,0,1,170575,208.7397,505173,0.0300000000000011,"C++",TRUE
2876,"A",10000,0,636,146.7306,2,TRUE,178.778,1,10000,0,0,1,186841,178.778,392970,0.0239999999999938,"C++",TRUE
2877,"A",10000,0,637,150.1292,2,TRUE,179.6931,1,10000,0,0,1,154562,179.6931,424556,0.0250000000000057,"C++",TRUE
2878,"A",10000,0,638,200.9449,2,TRUE,249.3618,1,10000,0,0,2,358362,249.3618,532729,0.0309999999999988,"C++",TRUE
2879,"A",10000,0,639,174.4692,3,TRUE,206.7163,2,0,10000,0,1,159618,206.7163,456380,0.027000000000001,"C++",TRUE
2880,"A",10000,0,640,143.5444,2,TRUE,175.8414,1,10000,0,0,2,218167,175.8414,401160,0.0240000000000009,"C++",TRUE
2881,"A",10000,0,641,176.7543,2,TRUE,245.731,1,10000,0,0,2,543243,245.731,446524,0.0259999999999962,"C++",TRUE
2882,"A",10000,0,642,209.0783,2,TRUE,279.9587,1,10000,0,0,2,592706,279.9587,546157,0.0320000000000036,"C++",TRUE
2883,"A",10000,0,643,161.2644,2,TRUE,208.4477,1,10000,0,0,2,231228,208.4477,463917,0.0279999999999987,"C++",TRUE
2884,"A",10000,0,644,113.4353,2,TRUE,154.0836,1,10000,0,0,1,183555,154.0836,325423,0.0189999999999984,"C++",TRUE
2885,"A",10000,0,645,126.1684,2,TRUE,164.5231,1,10000,0,0,1,152956,164.5231,366243,0.0219999999999985,"C++",TRUE
2886,"A",10000,0,646,153.597,2,TRUE,197.9217,1,10000,0,0,1,149006,197.9217,450412,0.027000000000001,"C++",TRUE
2887,"A",10000,0,647,158.1913,2,TRUE,180.7172,1,10000,0,0,1,133360,180.7172,443324,0.0279999999999987,"C++",TRUE
2888,"A",10000,0,648,181.9857,2,TRUE,227.8346,1,10000,0,0,2,328702,227.8346,502071,0.0290000000000035,"C++",TRUE
2889,"A",10000,0,649,161.3419,1,TRUE,179.2662,3,0,0,10000,2,214661,179.2662,377808,0.0210000000000008,"C++",TRUE
2890,"A",10000,0,650,168.626,3,TRUE,203.6643,2,0,10000,0,1,113856,203.6643,450224,0.027000000000001,"C++",TRUE
2891,"A",10000,0,651,168.9043,2,TRUE,202.4653,1,10000,0,0,1,213399,202.4653,479199,0.0319999999999965,"C++",TRUE
2892,"A",10000,0,652,212.6001,2,TRUE,277.0055,1,10000,0,0,2,565035,277.0055,544815,0.0360000000000014,"C++",TRUE
2893,"A",10000,0,653,143.7283,2,TRUE,200.8912,1,10000,0,0,2,435407,200.8912,379296,0.0210000000000008,"C++",TRUE
2894,"A",10000,0,654,173.0236,2,TRUE,206.4032,1,10000,0,0,1,161953,206.4032,503545,0.0330000000000013,"C++",TRUE
2895,"A",10000,0,655,128.752,2,TRUE,164.1561,1,10000,0,0,1,223969,164.1561,362690,0.0249999999999986,"C++",TRUE
2896,"A",10000,0,656,181.9159,2,TRUE,218.8701,1,10000,0,0,2,276363,218.8701,517394,0.0429999999999993,"C++",TRUE
2897,"A",10000,0,657,146.4527,2,TRUE,183.8364,1,10000,0,0,1,178923,183.8364,427904,0.0300000000000011,"C++",TRUE
2898,"A",10000,0,658,146.6766,2,TRUE,178.2408,1,10000,0,0,1,159405,178.2408,428587,0.0300000000000011,"C++",TRUE
2899,"A",10000,0,659,252.1051,2,TRUE,307.4936,1,10000,0,0,2,496832,307.4936,645926,0.0429999999999993,"C++",TRUE
2900,"A",10000,0,660,149.6501,2,TRUE,173.4119,1,10000,0,0,2,188596,173.4119,403502,0.0240000000000009,"C++",TRUE
2901,"A",10000,0,661,215.6364,2,TRUE,257.0222,1,10000,0,0,2,328688,257.0222,606554,0.036999999999999,"C++",TRUE
2902,"A",10000,0,662,163.8238,2,TRUE,210.578,1,10000,0,0,2,291536,210.578,459475,0.027000000000001,"C++",TRUE
2903,"A",10000,0,663,275.7015,3,TRUE,310.7298,2,0,10000,0,2,177962,310.7298,738845,0.0499999999999972,"C++",TRUE
2904,"A",10000,0,664,153.8034,2,TRUE,197.3241,1,10000,0,0,2,309160,197.3241,427954,0.0250000000000057,"C++",TRUE
2905,"A",10000,0,665,175.1713,2,TRUE,237.7354,1,10000,0,0,2,413638,237.7354,453712,0.0259999999999962,"C++",TRUE
2906,"A",10000,0,666,131.9425,2,TRUE,168.7408,1,10000,0,0,1,152751,168.7408,376079,0.0309999999999988,"C++",TRUE
2907,"A",10000,0,667,169.5734,2,TRUE,222.8659,1,10000,0,0,2,384736,222.8659,455662,0.027000000000001,"C++",TRUE
2908,"A",10000,0,668,155.5794,3,TRUE,183.9786,2,0,10000,0,1,91864,183.9786,412759,0.0300000000000011,"C++",TRUE
2909,"A",10000,0,669,131.837,2,TRUE,171.3539,1,10000,0,0,1,183957,171.3539,374702,0.0240000000000009,"C++",TRUE
2910,"A",10000,0,670,137.6866,2,TRUE,181.7166,1,10000,0,0,2,236045,181.7166,383425,0.0230000000000032,"C++",TRUE
2911,"A",10000,0,671,173.5619,2,TRUE,259.4269,1,10000,0,0,2,757659,259.4269,428520,0.0309999999999988,"C++",TRUE
2912,"A",10000,0,672,190.5295,3,TRUE,219.2902,2,0,10000,0,1,164337,219.2902,477065,0.0339999999999989,"C++",TRUE
2913,"A",10000,0,673,132.1528,2,TRUE,171.0655,1,10000,0,0,2,258169,171.0655,362117,0.0210000000000008,"C++",TRUE
2914,"A",10000,0,674,147.9693,2,TRUE,178.127,1,10000,0,0,2,218782,178.127,410292,0.0330000000000013,"C++",TRUE
2915,"A",10000,0,675,201.0189,2,TRUE,247.9166,1,10000,0,0,2,344930,247.9166,545743,0.036999999999999,"C++",TRUE
2916,"A",10000,0,676,146.8898,2,TRUE,186.137,1,10000,0,0,2,329685,186.137,364544,0.0279999999999987,"C++",TRUE
2917,"A",10000,0,677,211.9039,2,TRUE,256.2633,1,10000,0,0,2,334049,256.2633,569336,0.0390000000000015,"C++",TRUE
2918,"A",10000,0,678,181.3528,2,TRUE,233.462,1,10000,0,0,2,395874,233.462,475703,0.0360000000000014,"C++",TRUE
2919,"A",10000,0,679,181.5717,2,TRUE,237.4224,1,10000,0,0,2,432719,237.4224,460011,0.0259999999999962,"C++",TRUE
2920,"A",10000,0,680,134.2432,2,TRUE,163.7232,1,10000,0,0,1,137444,163.7232,387080,0.0279999999999987,"C++",TRUE
2921,"A",10000,0,681,229.4456,1,TRUE,244.5705,3,0,0,10000,2,217808,244.5705,589104,0.044000000000004,"C++",TRUE
2922,"A",10000,0,682,172.2515,2,TRUE,219.2989,1,10000,0,0,2,399778,219.2989,442033,0.0289999999999964,"C++",TRUE
2923,"A",10000,0,683,127.0035,2,TRUE,156.0129,1,10000,0,0,1,138993,156.0129,363882,0.0260000000000034,"C++",TRUE
2924,"A",10000,0,684,219.077,2,TRUE,276.173,1,10000,0,0,2,411404,276.173,610748,0.0409999999999968,"C++",TRUE
2925,"A",10000,0,685,139.9627,2,TRUE,173.5849,1,10000,0,0,1,136084,173.5849,398552,0.0280000000000058,"C++",TRUE
2926,"A",10000,0,686,141.1318,3,TRUE,185.7995,2,0,10000,0,1,115030,185.7995,364416,0.0269999999999939,"C++",TRUE
2927,"A",10000,0,687,181.601,2,TRUE,227.2141,1,10000,0,0,2,300460,227.2141,524950,0.0350000000000037,"C++",TRUE
2928,"A",10000,0,688,204.7567,2,TRUE,253.8215,1,10000,0,0,2,208603,253.8215,582337,0.0420000000000016,"C++",TRUE
2929,"A",10000,0,689,174.5696,2,TRUE,214.5885,1,10000,0,0,2,336445,214.5885,471084,0.027000000000001,"C++",TRUE
2930,"A",10000,0,690,146.2864,2,TRUE,180.3314,1,10000,0,0,2,228532,180.3314,408777,0.0269999999999939,"C++",TRUE
2931,"A",10000,0,691,195.1609,2,TRUE,244.0006,1,10000,0,0,2,429585,244.0006,475324,0.0290000000000035,"C++",TRUE
2932,"A",10000,0,692,190.424,2,TRUE,231.8432,1,10000,0,0,2,371895,231.8432,487433,0.0349999999999966,"C++",TRUE
2933,"A",10000,0,693,192.5874,2,TRUE,229.0022,1,10000,0,0,2,303146,229.0022,516514,0.034000000000006,"C++",TRUE
2934,"A",10000,0,694,190.1468,2,TRUE,243.2792,1,10000,0,0,2,468373,243.2792,483850,0.0319999999999965,"C++",TRUE
2935,"A",10000,0,695,181.7223,2,TRUE,237.5535,1,10000,0,0,2,452862,237.5535,470797,0.027000000000001,"C++",TRUE
2936,"A",10000,0,696,185.897,2,TRUE,230.9726,1,10000,0,0,2,288395,230.9726,527909,0.0309999999999988,"C++",TRUE
2937,"A",10000,0,697,135.7442,2,TRUE,170.531,1,10000,0,0,2,186425,170.531,384350,0.0230000000000032,"C++",TRUE
2938,"A",10000,0,698,191.7294,2,TRUE,224.2846,1,10000,0,0,1,150918,224.2846,575871,0.0379999999999967,"C++",TRUE
2939,"A",10000,0,699,178.5797,2,TRUE,241.5995,1,10000,0,0,2,433329,241.5995,474537,0.0320000000000036,"C++",TRUE
2940,"A",10000,0,700,135.1544,2,TRUE,173.3453,1,10000,0,0,1,155296,173.3453,395310,0.0249999999999986,"C++",TRUE
2941,"A",10000,0,701,146.4476,2,TRUE,182.2817,1,10000,0,0,1,199181,182.2817,418151,0.0249999999999986,"C++",TRUE
2942,"A",10000,0,702,172.8177,3,TRUE,209.3638,2,0,10000,0,1,129061,209.3638,451391,0.0279999999999987,"C++",TRUE
2943,"A",10000,0,703,206.8417,2,TRUE,280.7556,1,10000,0,0,2,594190,280.7556,521801,0.0309999999999988,"C++",TRUE
2944,"A",10000,0,704,185.4911,2,TRUE,228.7983,1,10000,0,0,2,335646,228.7983,480400,0.0279999999999987,"C++",TRUE
2945,"A",10000,0,705,233.718,2,TRUE,292.8308,1,10000,0,0,2,526360,292.8308,599255,0.0360000000000014,"C++",TRUE
2946,"A",10000,0,706,142.7793,2,TRUE,174.4795,1,10000,0,0,1,179841,174.4795,406385,0.0240000000000009,"C++",TRUE
2947,"A",10000,0,707,161.1462,2,TRUE,203.6725,1,10000,0,0,2,368253,203.6725,418487,0.0240000000000009,"C++",TRUE
2948,"A",10000,0,708,206.6732,2,TRUE,247.8863,1,10000,0,0,2,204701,247.8863,611651,0.036999999999999,"C++",TRUE
2949,"A",10000,0,709,189.774,2,TRUE,263.5498,1,10000,0,0,2,617548,263.5498,477102,0.0279999999999987,"C++",TRUE
2950,"A",10000,0,710,159.3072,2,TRUE,187.9974,1,10000,0,0,1,129277,187.9974,471899,0.0290000000000035,"C++",TRUE
2951,"A",10000,0,711,184.3141,2,TRUE,227.4687,1,10000,0,0,2,285880,227.4687,508717,0.0300000000000011,"C++",TRUE
2952,"A",10000,0,712,183.5216,2,TRUE,246.3055,1,10000,0,0,2,543785,246.3055,446637,0.0249999999999986,"C++",TRUE
2953,"A",10000,0,713,136.8476,3,TRUE,175.2529,2,0,10000,0,1,112994,175.2529,361844,0.0210000000000008,"C++",TRUE
2954,"A",10000,0,714,129.4808,2,TRUE,157.7979,1,10000,0,0,1,142160,157.7979,375897,0.0219999999999985,"C++",TRUE
2955,"A",10000,0,715,154.9312,2,TRUE,195.6107,1,10000,0,0,2,279624,195.6107,433435,0.0250000000000057,"C++",TRUE
2956,"A",10000,0,716,162.7355,2,TRUE,204.0092,1,10000,0,0,2,282421,204.0092,450680,0.0259999999999962,"C++",TRUE
2957,"A",10000,0,717,196.4669,2,TRUE,254.2693,1,10000,0,0,2,307740,254.2693,538369,0.0320000000000036,"C++",TRUE
2958,"A",10000,0,718,163.4076,2,TRUE,210.6493,1,10000,0,0,2,315718,210.6493,469653,0.029999999999994,"C++",TRUE
2959,"A",10000,0,719,199.892,2,TRUE,252.5615,1,10000,0,0,2,368612,252.5615,545009,0.0320000000000036,"C++",TRUE
2960,"A",10000,0,720,167.0919,3,TRUE,203.7305,2,0,10000,0,1,126699,203.7305,440265,0.0330000000000013,"C++",TRUE
2961,"A",10000,0,721,161.369,2,TRUE,194.7413,1,10000,0,0,1,131445,194.7413,480844,0.0350000000000037,"C++",TRUE
2962,"A",10000,0,722,158.9024,3,TRUE,192.0728,2,0,10000,0,1,133031,192.0728,417767,0.0249999999999986,"C++",TRUE
2963,"A",10000,0,723,197.7814,1,TRUE,199.9193,3,0,0,10000,2,206994,199.9193,482116,0.0319999999999965,"C++",TRUE
2964,"A",10000,0,724,174.3374,2,TRUE,208.026,1,10000,0,0,2,188596,208.026,503446,0.0320000000000036,"C++",TRUE
2965,"A",10000,0,725,164.5329,3,TRUE,199.365,2,0,10000,0,1,98110,199.365,443165,0.0339999999999989,"C++",TRUE
2966,"A",10000,0,726,137.9627,2,TRUE,169.2646,1,10000,0,0,1,141599,169.2646,394207,0.0289999999999964,"C++",TRUE
2967,"A",10000,0,727,189.7685,2,TRUE,242.0196,1,10000,0,0,2,467538,242.0196,472072,0.0310000000000059,"C++",TRUE
2968,"A",10000,0,728,134.0846,2,TRUE,181.3235,1,10000,0,0,2,288425,181.3235,376068,0.0210000000000008,"C++",TRUE
2969,"A",10000,0,729,160.6538,2,TRUE,201.2342,1,10000,0,0,2,313778,201.2342,439207,0.0309999999999988,"C++",TRUE
2970,"A",10000,0,730,122.5413,2,TRUE,154.0676,1,10000,0,0,1,213539,154.0676,330759,0.0189999999999984,"C++",TRUE
2971,"A",10000,0,731,179.6081,2,TRUE,246.4146,1,10000,0,0,2,538893,246.4146,451555,0.0260000000000034,"C++",TRUE
2972,"A",10000,0,732,203.9053,2,TRUE,258.1807,1,10000,0,0,2,392091,258.1807,570352,0.0339999999999989,"C++",TRUE
2973,"A",10000,0,733,122.012,2,TRUE,146.047,1,10000,0,0,1,108528,146.047,334644,0.0300000000000011,"C++",TRUE
2974,"A",10000,0,734,213.4896,3,TRUE,248.6047,2,0,10000,0,1,139374,248.6047,572635,0.0379999999999967,"C++",TRUE
2975,"A",10000,0,735,133.7407,2,TRUE,158.0385,1,10000,0,0,2,170244,158.0385,379697,0.0230000000000032,"C++",TRUE
2976,"A",10000,0,736,184.8648,2,TRUE,214.2392,1,10000,0,0,1,152707,214.2392,534692,0.0330000000000013,"C++",TRUE
2977,"A",10000,0,737,193.9465,2,TRUE,234.5889,1,10000,0,0,1,221686,234.5889,559993,0.036999999999999,"C++",TRUE
2978,"A",10000,0,738,178.7255,2,TRUE,221.4121,1,10000,0,0,2,370457,221.4121,458817,0.0289999999999964,"C++",TRUE
2979,"A",10000,0,739,230.7554,2,TRUE,283.4966,1,10000,0,0,2,463044,283.4966,574946,0.0399999999999991,"C++",TRUE
2980,"A",10000,0,740,206.5914,3,TRUE,253.6209,2,0,10000,0,1,118420,253.6209,563020,0.0390000000000015,"C++",TRUE
2981,"A",10000,0,741,114.9471,2,TRUE,152.4078,1,10000,0,0,2,203490,152.4078,321887,0.0189999999999984,"C++",TRUE
2982,"A",10000,0,742,179.0129,2,TRUE,243.2835,1,10000,0,0,2,558628,243.2835,430212,0.0300000000000011,"C++",TRUE
2983,"A",10000,0,743,152.8423,2,TRUE,188.2154,1,10000,0,0,2,242297,188.2154,432903,0.0360000000000014,"C++",TRUE
2984,"A",10000,0,744,164.0714,2,TRUE,199.5683,1,10000,0,0,2,214728,199.5683,458953,0.0289999999999964,"C++",TRUE
2985,"A",10000,0,745,200.5957,2,TRUE,249.4684,1,10000,0,0,2,407264,249.4684,516738,0.0320000000000036,"C++",TRUE
2986,"A",10000,0,746,151.3647,3,TRUE,196.8899,2,0,10000,0,1,131507,196.8899,390375,0.0309999999999988,"C++",TRUE
2987,"A",10000,0,747,152.6887,2,TRUE,189.1067,1,10000,0,0,2,226271,189.1067,432835,0.0300000000000011,"C++",TRUE
2988,"A",10000,0,748,156.5335,2,TRUE,201.0424,1,10000,0,0,2,314203,201.0424,434592,0.0300000000000011,"C++",TRUE
2989,"A",10000,0,749,176.8552,2,TRUE,235.2413,1,10000,0,0,2,310863,235.2413,485052,0.0319999999999965,"C++",TRUE
2990,"A",10000,0,750,271.0946,2,TRUE,309.4654,1,10000,0,0,2,324808,309.4654,777482,0.0539999999999949,"C++",TRUE
2991,"A",10000,0,751,178.2939,2,TRUE,231.2403,1,10000,0,0,2,374052,231.2403,500993,0.0320000000000036,"C++",TRUE
2992,"A",10000,0,752,209.9163,2,TRUE,267.0497,1,10000,0,0,2,436027,267.0497,550406,0.0450000000000017,"C++",TRUE
2993,"A",10000,0,753,167.9692,2,TRUE,202.61,1,10000,0,0,1,170671,202.61,481559,0.0319999999999965,"C++",TRUE
2994,"A",10000,0,754,168.9742,2,TRUE,174.8242,1,10000,0,0,1,134568,174.8242,434713,0.0350000000000037,"C++",TRUE
2995,"A",10000,0,755,182.3007,2,TRUE,226.1885,1,10000,0,0,2,355091,226.1885,505224,0.0339999999999989,"C++",TRUE
2996,"A",10000,0,756,116.8626,2,TRUE,152.8847,1,10000,0,0,1,141289,152.8847,337992,0.0289999999999964,"C++",TRUE
2997,"A",10000,0,757,156.7588,2,TRUE,201.8512,1,10000,0,0,2,345684,201.8512,405597,0.0279999999999987,"C++",TRUE
2998,"A",10000,0,758,176.0279,2,TRUE,233.0855,1,10000,0,0,2,345652,233.0855,465520,0.027000000000001,"C++",TRUE
2999,"A",10000,0,759,197.5535,2,TRUE,265.9219,1,10000,0,0,2,541174,265.9219,444338,0.0279999999999987,"C++",TRUE
3000,"A",10000,0,760,178.1129,2,TRUE,200.1526,1,10000,0,0,1,127194,200.1526,509197,0.034000000000006,"C++",TRUE
3001,"A",10000,0,761,130.7345,2,TRUE,176.9236,1,10000,0,0,2,266114,176.9236,359189,0.0229999999999961,"C++",TRUE
3002,"A",10000,0,762,143.0157,2,TRUE,181.7215,1,10000,0,0,2,275617,181.7215,371251,0.0219999999999985,"C++",TRUE
3003,"A",10000,0,763,204.4237,2,TRUE,273.5894,1,10000,0,0,2,607789,273.5894,478295,0.0280000000000058,"C++",TRUE
3004,"A",10000,0,764,160.69,3,TRUE,192.4894,2,0,10000,0,1,133386,192.4894,402659,0.0279999999999987,"C++",TRUE
3005,"A",10000,0,765,122.9952,2,TRUE,159.6361,1,10000,0,0,1,156892,159.6361,348018,0.019999999999996,"C++",TRUE
3006,"A",10000,0,766,159.0734,2,TRUE,208.8951,1,10000,0,0,1,301866,208.8951,442165,0.0260000000000034,"C++",TRUE
3007,"A",10000,0,767,178.3236,2,TRUE,223.9619,1,10000,0,0,2,396761,223.9619,474312,0.0279999999999987,"C++",TRUE
3008,"A",10000,0,768,140.4933,2,TRUE,171.2468,1,10000,0,0,2,183096,171.2468,397721,0.0240000000000009,"C++",TRUE
3009,"A",10000,0,769,176.4651,2,TRUE,205.0051,1,10000,0,0,1,216946,205.0051,501536,0.0300000000000011,"C++",TRUE
3010,"A",10000,0,770,150.709,2,TRUE,177.8391,1,10000,0,0,2,207381,177.8391,417476,0.0249999999999986,"C++",TRUE
3011,"A",10000,0,771,139.9799,2,TRUE,195.2685,1,10000,0,0,2,401811,195.2685,373708,0.0210000000000008,"C++",TRUE
3012,"A",10000,0,772,152.5995,2,TRUE,187.8687,1,10000,0,0,2,234938,187.8687,419794,0.0249999999999986,"C++",TRUE
3013,"A",10000,0,773,186.1583,2,TRUE,244.2262,1,10000,0,0,2,397346,244.2262,501821,0.0290000000000035,"C++",TRUE
3014,"A",10000,0,774,162.145,2,TRUE,194.1731,1,10000,0,0,2,267163,194.1731,442297,0.0289999999999964,"C++",TRUE
3015,"A",10000,0,775,163.2968,2,TRUE,199.7727,1,10000,0,0,1,167309,199.7727,474980,0.0290000000000035,"C++",TRUE
3016,"A",10000,0,776,156.9515,2,TRUE,220.2103,1,10000,0,0,2,530661,220.2103,398567,0.0229999999999961,"C++",TRUE
3017,"A",10000,0,777,160.4629,2,TRUE,197.8061,1,10000,0,0,2,272135,197.8061,445466,0.027000000000001,"C++",TRUE
3018,"A",10000,0,778,125.5332,2,TRUE,157.8184,1,10000,0,0,1,156420,157.8184,350811,0.0219999999999985,"C++",TRUE
3019,"A",10000,0,779,147.3554,2,TRUE,171.5242,1,10000,0,0,1,143945,171.5242,418235,0.0279999999999987,"C++",TRUE
3020,"A",10000,0,780,136.2188,2,TRUE,168.6554,1,10000,0,0,1,115357,168.6554,395034,0.0240000000000009,"C++",TRUE
3021,"A",10000,0,781,185.2675,1,TRUE,205.1615,3,0,0,10000,2,227493,205.1615,434325,0.0260000000000034,"C++",TRUE
3022,"A",10000,0,782,155.1992,2,TRUE,212.7961,1,10000,0,0,2,319361,212.7961,429897,0.0249999999999986,"C++",TRUE
3023,"A",10000,0,783,175.011,2,TRUE,231.1014,1,10000,0,0,2,314229,231.1014,486074,0.0279999999999987,"C++",TRUE
3024,"A",10000,0,784,174.5299,2,TRUE,222.2037,1,10000,0,0,2,381728,222.2037,480702,0.0279999999999987,"C++",TRUE
3025,"A",10000,0,785,172.7394,2,TRUE,211.2376,1,10000,0,0,2,239356,211.2376,494652,0.0300000000000011,"C++",TRUE
3026,"A",10000,0,786,174.6687,2,TRUE,212.7268,1,10000,0,0,2,283285,212.7268,482129,0.0290000000000035,"C++",TRUE
3027,"A",10000,0,787,139.2581,2,TRUE,195.3124,1,10000,0,0,1,190500,195.3124,406346,0.0229999999999961,"C++",TRUE
3028,"A",10000,0,788,189.4136,2,TRUE,248.2597,1,10000,0,0,2,523905,248.2597,469921,0.0260000000000034,"C++",TRUE
3029,"A",10000,0,789,136.299,3,TRUE,178.8614,2,0,10000,0,1,118702,178.8614,364345,0.0229999999999961,"C++",TRUE
3030,"A",10000,0,790,167.7074,2,TRUE,207.1918,1,10000,0,0,2,273054,207.1918,463271,0.0420000000000016,"C++",TRUE
3031,"A",10000,0,791,238.2089,2,TRUE,308.3527,1,10000,0,0,2,535549,308.3527,605333,0.0379999999999967,"C++",TRUE
3032,"A",10000,0,792,108.6422,2,TRUE,152.1206,1,10000,0,0,1,151439,152.1206,311914,0.0200000000000031,"C++",TRUE
3033,"A",10000,0,793,202.8449,3,TRUE,231.5914,2,0,10000,0,1,120694,231.5914,560454,0.0339999999999989,"C++",TRUE
3034,"A",10000,0,794,193.1695,2,TRUE,236.086,1,10000,0,0,2,304545,236.086,534806,0.0360000000000014,"C++",TRUE
3035,"A",10000,0,795,160.9587,2,TRUE,224.5033,1,10000,0,0,2,580383,224.5033,385635,0.0219999999999985,"C++",TRUE
3036,"A",10000,0,796,219.6219,2,TRUE,277.9855,1,10000,0,0,2,486860,277.9855,572509,0.0380000000000038,"C++",TRUE
3037,"A",10000,0,797,198.9649,2,TRUE,243.3794,1,10000,0,0,2,299087,243.3794,564563,0.0349999999999966,"C++",TRUE
3038,"A",10000,0,798,214.2513,2,TRUE,277.2014,1,10000,0,0,2,405699,277.2014,592201,0.0459999999999994,"C++",TRUE
3039,"A",10000,0,799,154.762,2,TRUE,190.4239,1,10000,0,0,1,190550,190.4239,444228,0.027000000000001,"C++",TRUE
3040,"A",10000,0,800,196.3152,2,TRUE,238.1475,1,10000,0,0,2,315245,238.1475,533292,0.0309999999999988,"C++",TRUE
3041,"A",10000,0,801,158.8277,2,TRUE,210.7193,1,10000,0,0,2,422317,210.7193,405836,0.0279999999999987,"C++",TRUE
3042,"A",10000,0,802,164.9355,2,TRUE,204.6051,1,10000,0,0,2,303961,204.6051,441759,0.027000000000001,"C++",TRUE
3043,"A",10000,0,803,162.6245,1,TRUE,196.9509,3,0,0,10000,2,260974,196.9509,355950,0.0220000000000056,"C++",TRUE
3044,"A",10000,0,804,154.1771,2,TRUE,186.2814,1,10000,0,0,1,204850,186.2814,439182,0.029999999999994,"C++",TRUE
3045,"A",10000,0,805,173.1437,3,TRUE,215.916,2,0,10000,0,1,145547,215.916,434153,0.0260000000000034,"C++",TRUE
3046,"A",10000,0,806,130.7592,2,TRUE,165.424,1,10000,0,0,1,146475,165.424,386324,0.027000000000001,"C++",TRUE
3047,"A",10000,0,807,140.194,2,TRUE,175.6555,1,10000,0,0,2,241090,175.6555,390226,0.0289999999999964,"C++",TRUE
3048,"A",10000,0,808,171.1938,2,TRUE,206.1538,1,10000,0,0,2,219711,206.1538,488781,0.0290000000000035,"C++",TRUE
3049,"A",10000,0,809,171.3004,2,TRUE,226.1361,1,10000,0,0,2,430190,226.1361,415528,0.0279999999999987,"C++",TRUE
3050,"A",10000,0,810,166.1786,2,TRUE,200.2635,1,10000,0,0,1,225933,200.2635,478729,0.0319999999999965,"C++",TRUE
3051,"A",10000,0,811,168.3615,2,TRUE,208.7932,1,10000,0,0,2,283167,208.7932,477073,0.0320000000000036,"C++",TRUE
3052,"A",10000,0,812,184.9768,2,TRUE,225.2076,1,10000,0,0,2,249784,225.2076,534495,0.036999999999999,"C++",TRUE
3053,"A",10000,0,813,175.7591,2,TRUE,223.375,1,10000,0,0,2,360477,223.375,469656,0.0320000000000036,"C++",TRUE
3054,"A",10000,0,814,202.0348,2,TRUE,272.5876,1,10000,0,0,2,482969,272.5876,488798,0.0339999999999989,"C++",TRUE
3055,"A",10000,0,815,183.8084,2,TRUE,226.7757,1,10000,0,0,2,298214,226.7757,512927,0.0360000000000014,"C++",TRUE
3056,"A",10000,0,816,132.4035,2,TRUE,170.6765,1,10000,0,0,1,270119,170.6765,371567,0.0259999999999962,"C++",TRUE
3057,"A",10000,0,817,174.2703,3,TRUE,190.3572,2,0,10000,0,1,122621,190.3572,402387,0.0279999999999987,"C++",TRUE
3058,"A",10000,0,818,176.3122,2,TRUE,224.4389,1,10000,0,0,2,350558,224.4389,490426,0.0290000000000035,"C++",TRUE
3059,"A",10000,0,819,127.959,2,TRUE,173.0254,1,10000,0,0,2,348828,173.0254,336004,0.0229999999999961,"C++",TRUE
3060,"A",10000,0,820,117.6131,2,TRUE,153.2807,1,10000,0,0,1,142832,153.2807,328555,0.0280000000000058,"C++",TRUE
3061,"A",10000,0,821,167.083,2,TRUE,218.806,1,10000,0,0,2,453233,218.806,410660,0.0249999999999986,"C++",TRUE
3062,"A",10000,0,822,166.2294,2,TRUE,193.6738,1,10000,0,0,1,185936,193.6738,463732,0.0319999999999965,"C++",TRUE
3063,"A",10000,0,823,217.1495,3,TRUE,267.5127,2,0,10000,0,1,108043,267.5127,612930,0.0399999999999991,"C++",TRUE
3064,"A",10000,0,824,161.3894,2,TRUE,209.0214,1,10000,0,0,2,380180,209.0214,428696,0.0300000000000011,"C++",TRUE
3065,"A",10000,0,825,179.0041,3,TRUE,213.2883,2,0,10000,0,1,119349,213.2883,474241,0.0390000000000015,"C++",TRUE
3066,"A",10000,0,826,209.6778,1,TRUE,231.628,3,0,0,10000,2,224023,231.628,525817,0.036999999999999,"C++",TRUE
3067,"A",10000,0,827,195.8459,2,TRUE,231.7992,1,10000,0,0,1,145123,231.7992,577050,0.0410000000000039,"C++",TRUE
3068,"A",10000,0,828,156.3369,2,TRUE,197.5957,1,10000,0,0,2,231158,197.5957,449599,0.0259999999999962,"C++",TRUE
3069,"A",10000,0,829,196.6382,3,TRUE,226.0825,2,0,10000,0,1,117251,226.0825,529077,0.036999999999999,"C++",TRUE
3070,"A",10000,0,830,148.1319,2,TRUE,167.9509,1,10000,0,0,1,118211,167.9509,428548,0.0260000000000034,"C++",TRUE
3071,"A",10000,0,831,222.6967,2,TRUE,281.3137,1,10000,0,0,2,521990,281.3137,567742,0.0379999999999967,"C++",TRUE
3072,"A",10000,0,832,128.9033,2,TRUE,164.6719,1,10000,0,0,1,217178,164.6719,361564,0.0210000000000008,"C++",TRUE
3073,"A",10000,0,833,184.815,3,TRUE,216.5279,2,0,10000,0,1,109264,216.5279,495926,0.0300000000000011,"C++",TRUE
3074,"A",10000,0,834,165.8806,3,TRUE,184.3749,2,0,10000,0,1,127466,184.3749,399576,0.0229999999999961,"C++",TRUE
3075,"A",10000,0,835,137.3636,2,TRUE,159.395,1,10000,0,0,1,119868,159.395,388775,0.0240000000000009,"C++",TRUE
3076,"A",10000,0,836,165.7715,2,TRUE,227.5917,1,10000,0,0,2,386357,227.5917,440176,0.0250000000000057,"C++",TRUE
3077,"A",10000,0,837,146.8523,2,TRUE,190.8008,1,10000,0,0,1,262934,190.8008,409948,0.0289999999999964,"C++",TRUE
3078,"A",10000,0,838,180.9735,2,TRUE,219.1578,1,10000,0,0,2,286485,219.1578,508283,0.0309999999999988,"C++",TRUE
3079,"A",10000,0,839,217.8135,1,TRUE,232.6423,3,0,0,10000,2,255139,232.6423,492210,0.0309999999999988,"C++",TRUE
3080,"A",10000,0,840,189.2022,2,TRUE,242.0237,1,10000,0,0,2,410697,242.0237,502179,0.0300000000000011,"C++",TRUE
3081,"A",10000,0,841,160.0001,1,TRUE,178.1852,3,0,0,10000,2,195734,178.1852,368994,0.0210000000000008,"C++",TRUE
3082,"A",10000,0,842,174.8607,3,TRUE,206.2994,2,0,10000,0,1,136460,206.2994,459086,0.0279999999999987,"C++",TRUE
3083,"A",10000,0,843,185.3664,2,TRUE,230.8813,1,10000,0,0,2,356961,230.8813,518645,0.0300000000000011,"C++",TRUE
3084,"A",10000,0,844,152.556,2,TRUE,192.7811,1,10000,0,0,1,129244,192.7811,448978,0.0279999999999987,"C++",TRUE
3085,"A",10000,0,845,174.2778,2,TRUE,209.3022,1,10000,0,0,2,219345,209.3022,498688,0.0300000000000011,"C++",TRUE
3086,"A",10000,0,846,153.3645,2,TRUE,191.0633,1,10000,0,0,2,309849,191.0633,417250,0.027000000000001,"C++",TRUE
3087,"A",10000,0,847,210.6189,3,TRUE,254.7031,2,0,10000,0,2,208908,254.7031,548032,0.0330000000000013,"C++",TRUE
3088,"A",10000,0,848,156.8878,2,TRUE,201.0888,1,10000,0,0,2,314059,201.0888,404875,0.0229999999999961,"C++",TRUE
3089,"A",10000,0,849,165.5398,2,TRUE,208.8808,1,10000,0,0,2,288699,208.8808,446460,0.0260000000000034,"C++",TRUE
3090,"A",10000,0,850,148.8987,2,TRUE,190.735,1,10000,0,0,2,335270,190.735,397126,0.0229999999999961,"C++",TRUE
3091,"A",10000,0,851,148.1869,3,TRUE,195.4012,2,0,10000,0,1,124533,195.4012,371337,0.0220000000000056,"C++",TRUE
3092,"A",10000,0,852,155.0868,2,TRUE,187.7359,1,10000,0,0,1,186675,187.7359,445833,0.027000000000001,"C++",TRUE
3093,"A",10000,0,853,146.0554,2,TRUE,190.0714,1,10000,0,0,2,272643,190.0714,407114,0.0229999999999961,"C++",TRUE
3094,"A",10000,0,854,176.9008,2,TRUE,229.4134,1,10000,0,0,2,411996,229.4134,456111,0.027000000000001,"C++",TRUE
3095,"A",10000,0,855,222.6723,2,TRUE,291.4416,1,10000,0,0,2,596630,291.4416,571365,0.0319999999999965,"C++",TRUE
3096,"A",10000,0,856,158.004,3,TRUE,195.8786,2,0,10000,0,1,105268,195.8786,418949,0.0250000000000057,"C++",TRUE
3097,"A",10000,0,857,178.1747,2,TRUE,226.3329,1,10000,0,0,2,358517,226.3329,477745,0.0279999999999987,"C++",TRUE
3098,"A",10000,0,858,180.3942,2,TRUE,218.748,1,10000,0,0,2,341336,218.748,477562,0.036999999999999,"C++",TRUE
3099,"A",10000,0,859,176.0456,2,TRUE,237.3817,1,10000,0,0,2,479903,237.3817,442363,0.0349999999999966,"C++",TRUE
3100,"A",10000,0,860,197.1113,2,TRUE,241.817,1,10000,0,0,2,333352,241.817,545506,0.0320000000000036,"C++",TRUE
3101,"A",10000,0,861,173.519,2,TRUE,229.2004,1,10000,0,0,2,392597,229.2004,443930,0.0259999999999962,"C++",TRUE
3102,"A",10000,0,862,173.9951,2,TRUE,228.9152,1,10000,0,0,2,440123,228.9152,446637,0.0309999999999988,"C++",TRUE
3103,"A",10000,0,863,160.536,2,TRUE,211.4598,1,10000,0,0,2,366496,211.4598,424791,0.0240000000000009,"C++",TRUE
3104,"A",10000,0,864,213.3032,2,TRUE,258.8295,1,10000,0,0,2,334748,258.8295,583249,0.0429999999999993,"C++",TRUE
3105,"A",10000,0,865,216.0077,2,TRUE,266.3329,1,10000,0,0,2,390235,266.3329,590631,0.0390000000000015,"C++",TRUE
3106,"A",10000,0,866,180.0457,2,TRUE,233.2398,1,10000,0,0,2,459007,233.2398,466293,0.027000000000001,"C++",TRUE
3107,"A",10000,0,867,180.6063,2,TRUE,229.0695,1,10000,0,0,2,386437,229.0695,474101,0.0279999999999987,"C++",TRUE
3108,"A",10000,0,868,174.2967,3,TRUE,205.713,2,0,10000,0,1,129836,205.713,451477,0.0290000000000035,"C++",TRUE
3109,"A",10000,0,869,181.1421,2,TRUE,211.6737,1,10000,0,0,1,167629,211.6737,524611,0.0349999999999966,"C++",TRUE
3110,"A",10000,0,870,134.5422,2,TRUE,162.4072,1,10000,0,0,1,130487,162.4072,398218,0.0240000000000009,"C++",TRUE
3111,"A",10000,0,871,146.4737,2,TRUE,187.5294,1,10000,0,0,2,273940,187.5294,407045,0.0279999999999987,"C++",TRUE
3112,"A",10000,0,872,161.4019,2,TRUE,197.8527,1,10000,0,0,2,304437,197.8527,441788,0.0279999999999987,"C++",TRUE
3113,"A",10000,0,873,136.3888,2,TRUE,176.1738,1,10000,0,0,2,299361,176.1738,351667,0.0250000000000057,"C++",TRUE
3114,"A",10000,0,874,138.3812,2,TRUE,167.3237,1,10000,0,0,1,136044,167.3237,404127,0.0239999999999938,"C++",TRUE
3115,"A",10000,0,875,130.0126,2,TRUE,170.8983,1,10000,0,0,2,249617,170.8983,359062,0.0210000000000008,"C++",TRUE
3116,"A",10000,0,876,189.3137,3,TRUE,216.8612,2,0,10000,0,1,105413,216.8612,517371,0.0350000000000037,"C++",TRUE
3117,"A",10000,0,877,153.5334,2,TRUE,205.2557,1,10000,0,0,2,261086,205.2557,434858,0.0259999999999962,"C++",TRUE
3118,"A",10000,0,878,238.1133,2,TRUE,295.3397,1,10000,0,0,2,461598,295.3397,655948,0.0470000000000041,"C++",TRUE
3119,"A",10000,0,879,155.8351,3,TRUE,169.1183,2,0,10000,0,1,99501,169.1183,366049,0.0219999999999985,"C++",TRUE
3120,"A",10000,0,880,150.0213,3,TRUE,182.9926,2,0,10000,0,1,108624,182.9926,391643,0.0290000000000035,"C++",TRUE
3121,"A",10000,0,881,151.6456,2,TRUE,190.7363,1,10000,0,0,2,300752,190.7363,395100,0.0269999999999939,"C++",TRUE
3122,"A",10000,0,882,176.8107,2,TRUE,228.8102,1,10000,0,0,2,468025,228.8102,427853,0.0300000000000011,"C++",TRUE
3123,"A",10000,0,883,236.1428,2,TRUE,285.8792,1,10000,0,0,2,457425,285.8792,604873,0.0410000000000039,"C++",TRUE
3124,"A",10000,0,884,182.3744,2,TRUE,201.0773,1,10000,0,0,1,128656,201.0773,514453,0.0339999999999989,"C++",TRUE
3125,"A",10000,0,885,162.9482,1,TRUE,168.9605,3,0,0,10000,2,194206,168.9605,382126,0.0249999999999986,"C++",TRUE
3126,"A",10000,0,886,212.4792,2,TRUE,263.3677,1,10000,0,0,2,406014,263.3677,542901,0.0390000000000015,"C++",TRUE
3127,"A",10000,0,887,176.8035,2,TRUE,216.5294,1,10000,0,0,2,351295,216.5294,454182,0.0319999999999965,"C++",TRUE
3128,"A",10000,0,888,143.8385,2,TRUE,196.1899,1,10000,0,0,2,441152,196.1899,375096,0.0290000000000035,"C++",TRUE
3129,"A",10000,0,889,163.2131,2,TRUE,222.4843,1,10000,0,0,2,483731,222.4843,415296,0.0289999999999964,"C++",TRUE
3130,"A",10000,0,890,137.6642,2,TRUE,166.7278,1,10000,0,0,2,202990,166.7278,383531,0.0260000000000034,"C++",TRUE
3131,"A",10000,0,891,172.29,2,TRUE,218.7834,1,10000,0,0,2,339302,218.7834,449494,0.0289999999999964,"C++",TRUE
3132,"A",10000,0,892,160.0748,2,TRUE,199.2979,1,10000,0,0,1,195130,199.2979,460048,0.027000000000001,"C++",TRUE
3133,"A",10000,0,893,186.4128,2,TRUE,240.3721,1,10000,0,0,2,452916,240.3721,487577,0.0399999999999991,"C++",TRUE
3134,"A",10000,0,894,179.4816,2,TRUE,223.797,1,10000,0,0,2,293740,223.797,497018,0.0320000000000036,"C++",TRUE
3135,"A",10000,0,895,212.0021,2,TRUE,273.6234,1,10000,0,0,2,542519,273.6234,540647,0.0409999999999968,"C++",TRUE
3136,"A",10000,0,896,165.0855,2,TRUE,210.4715,1,10000,0,0,2,384102,210.4715,437464,0.0300000000000011,"C++",TRUE
3137,"A",10000,0,897,116.9882,2,TRUE,140.6234,1,10000,0,0,1,136168,140.6234,309346,0.0180000000000007,"C++",TRUE
3138,"A",10000,0,898,164.704,2,TRUE,206.7198,1,10000,0,0,2,298068,206.7198,447035,0.0309999999999988,"C++",TRUE
3139,"A",10000,0,899,180.4513,2,TRUE,232.1038,1,10000,0,0,2,425048,232.1038,448280,0.0260000000000034,"C++",TRUE
3140,"A",10000,0,900,161.7354,2,TRUE,203.3901,1,10000,0,0,2,276368,203.3901,464988,0.027000000000001,"C++",TRUE
3141,"A",10000,0,901,171.9308,2,TRUE,218.1804,1,10000,0,0,2,374633,218.1804,457199,0.0319999999999965,"C++",TRUE
3142,"A",10000,0,902,155.3305,2,TRUE,201.3055,1,10000,0,0,2,267684,201.3055,425505,0.0300000000000011,"C++",TRUE
3143,"A",10000,0,903,165.2616,2,TRUE,210.792,1,10000,0,0,2,393479,210.792,417585,0.0229999999999961,"C++",TRUE
3144,"A",10000,0,904,230.1815,2,TRUE,299.5622,1,10000,0,0,2,601818,299.5622,558255,0.0330000000000013,"C++",TRUE
3145,"A",10000,0,905,186.2125,2,TRUE,225.3615,1,10000,0,0,2,276587,225.3615,526699,0.0309999999999988,"C++",TRUE
3146,"A",10000,0,906,132.7089,2,TRUE,168.3895,1,10000,0,0,1,163406,168.3895,381115,0.0230000000000032,"C++",TRUE
3147,"A",10000,0,907,156.5361,3,TRUE,195.0025,2,0,10000,0,1,113419,195.0025,427653,0.0249999999999986,"C++",TRUE
3148,"A",10000,0,908,217.887,2,TRUE,267.8122,1,10000,0,0,2,389789,267.8122,603614,0.0410000000000039,"C++",TRUE
3149,"A",10000,0,909,273.3828,3,TRUE,307.5626,2,0,10000,0,1,127528,307.5626,736783,0.0449999999999946,"C++",TRUE
3150,"A",10000,0,910,174.7835,2,TRUE,214.2821,1,10000,0,0,2,272910,214.2821,491009,0.0290000000000035,"C++",TRUE
3151,"A",10000,0,911,220.487,3,TRUE,260.488,2,0,10000,0,2,195013,260.488,581496,0.0349999999999966,"C++",TRUE
3152,"A",10000,0,912,154.9324,2,TRUE,186.8314,1,10000,0,0,1,174066,186.8314,448552,0.027000000000001,"C++",TRUE
3153,"A",10000,0,913,143.3602,2,TRUE,175.3556,1,10000,0,0,1,188785,175.3556,413380,0.0240000000000009,"C++",TRUE
3154,"A",10000,0,914,219.3179,2,TRUE,274.5591,1,10000,0,0,2,469267,274.5591,566526,0.0330000000000013,"C++",TRUE
3155,"A",10000,0,915,203.8354,2,TRUE,239.2307,1,10000,0,0,2,203230,239.2307,609521,0.036999999999999,"C++",TRUE
3156,"A",10000,0,916,171.163,3,TRUE,204.1969,2,0,10000,0,1,114004,204.1969,439458,0.027000000000001,"C++",TRUE
3157,"A",10000,0,917,164.966,2,TRUE,206.8923,1,10000,0,0,2,279563,206.8923,444901,0.0259999999999962,"C++",TRUE
3158,"A",10000,0,918,128.4907,2,TRUE,160.0527,1,10000,0,0,1,158292,160.0527,362384,0.0210000000000008,"C++",TRUE
3159,"A",10000,0,919,187.259,2,TRUE,236.0932,1,10000,0,0,2,379653,236.0932,508657,0.0300000000000011,"C++",TRUE
3160,"A",10000,0,920,174.6729,2,TRUE,227.8145,1,10000,0,0,2,425795,227.8145,459842,0.0260000000000034,"C++",TRUE
3161,"A",10000,0,921,230.9829,2,TRUE,279.3282,1,10000,0,0,2,397098,279.3282,628380,0.0379999999999967,"C++",TRUE
3162,"A",10000,0,922,167.758,1,TRUE,186.721,3,0,0,10000,2,242822,186.721,372527,0.0210000000000008,"C++",TRUE
3163,"A",10000,0,923,211.8422,2,TRUE,252.9559,1,10000,0,0,2,254128,252.9559,606158,0.0360000000000014,"C++",TRUE
3164,"A",10000,0,924,172.2175,2,TRUE,215.0084,1,10000,0,0,2,381260,215.0084,443222,0.0259999999999962,"C++",TRUE
3165,"A",10000,0,925,205.8707,2,TRUE,255.5411,1,10000,0,0,2,368223,255.5411,552434,0.0310000000000059,"C++",TRUE
3166,"A",10000,0,926,186.5291,3,TRUE,201.8057,2,0,10000,0,1,130101,201.8057,460762,0.0279999999999987,"C++",TRUE
3167,"A",10000,0,927,130.2712,2,TRUE,173.3814,1,10000,0,0,2,277402,173.3814,352175,0.0249999999999986,"C++",TRUE
3168,"A",10000,0,928,141.833,2,TRUE,177.5585,1,10000,0,0,1,162008,177.5585,408553,0.0260000000000034,"C++",TRUE
3169,"A",10000,0,929,251.1923,2,TRUE,309.5674,1,10000,0,0,2,518345,309.5674,645916,0.0439999999999969,"C++",TRUE
3170,"A",10000,0,930,176.022,2,TRUE,219.3085,1,10000,0,0,1,193797,219.3085,523097,0.0380000000000038,"C++",TRUE
3171,"A",10000,0,931,163.9737,2,TRUE,206.6449,1,10000,0,0,2,293427,206.6449,455579,0.0319999999999965,"C++",TRUE
3172,"A",10000,0,932,167.8303,2,TRUE,197.9544,1,10000,0,0,1,177132,197.9544,481980,0.0290000000000035,"C++",TRUE
3173,"A",10000,0,933,142.0644,2,TRUE,192.9727,1,10000,0,0,2,333205,192.9727,382259,0.027000000000001,"C++",TRUE
3174,"A",10000,0,934,167.1796,3,TRUE,197.9368,2,0,10000,0,1,123322,197.9368,417389,0.0259999999999962,"C++",TRUE
3175,"A",10000,0,935,181.0919,2,TRUE,211.955,1,10000,0,0,1,161310,211.955,524968,0.036999999999999,"C++",TRUE
3176,"A",10000,0,936,157.9044,2,TRUE,231.8898,1,10000,0,0,2,483959,231.8898,391589,0.027000000000001,"C++",TRUE
3177,"A",10000,0,937,148.2625,2,TRUE,183.1165,1,10000,0,0,2,259001,183.1165,416410,0.0300000000000011,"C++",TRUE
3178,"A",10000,0,938,195.4242,2,TRUE,252.0961,1,10000,0,0,2,448306,252.0961,493305,0.0309999999999988,"C++",TRUE
3179,"A",10000,0,939,170.5787,3,TRUE,196.4354,2,0,10000,0,1,114935,196.4354,450250,0.0320000000000036,"C++",TRUE
3180,"A",10000,0,940,172.3326,2,TRUE,231.2329,1,10000,0,0,2,371671,231.2329,463825,0.0330000000000013,"C++",TRUE
3181,"A",10000,0,941,133.969,2,TRUE,169.8818,1,10000,0,0,2,231630,169.8818,365324,0.0210000000000008,"C++",TRUE
3182,"A",10000,0,942,185.1665,2,TRUE,237.9249,1,10000,0,0,2,384233,237.9249,493477,0.0349999999999966,"C++",TRUE
3183,"A",10000,0,943,159.2044,2,TRUE,223.0715,1,10000,0,0,2,540969,223.0715,363892,0.0200000000000031,"C++",TRUE
3184,"A",10000,0,944,132.4123,2,TRUE,156.5228,1,10000,0,0,2,161535,156.5228,361836,0.0229999999999961,"C++",TRUE
3185,"A",10000,0,945,235.554,2,TRUE,283.3358,1,10000,0,0,2,406367,283.3358,633495,0.0589999999999975,"C++",TRUE
3186,"A",10000,0,946,159.9819,2,TRUE,197.0929,1,10000,0,0,2,257772,197.0929,448020,0.0280000000000058,"C++",TRUE
3187,"A",10000,0,947,163.8674,2,TRUE,211.5702,1,10000,0,0,2,368578,211.5702,443832,0.0309999999999988,"C++",TRUE
3188,"A",10000,0,948,143.1219,2,TRUE,183.1525,1,10000,0,0,2,229260,183.1525,390859,0.027000000000001,"C++",TRUE
3189,"A",10000,0,949,149.3097,2,TRUE,192.3979,1,10000,0,0,2,383680,192.3979,382344,0.0219999999999985,"C++",TRUE
3190,"A",10000,0,950,160.6996,3,TRUE,201.5352,2,0,10000,0,2,194162,201.5352,402487,0.027000000000001,"C++",TRUE
3191,"A",10000,0,951,159.0122,2,TRUE,187.8919,1,10000,0,0,1,136018,187.8919,464285,0.0360000000000014,"C++",TRUE
3192,"A",10000,0,952,181.7935,2,TRUE,231.4402,1,10000,0,0,2,410142,231.4402,496954,0.0339999999999989,"C++",TRUE
3193,"A",10000,0,953,210.4691,2,TRUE,251.5269,1,10000,0,0,2,331107,251.5269,592038,0.0429999999999993,"C++",TRUE
3194,"A",10000,0,954,216.3909,2,TRUE,276.0539,1,10000,0,0,2,484148,276.0539,538839,0.036999999999999,"C++",TRUE
3195,"A",10000,0,955,187.074,2,TRUE,212.7281,1,10000,0,0,2,200086,212.7281,524356,0.0320000000000036,"C++",TRUE
3196,"A",10000,0,956,145.5559,2,TRUE,175.8735,1,10000,0,0,1,143276,175.8735,429823,0.027000000000001,"C++",TRUE
3197,"A",10000,0,957,184.7812,3,TRUE,211.4956,2,0,10000,0,1,128054,211.4956,461041,0.0289999999999964,"C++",TRUE
3198,"A",10000,0,958,171.2667,2,TRUE,213.5949,1,10000,0,0,2,372228,213.5949,450161,0.0260000000000034,"C++",TRUE
3199,"A",10000,0,959,142.9958,2,TRUE,180.2258,1,10000,0,0,2,252681,180.2258,395047,0.0229999999999961,"C++",TRUE
3200,"A",10000,0,960,159.5036,2,TRUE,202.6796,1,10000,0,0,2,284981,202.6796,442548,0.0260000000000034,"C++",TRUE
3201,"A",10000,0,961,174.2858,3,TRUE,199.1045,2,0,10000,0,1,115325,199.1045,434600,0.0259999999999962,"C++",TRUE
3202,"A",10000,0,962,168.8492,2,TRUE,212.2281,1,10000,0,0,2,292678,212.2281,467996,0.027000000000001,"C++",TRUE
3203,"A",10000,0,963,166.4074,2,TRUE,206.9986,1,10000,0,0,2,333766,206.9986,432292,0.0249999999999986,"C++",TRUE
3204,"A",10000,0,964,138.5942,2,TRUE,172.6364,1,10000,0,0,1,187465,172.6364,399590,0.0240000000000009,"C++",TRUE
3205,"A",10000,0,965,199.3388,2,TRUE,259.6576,1,10000,0,0,2,503584,259.6576,507639,0.0290000000000035,"C++",TRUE
3206,"A",10000,0,966,209.2485,3,TRUE,239.443,2,0,10000,0,1,164473,239.443,542179,0.0379999999999967,"C++",TRUE
3207,"A",10000,0,967,128.4236,2,TRUE,152.1358,1,10000,0,0,1,126632,152.1358,300605,0.0180000000000007,"C++",TRUE
3208,"A",10000,0,968,141.7474,2,TRUE,176.441,1,10000,0,0,2,221020,176.441,400763,0.0230000000000032,"C++",TRUE
3209,"A",10000,0,969,182.6136,2,TRUE,225.6901,1,10000,0,0,2,303575,225.6901,497060,0.029999999999994,"C++",TRUE
3210,"A",10000,0,970,163.9113,2,TRUE,190.9977,1,10000,0,0,1,142155,190.9977,483373,0.0290000000000035,"C++",TRUE
3211,"A",10000,0,971,180.2972,2,TRUE,215.5138,1,10000,0,0,2,230028,215.5138,531903,0.0319999999999965,"C++",TRUE
3212,"A",10000,0,972,183.7929,2,TRUE,232.1477,1,10000,0,0,2,315742,232.1477,511850,0.0300000000000011,"C++",TRUE
3213,"A",10000,0,973,130.8204,2,TRUE,168.7986,1,10000,0,0,1,145607,168.7986,382322,0.0230000000000032,"C++",TRUE
3214,"A",10000,0,974,189.6392,2,TRUE,224.7843,1,10000,0,0,1,159966,224.7843,554009,0.0339999999999989,"C++",TRUE
3215,"A",10000,0,975,246.2409,2,TRUE,340.4781,1,10000,0,0,2,698240,340.4781,655560,0.0390000000000015,"C++",TRUE
3216,"A",10000,0,976,183.8847,1,TRUE,199.1631,3,0,0,10000,2,216812,199.1631,431828,0.0259999999999962,"C++",TRUE
3217,"A",10000,0,977,185.335,2,TRUE,231.6543,1,10000,0,0,2,370041,231.6543,497720,0.0290000000000035,"C++",TRUE
3218,"A",10000,0,978,177.9844,2,TRUE,210.2099,1,10000,0,0,1,176787,210.2099,508546,0.0309999999999988,"C++",TRUE
3219,"A",10000,0,979,177.4426,2,TRUE,242.5747,1,10000,0,0,2,588684,242.5747,406602,0.0219999999999985,"C++",TRUE
3220,"A",10000,0,980,222.1233,2,TRUE,286.9465,1,10000,0,0,2,435940,286.9465,591255,0.0350000000000037,"C++",TRUE
3221,"A",10000,0,981,242.861,1,TRUE,254.3101,3,0,0,10000,2,231066,254.3101,546816,0.0319999999999965,"C++",TRUE
3222,"A",10000,0,982,174.4998,2,TRUE,221.0718,1,10000,0,0,2,331108,221.0718,460964,0.0260000000000034,"C++",TRUE
3223,"A",10000,0,983,157.8086,2,TRUE,194.0546,1,10000,0,0,2,217712,194.0546,441908,0.0259999999999962,"C++",TRUE
3224,"A",10000,0,984,172.783,2,TRUE,228.0212,1,10000,0,0,2,454447,228.0212,439395,0.0260000000000034,"C++",TRUE
3225,"A",10000,0,985,137.8924,3,TRUE,162.5594,2,0,10000,0,1,107670,162.5594,355148,0.0210000000000008,"C++",TRUE
3226,"A",10000,0,986,133.0643,3,TRUE,158.7179,2,0,10000,0,1,97704,158.7179,347095,0.019999999999996,"C++",TRUE
3227,"A",10000,0,987,169.0916,3,TRUE,206.4866,2,0,10000,0,2,179426,206.4866,394628,0.0219999999999985,"C++",TRUE
3228,"A",10000,0,988,171.2032,2,TRUE,215.0634,1,10000,0,0,2,320949,215.0634,465273,0.0260000000000034,"C++",TRUE
3229,"A",10000,0,989,136.1941,2,TRUE,165.7183,1,10000,0,0,1,131757,165.7183,380325,0.0219999999999985,"C++",TRUE
3230,"A",10000,0,990,234.9577,2,TRUE,267.9221,1,10000,0,0,1,150059,267.9221,707419,0.044000000000004,"C++",TRUE
3231,"A",10000,0,991,146.5395,2,TRUE,190.5953,1,10000,0,0,2,328796,190.5953,384401,0.0219999999999985,"C++",TRUE
3232,"A",10000,0,992,149.0214,2,TRUE,190.813,1,10000,0,0,2,320480,190.813,390166,0.0219999999999985,"C++",TRUE
3233,"A",10000,0,993,187.3431,2,TRUE,215.7207,1,10000,0,0,2,237934,215.7207,530925,0.0309999999999988,"C++",TRUE
3234,"A",10000,0,994,202.6294,2,TRUE,252.2741,1,10000,0,0,2,438092,252.2741,527605,0.0309999999999988,"C++",TRUE
3235,"A",10000,0,995,140.6288,2,TRUE,169.5833,1,10000,0,0,1,160190,169.5833,397485,0.0240000000000009,"C++",TRUE
3236,"A",10000,0,996,147.2194,2,TRUE,188.1653,1,10000,0,0,2,283937,188.1653,403368,0.0300000000000011,"C++",TRUE
3237,"A",10000,0,997,199.4456,1,TRUE,206.5661,3,0,0,10000,2,220482,206.5661,456374,0.027000000000001,"C++",TRUE
3238,"A",10000,0,998,215.1858,2,TRUE,293.6905,1,10000,0,0,2,569331,293.6905,555166,0.036999999999999,"C++",TRUE
3239,"A",10000,0,999,156.0204,2,TRUE,186.4897,1,10000,0,0,1,147723,186.4897,418869,0.0339999999999989,"C++",TRUE
3240,"A",10000,0,1000,253.5711,2,TRUE,299.6806,1,10000,0,0,2,354138,299.6806,723249,0.0489999999999995,"C++",TRUE
3241,"B",100,0.01,1,64.59,3,FALSE,NA,NA,29,2,69,104,189926,7000,128567,0.007000000000005,"C++",FALSE
3242,"B",100,0.01,2,21.54,3,FALSE,NA,NA,2,30,68,105,200204,7000,123671,0.0069999999999979,"C++",FALSE
3243,"B",100,0.01,3,105.72,2,FALSE,NA,NA,42,53,5,109,185989,7000,130037,0.00800000000000267,"C++",FALSE
3244,"B",100,0.01,4,31.19,2,FALSE,NA,NA,66,2,32,104,195926,7000,121137,0.00999999999999801,"C++",FALSE
3245,"B",100,0.01,5,90.19,2,FALSE,NA,NA,79,5,16,108,169433,7000,132037,0.00900000000000034,"C++",FALSE
3246,"B",100,0.01,6,37.07,2,FALSE,NA,NA,7,1,92,112,200296,7000,125270,0.0069999999999979,"C++",FALSE
3247,"B",100,0.01,7,38.95,3,FALSE,NA,NA,11,14,75,111,172450,7000,132730,0.00900000000000034,"C++",FALSE
3248,"B",100,0.01,8,25.12,3,FALSE,NA,NA,37,25,38,108,178486,7000,125738,0.00999999999999801,"C++",FALSE
3249,"B",100,0.01,9,29.29,2,FALSE,NA,NA,13,1,86,106,177187,7000,131016,0.0110000000000028,"C++",FALSE
3250,"B",100,0.01,10,33.03,1,FALSE,NA,NA,87,13,0,110,199446,7000,125939,0.0069999999999979,"C++",FALSE
3251,"B",100,0.01,11,35.56,3,FALSE,NA,NA,96,2,2,101,190811,7000,127658,0.0120000000000005,"C++",FALSE
3252,"B",100,0.01,12,66.03,2,FALSE,NA,NA,15,57,28,112,197069,7000,134129,0.00800000000000267,"C++",FALSE
3253,"B",100,0.01,13,47.15,3,FALSE,NA,NA,72,8,20,104,216149,7000,117380,0.00600000000000023,"C++",FALSE
3254,"B",100,0.01,14,35.71,3,FALSE,NA,NA,16,6,78,110,180246,7000,125379,0.00900000000000034,"C++",FALSE
3255,"B",100,0.01,15,31.68,2,FALSE,NA,NA,14,85,1,107,193668,7000,121268,0.0120000000000005,"C++",FALSE
3256,"B",100,0.01,16,70.72,3,FALSE,NA,NA,0,7,93,111,206882,7000,123258,0.0069999999999979,"C++",FALSE
3257,"B",100,0.01,17,35.9,2,FALSE,NA,NA,17,1,82,109,188228,7000,126434,0.0069999999999979,"C++",FALSE
3258,"B",100,0.01,18,76.69,2,FALSE,NA,NA,23,7,70,107,197903,7000,125435,0.007000000000005,"C++",FALSE
3259,"B",100,0.01,19,21.52,2,FALSE,NA,NA,2,92,6,109,214259,7000,122349,0.0119999999999933,"C++",FALSE
3260,"B",100,0.01,20,44.81,1,FALSE,NA,NA,64,0,36,113,189026,7000,132098,0.007000000000005,"C++",FALSE
3261,"B",100,0.001,1,17.07,2,TRUE,7000,3,0,0,100,27,273462,7000,29256,0.00199999999999534,"C++",FALSE
3262,"B",100,0.001,2,30.45,2,TRUE,7000,3,0,0,100,29,281214,7000,30509,0.00300000000000011,"C++",FALSE
3263,"B",100,0.001,3,18.46,3,FALSE,NA,NA,55,45,0,23,248424,7000,25131,0.00100000000000477,"C++",FALSE
3264,"B",100,0.001,4,50.26,2,TRUE,7000,2,0,100,0,31,285588,7000,32490,0.00199999999999534,"C++",FALSE
3265,"B",100,0.001,5,23.79,3,TRUE,7000,2,0,100,0,26,249513,7000,30114,0.00100000000000477,"C++",FALSE
3266,"B",100,0.001,6,17.1,3,TRUE,7000,2,0,100,0,23,278005,7000,25637,0.000999999999997669,"C++",FALSE
3267,"B",100,0.001,7,94.03,2,TRUE,7000,2,0,100,0,24,316736,7000,27601,0.00200000000000244,"C++",FALSE
3268,"B",100,0.001,8,71,2,TRUE,7000,3,0,0,100,24,315986,7000,26050,0.000999999999997669,"C++",FALSE
3269,"B",100,0.001,9,41.82,2,TRUE,7000,2,0,100,0,28,308198,7000,30061,0.00200000000000244,"C++",FALSE
3270,"B",100,0.001,10,23.7,2,FALSE,NA,NA,88,0,12,29,293581,7000,30156,0.000999999999997669,"C++",FALSE
3271,"B",100,0.001,11,23.39,2,TRUE,7000,3,0,0,100,28,315812,7000,29771,0.00200000000000244,"C++",FALSE
3272,"B",100,0.001,12,26.69,3,TRUE,7000,1,100,0,0,25,301583,7000,26892,0.000999999999997669,"C++",FALSE
3273,"B",100,0.001,13,33.57,3,TRUE,7000,2,0,100,0,24,270774,7000,25719,0.000999999999997669,"C++",FALSE
3274,"B",100,0.001,14,18.05,2,TRUE,7000,3,0,0,100,27,278952,7000,28951,0.00200000000000244,"C++",FALSE
3275,"B",100,0.001,15,27.87,2,FALSE,NA,NA,99,0,1,25,302765,7000,25709,0.000999999999997669,"C++",FALSE
3276,"B",100,0.001,16,18,2,TRUE,7000,2,0,100,0,24,325806,7000,25455,0.00100000000000477,"C++",FALSE
3277,"B",100,0.001,17,49.32,2,TRUE,7000,3,0,0,100,29,284224,7000,30398,0.00199999999999534,"C++",FALSE
3278,"B",100,0.001,18,20,3,FALSE,NA,NA,1,0,99,23,309576,7000,24053,0.00100000000000477,"C++",FALSE
3279,"B",100,0.001,19,26.58,3,TRUE,7000,1,100,0,0,26,333780,7000,27964,0.000999999999997669,"C++",FALSE
3280,"B",100,0.001,20,58.53,3,TRUE,7000,1,100,0,0,29,305026,7000,31195,0.00200000000000244,"C++",FALSE
3281,"A",3000,0,1,126.493333333333,2,TRUE,178.195666666667,1,3000,0,0,2,124634,178.195666666667,97501,0.00999999999999801,"C++",TRUE
3282,"A",3000,0,2,186.662666666667,2,TRUE,226.321333333333,1,3000,0,0,2,73373,226.321333333333,165913,0.00999999999999801,"C++",TRUE
3283,"A",3000,0,3,144.462333333333,2,TRUE,181.879333333333,1,3000,0,0,2,78760,181.879333333333,123691,0.00800000000000267,"C++",TRUE
3284,"A",3000,0,4,113.211666666667,2,TRUE,147.616,1,3000,0,0,2,69948,147.616,91145,0.00499999999999545,"C++",TRUE
3285,"A",3000,0,5,153.174,3,TRUE,180.200333333333,2,0,3000,0,1,38216,180.200333333333,122264,0.0100000000000051,"C++",TRUE
3286,"A",3000,0,6,111.530333333333,2,TRUE,131.978333333333,1,3000,0,0,1,32097,131.978333333333,95036,0.00799999999999557,"C++",TRUE
3287,"A",3000,0,7,146.280333333333,2,TRUE,184.349333333333,1,3000,0,0,2,55007,184.349333333333,126986,0.0100000000000051,"C++",TRUE
3288,"A",3000,0,8,205.732,2,TRUE,259.763,1,3000,0,0,2,150529,259.763,156858,0.0109999999999957,"C++",TRUE
3289,"A",3000,0,9,118.902333333333,2,TRUE,151.148666666667,1,3000,0,0,2,75265,151.148666666667,102308,0.00600000000000023,"C++",TRUE
3290,"A",3000,0,10,160.026333333333,2,TRUE,212.223,1,3000,0,0,2,129663,212.223,127069,0.00999999999999801,"C++",TRUE
3291,"A",3000,0,11,167.114333333333,2,TRUE,221.449333333333,1,3000,0,0,2,152280,221.449333333333,123532,0.00900000000000034,"C++",TRUE
3292,"A",3000,0,12,140.355,2,TRUE,173.103666666667,1,3000,0,0,2,70757,173.103666666667,119386,0.00900000000000034,"C++",TRUE
3293,"A",3000,0,13,138.116333333333,2,TRUE,188.419666666667,1,3000,0,0,1,67183,188.419666666667,120212,0.0100000000000051,"C++",TRUE
3294,"A",3000,0,14,146.120333333333,2,TRUE,198.878333333333,1,3000,0,0,2,135496,198.878333333333,115676,0.00999999999999801,"C++",TRUE
3295,"A",3000,0,15,131.517333333333,2,TRUE,148.703333333333,1,3000,0,0,2,53372,148.703333333333,104645,0.00600000000000023,"C++",TRUE
3296,"A",3000,0,16,255.883333333333,2,TRUE,300.146666666667,1,3000,0,0,2,119928,300.146666666667,200921,0.0120000000000005,"C++",TRUE
3297,"A",3000,0,17,131.905,2,TRUE,165.006,1,3000,0,0,2,83938,165.006,100894,0.00600000000000023,"C++",TRUE
3298,"A",3000,0,18,139.816,2,TRUE,168.501333333333,1,3000,0,0,1,46471,168.501333333333,127222,0.00799999999999557,"C++",TRUE
3299,"A",3000,0,19,146.676,2,TRUE,184.387,1,3000,0,0,2,92969,184.387,117937,0.0100000000000051,"C++",TRUE
3300,"A",3000,0,20,176.095,2,TRUE,220.568666666667,1,3000,0,0,2,101231,220.568666666667,153059,0.0120000000000005,"C++",TRUE
3301,"A",3000,0,21,175.849666666667,1,TRUE,184.823666666667,3,0,0,3000,2,65340,184.823666666667,130732,0.00999999999999801,"C++",TRUE
3302,"A",3000,0,22,177.480333333333,2,TRUE,227.607,1,3000,0,0,2,115783,227.607,141645,0.00900000000000034,"C++",TRUE
3303,"A",3000,0,23,141.506666666667,2,TRUE,174.703333333333,1,3000,0,0,2,73726,174.703333333333,114144,0.00600000000000023,"C++",TRUE
3304,"A",3000,0,24,131.166333333333,2,TRUE,180.268,1,3000,0,0,2,137674,180.268,98495,0.00600000000000023,"C++",TRUE
3305,"A",3000,0,25,146.644666666667,2,TRUE,187.815333333333,1,3000,0,0,2,99543,187.815333333333,122915,0.0069999999999979,"C++",TRUE
3306,"A",3000,0,26,114.116333333333,2,TRUE,155.311,1,3000,0,0,1,66632,155.311,97387,0.00600000000000023,"C++",TRUE
3307,"A",3000,0,27,97.618,2,TRUE,119.243333333333,1,3000,0,0,1,42585,119.243333333333,80532,0.00500000000000256,"C++",TRUE
3308,"A",3000,0,28,118.942333333333,2,TRUE,137.422,1,3000,0,0,1,28364,137.422,104685,0.00600000000000023,"C++",TRUE
3309,"A",3000,0,29,190.178,2,TRUE,236.139666666667,1,3000,0,0,3,124436,236.139666666667,154960,0.00900000000000034,"C++",TRUE
3310,"A",3000,0,30,137.584333333333,2,TRUE,187.178,1,3000,0,0,2,108759,187.178,112039,0.0069999999999979,"C++",TRUE
3311,"A",3000,0,31,136.532333333333,2,TRUE,175.301666666667,1,3000,0,0,1,89158,175.301666666667,115734,0.00600000000000023,"C++",TRUE
3312,"A",3000,0,32,179.010666666667,2,TRUE,224.788333333333,1,3000,0,0,2,103608,224.788333333333,145466,0.0129999999999981,"C++",TRUE
3313,"A",3000,0,33,141.441,2,TRUE,193.964,1,3000,0,0,2,109684,193.964,101317,0.00600000000000023,"C++",TRUE
3314,"A",3000,0,34,182.368,1,TRUE,193.618666666667,3,0,0,3000,2,70428,193.618666666667,123875,0.0069999999999979,"C++",TRUE
3315,"A",3000,0,35,144.013333333333,2,TRUE,188.645666666667,1,3000,0,0,2,94404,188.645666666667,121348,0.007000000000005,"C++",TRUE
3316,"A",3000,0,36,152.260333333333,2,TRUE,200.125,1,3000,0,0,2,128791,200.125,116006,0.0069999999999979,"C++",TRUE
3317,"A",3000,0,37,119.157333333333,2,TRUE,171.837666666667,1,3000,0,0,2,90160,171.837666666667,94906,0.00500000000000256,"C++",TRUE
3318,"A",3000,0,38,128.031,2,TRUE,166.956666666667,1,3000,0,0,2,70198,166.956666666667,109534,0.0069999999999979,"C++",TRUE
3319,"A",3000,0,39,165.825333333333,3,TRUE,176.332333333333,2,0,3000,0,1,30368,176.332333333333,130872,0.00800000000000267,"C++",TRUE
3320,"A",3000,0,40,87.0283333333333,2,TRUE,100.393,1,3000,0,0,1,35876,100.393,70658,0.00399999999999778,"C++",TRUE
3321,"A",3000,0,41,123.132,2,TRUE,136.722,1,3000,0,0,1,27457,136.722,97419,0.00900000000000034,"C++",TRUE
3322,"A",3000,0,42,125.883666666667,2,TRUE,161.462333333333,1,3000,0,0,2,81116,161.462333333333,104413,0.00600000000000023,"C++",TRUE
3323,"A",3000,0,43,105.171333333333,2,TRUE,128.859666666667,1,3000,0,0,1,54808,128.859666666667,82958,0.00600000000000023,"C++",TRUE
3324,"A",3000,0,44,114.698666666667,2,TRUE,146.882333333333,1,3000,0,0,1,41735,146.882333333333,102128,0.0069999999999979,"C++",TRUE
3325,"A",3000,0,45,117.172666666667,2,TRUE,151.019333333333,1,3000,0,0,1,52672,151.019333333333,103691,0.00999999999999801,"C++",TRUE
3326,"A",3000,0,46,86.045,2,TRUE,126.689666666667,1,3000,0,0,1,66806,126.689666666667,75402,0.00500000000000256,"C++",TRUE
3327,"A",3000,0,47,172.280333333333,2,TRUE,203.157333333333,1,3000,0,0,2,85359,203.157333333333,133782,0.0069999999999979,"C++",TRUE
3328,"A",3000,0,48,127.999333333333,2,TRUE,185.598333333333,1,3000,0,0,2,98820,185.598333333333,102698,0.00600000000000023,"C++",TRUE
3329,"A",3000,0,49,117.494333333333,2,TRUE,151.668,1,3000,0,0,1,54960,151.668,100456,0.00600000000000023,"C++",TRUE
3330,"A",3000,0,50,93.2833333333333,2,TRUE,117.469666666667,1,3000,0,0,1,36596,117.469666666667,83266,0.00500000000000256,"C++",TRUE
3331,"A",3000,0,51,112.671,2,TRUE,147.429666666667,1,3000,0,0,1,59921,147.429666666667,99194,0.00600000000000023,"C++",TRUE
3332,"A",3000,0,52,116.306,2,TRUE,170.117333333333,1,3000,0,0,1,84472,170.117333333333,98389,0.00600000000000023,"C++",TRUE
3333,"A",3000,0,53,98.2323333333333,2,TRUE,141.576,1,3000,0,0,1,47336,141.576,88510,0.00600000000000023,"C++",TRUE
3334,"A",3000,0,54,156.648666666667,3,TRUE,190.29,2,0,3000,0,1,36097,190.29,122989,0.00900000000000034,"C++",TRUE
3335,"A",3000,0,55,159.469333333333,3,TRUE,202.769333333333,2,0,3000,0,2,54350,202.769333333333,117410,0.00799999999999557,"C++",TRUE
3336,"A",3000,0,56,111.256333333333,2,TRUE,143.771666666667,1,3000,0,0,1,39060,143.771666666667,98582,0.00800000000000267,"C++",TRUE
3337,"A",3000,0,57,104.949333333333,2,TRUE,145.970333333333,1,3000,0,0,1,56111,145.970333333333,94419,0.00800000000000267,"C++",TRUE
3338,"A",3000,0,58,205.875666666667,2,TRUE,236.930333333333,1,3000,0,0,2,67576,236.930333333333,178515,0.0109999999999957,"C++",TRUE
3339,"A",3000,0,59,106.268333333333,2,TRUE,123.467333333333,1,3000,0,0,1,27839,123.467333333333,88579,0.00500000000000256,"C++",TRUE
3340,"A",3000,0,60,125.776666666667,2,TRUE,164.663666666667,1,3000,0,0,2,72345,164.663666666667,105742,0.00600000000000023,"C++",TRUE
3341,"A",3000,0,61,96.324,2,TRUE,122.164,1,3000,0,0,1,39154,122.164,85115,0.00499999999999545,"C++",TRUE
3342,"A",3000,0,62,134.484666666667,2,TRUE,157.928,1,3000,0,0,1,36526,157.928,118063,0.00800000000000267,"C++",TRUE
3343,"A",3000,0,63,144.387,3,TRUE,174.449,2,0,3000,0,1,33616,174.449,114828,0.00600000000000023,"C++",TRUE
3344,"A",3000,0,64,179.023,1,TRUE,191.107666666667,3,0,0,3000,2,63413,191.107666666667,131707,0.00800000000000267,"C++",TRUE
3345,"A",3000,0,65,100.416333333333,2,TRUE,141.705333333333,1,3000,0,0,1,52012,141.705333333333,83413,0.00499999999999545,"C++",TRUE
3346,"A",3000,0,66,129.264333333333,2,TRUE,155.407,1,3000,0,0,1,37860,155.407,113337,0.007000000000005,"C++",TRUE
3347,"A",3000,0,67,149.579666666667,2,TRUE,188.623333333333,1,3000,0,0,2,89947,188.623333333333,120696,0.0069999999999979,"C++",TRUE
3348,"A",3000,0,68,156.925333333333,2,TRUE,201.059,1,3000,0,0,2,109510,201.059,124215,0.0069999999999979,"C++",TRUE
3349,"A",3000,0,69,116.609666666667,2,TRUE,141.767,1,3000,0,0,1,43293,141.767,97634,0.00600000000000023,"C++",TRUE
3350,"A",3000,0,70,145.243,2,TRUE,190.921333333333,1,3000,0,0,2,99430,190.921333333333,118676,0.00600000000000023,"C++",TRUE
3351,"A",3000,0,71,125.213666666667,2,TRUE,180.759666666667,1,3000,0,0,2,122228,180.759666666667,101753,0.00900000000000034,"C++",TRUE
3352,"A",3000,0,72,100.403,2,TRUE,124.321666666667,1,3000,0,0,1,42518,124.321666666667,84180,0.0069999999999979,"C++",TRUE
3353,"A",3000,0,73,137.203,2,TRUE,180.068666666667,1,3000,0,0,2,102006,180.068666666667,115514,0.0100000000000051,"C++",TRUE
3354,"A",3000,0,74,186.722333333333,3,TRUE,211.913333333333,2,0,3000,0,1,36127,211.913333333333,144497,0.00900000000000034,"C++",TRUE
3355,"A",3000,0,75,163.953,2,TRUE,200.099333333333,1,3000,0,0,2,84851,200.099333333333,142216,0.00799999999999557,"C++",TRUE
3356,"A",3000,0,76,103.955,2,TRUE,124.301666666667,1,3000,0,0,1,33291,124.301666666667,89833,0.00500000000000256,"C++",TRUE
3357,"A",3000,0,77,72.578,2,TRUE,102.736,1,3000,0,0,1,47903,102.736,61143,0.00399999999999778,"C++",TRUE
3358,"A",3000,0,78,141.050333333333,2,TRUE,171.526,1,3000,0,0,1,49545,171.526,124051,0.0069999999999979,"C++",TRUE
3359,"A",3000,0,79,135.613333333333,2,TRUE,176.575666666667,1,3000,0,0,1,64551,176.575666666667,117708,0.007000000000005,"C++",TRUE
3360,"A",3000,0,80,149.382666666667,2,TRUE,195.78,1,3000,0,0,2,98011,195.78,126703,0.00799999999999557,"C++",TRUE
3361,"A",3000,0,81,148.612666666667,3,TRUE,171.558,2,0,3000,0,1,18723,171.558,124813,0.007000000000005,"C++",TRUE
3362,"A",3000,0,82,125.668,2,TRUE,149.619666666667,1,3000,0,0,1,45487,149.619666666667,106093,0.00600000000000023,"C++",TRUE
3363,"A",3000,0,83,130.739,2,TRUE,159.987,1,3000,0,0,2,57483,159.987,108756,0.0069999999999979,"C++",TRUE
3364,"A",3000,0,84,119.956666666667,2,TRUE,152.700333333333,1,3000,0,0,2,50387,152.700333333333,106224,0.00600000000000023,"C++",TRUE
3365,"A",3000,0,85,151.353,2,TRUE,187.245666666667,1,3000,0,0,2,72754,187.245666666667,128147,0.00800000000000267,"C++",TRUE
3366,"A",3000,0,86,129.429666666667,3,TRUE,172.268333333333,2,0,3000,0,1,32063,172.268333333333,101544,0.00600000000000023,"C++",TRUE
3367,"A",3000,0,87,112.212,3,TRUE,140.269666666667,2,0,3000,0,1,32126,140.269666666667,89178,0.00499999999999545,"C++",TRUE
3368,"A",3000,0,88,120.838666666667,3,TRUE,143.238333333333,2,0,3000,0,1,37766,143.238333333333,84138,0.00500000000000256,"C++",TRUE
3369,"A",3000,0,89,115.920666666667,2,TRUE,134.112333333333,1,3000,0,0,2,40455,134.112333333333,92728,0.00499999999999545,"C++",TRUE
3370,"A",3000,0,90,143.350333333333,2,TRUE,204.829666666667,1,3000,0,0,2,117368,204.829666666667,116082,0.007000000000005,"C++",TRUE
3371,"A",3000,0,91,156.497333333333,2,TRUE,200.300666666667,1,3000,0,0,2,100188,200.300666666667,135019,0.00799999999999557,"C++",TRUE
3372,"A",3000,0,92,235.672,2,TRUE,271.364333333333,1,3000,0,0,2,70740,271.364333333333,209339,0.0120000000000005,"C++",TRUE
3373,"A",3000,0,93,113.245333333333,3,TRUE,135.23,2,0,3000,0,1,21820,135.23,93735,0.00600000000000023,"C++",TRUE
3374,"A",3000,0,94,161.060333333333,2,TRUE,224.996,1,3000,0,0,2,137950,224.996,124079,0.007000000000005,"C++",TRUE
3375,"A",3000,0,95,103.562,2,TRUE,136.560666666667,1,3000,0,0,2,66491,136.560666666667,88725,0.00499999999999545,"C++",TRUE
3376,"A",3000,0,96,126.990333333333,2,TRUE,158.704666666667,1,3000,0,0,1,38243,158.704666666667,109237,0.0069999999999979,"C++",TRUE
3377,"A",3000,0,97,163.749666666667,3,TRUE,202.346333333333,2,0,3000,0,1,32258,202.346333333333,133122,0.00800000000000267,"C++",TRUE
3378,"A",3000,0,98,134.887,2,TRUE,163.739333333333,1,3000,0,0,1,40253,163.739333333333,123043,0.0069999999999979,"C++",TRUE
3379,"A",3000,0,99,149.228,2,TRUE,193.83,1,3000,0,0,2,111280,193.83,117488,0.007000000000005,"C++",TRUE
3380,"A",3000,0,100,100.625,2,TRUE,120.019,1,3000,0,0,1,36295,120.019,84813,0.00499999999999545,"C++",TRUE
3381,"A",3000,0,101,124.76,2,TRUE,168.870666666667,1,3000,0,0,1,43207,168.870666666667,111077,0.007000000000005,"C++",TRUE
3382,"A",3000,0,102,254.093666666667,2,TRUE,298.526333333333,1,3000,0,0,2,113260,298.526333333333,215135,0.0129999999999981,"C++",TRUE
3383,"A",3000,0,103,196.517333333333,2,TRUE,248.540666666667,1,3000,0,0,2,124706,248.540666666667,161941,0.00900000000000034,"C++",TRUE
3384,"A",3000,0,104,116.589333333333,2,TRUE,144.527666666667,1,3000,0,0,1,51482,144.527666666667,101477,0.00600000000000023,"C++",TRUE
3385,"A",3000,0,105,167.232333333333,3,TRUE,207.853333333333,2,0,3000,0,1,28834,207.853333333333,136479,0.00799999999999557,"C++",TRUE
3386,"A",3000,0,106,121.097666666667,2,TRUE,160.422666666667,1,3000,0,0,1,62224,160.422666666667,101373,0.00900000000000034,"C++",TRUE
3387,"A",3000,0,107,166.597,2,TRUE,231.31,1,3000,0,0,2,117221,231.31,135412,0.0100000000000051,"C++",TRUE
3388,"A",3000,0,108,170.912333333333,2,TRUE,226.086,1,3000,0,0,2,133236,226.086,138652,0.00799999999999557,"C++",TRUE
3389,"A",3000,0,109,104.705333333333,2,TRUE,148.839666666667,1,3000,0,0,1,52483,148.839666666667,89296,0.00500000000000256,"C++",TRUE
3390,"A",3000,0,110,132.635333333333,2,TRUE,175.665666666667,1,3000,0,0,2,92565,175.665666666667,110137,0.0069999999999979,"C++",TRUE
3391,"A",3000,0,111,118.818,2,TRUE,168.065666666667,1,3000,0,0,2,87249,168.065666666667,99686,0.00500000000000256,"C++",TRUE
3392,"A",3000,0,112,188.055333333333,2,TRUE,232.129,1,3000,0,0,2,114642,232.129,147348,0.00900000000000034,"C++",TRUE
3393,"A",3000,0,113,166.699,3,TRUE,196.235666666667,2,0,3000,0,1,37492,196.235666666667,134175,0.00799999999999557,"C++",TRUE
3394,"A",3000,0,114,130.908333333333,2,TRUE,171.573,1,3000,0,0,2,110286,171.573,103137,0.00600000000000023,"C++",TRUE
3395,"A",3000,0,115,120.152333333333,2,TRUE,157.623,1,3000,0,0,1,51770,157.623,107452,0.00600000000000023,"C++",TRUE
3396,"A",3000,0,116,163.399,2,TRUE,200.070666666667,1,3000,0,0,2,97366,200.070666666667,130113,0.00800000000000267,"C++",TRUE
3397,"A",3000,0,117,124.687666666667,2,TRUE,166.717,1,3000,0,0,2,93077,166.717,97493,0.00500000000000256,"C++",TRUE
3398,"A",3000,0,118,107.590666666667,3,TRUE,138.516333333333,2,0,3000,0,1,24261,138.516333333333,89117,0.00600000000000023,"C++",TRUE
3399,"A",3000,0,119,208.247666666667,2,TRUE,254.444666666667,1,3000,0,0,2,133208,254.444666666667,153173,0.00900000000000034,"C++",TRUE
3400,"A",3000,0,120,105.636,2,TRUE,139.136666666667,1,3000,0,0,1,32936,139.136666666667,92330,0.00499999999999545,"C++",TRUE
3401,"A",3000,0,121,159.892666666667,2,TRUE,197.957666666667,1,3000,0,0,2,87923,197.957666666667,128764,0.007000000000005,"C++",TRUE
3402,"A",3000,0,122,134.565666666667,3,TRUE,154.929,2,0,3000,0,1,13437,154.929,116154,0.00799999999999557,"C++",TRUE
3403,"A",3000,0,123,150.788666666667,3,TRUE,170.845666666667,2,0,3000,0,1,35414,170.845666666667,109397,0.00600000000000023,"C++",TRUE
3404,"A",3000,0,124,118.252,2,TRUE,140.084,1,3000,0,0,1,33723,140.084,102332,0.00600000000000023,"C++",TRUE
3405,"A",3000,0,125,207.377,1,TRUE,211.234333333333,3,0,0,3000,2,61716,211.234333333333,153483,0.00900000000000034,"C++",TRUE
3406,"A",3000,0,126,174.710333333333,2,TRUE,233.636,1,3000,0,0,2,144440,233.636,131150,0.00800000000000267,"C++",TRUE
3407,"A",3000,0,127,123.109,2,TRUE,153.868333333333,1,3000,0,0,2,56551,153.868333333333,103239,0.00600000000000023,"C++",TRUE
3408,"A",3000,0,128,120.426,3,TRUE,143.164,2,0,3000,0,1,25583,143.164,94792,0.00499999999999545,"C++",TRUE
3409,"A",3000,0,129,152.066666666667,2,TRUE,200.661333333333,1,3000,0,0,2,131430,200.661333333333,116787,0.007000000000005,"C++",TRUE
3410,"A",3000,0,130,103.675333333333,2,TRUE,137.086,1,3000,0,0,1,57473,137.086,83526,0.00499999999999545,"C++",TRUE
3411,"A",3000,0,131,105.383666666667,2,TRUE,140.011333333333,1,3000,0,0,2,84510,140.011333333333,85763,0.00500000000000256,"C++",TRUE
3412,"A",3000,0,132,161.233,2,TRUE,218.315333333333,1,3000,0,0,2,149964,218.315333333333,121914,0.0069999999999979,"C++",TRUE
3413,"A",3000,0,133,113.254666666667,2,TRUE,150.903333333333,1,3000,0,0,2,76689,150.903333333333,91380,0.00500000000000256,"C++",TRUE
3414,"A",3000,0,134,126.76,2,TRUE,161.514666666667,1,3000,0,0,1,30737,161.514666666667,110967,0.0069999999999979,"C++",TRUE
3415,"A",3000,0,135,162.172666666667,2,TRUE,232.506333333333,1,3000,0,0,2,165647,232.506333333333,120664,0.0069999999999979,"C++",TRUE
3416,"A",3000,0,136,116.690333333333,2,TRUE,156.61,1,3000,0,0,1,67176,156.61,101536,0.00500000000000256,"C++",TRUE
3417,"A",3000,0,137,100.825666666667,2,TRUE,133.205666666667,1,3000,0,0,1,34187,133.205666666667,92627,0.00600000000000023,"C++",TRUE
3418,"A",3000,0,138,144.135,2,TRUE,208.532333333333,1,3000,0,0,2,153941,208.532333333333,109053,0.00600000000000023,"C++",TRUE
3419,"A",3000,0,139,134.240666666667,2,TRUE,185.622333333333,1,3000,0,0,2,107330,185.622333333333,114139,0.0069999999999979,"C++",TRUE
3420,"A",3000,0,140,200.510666666667,2,TRUE,251.578,1,3000,0,0,2,120707,251.578,171532,0.0100000000000051,"C++",TRUE
3421,"A",3000,0,141,91.21,2,TRUE,134.093333333333,1,3000,0,0,1,83958,134.093333333333,71129,0.00399999999999778,"C++",TRUE
3422,"A",3000,0,142,116.435666666667,2,TRUE,147.161333333333,1,3000,0,0,1,49440,147.161333333333,100757,0.00600000000000023,"C++",TRUE
3423,"A",3000,0,143,179.135666666667,2,TRUE,206.392333333333,1,3000,0,0,1,52344,206.392333333333,159854,0.00999999999999801,"C++",TRUE
3424,"A",3000,0,144,149.493666666667,2,TRUE,182.984333333333,1,3000,0,0,2,100336,182.984333333333,113688,0.00600000000000023,"C++",TRUE
3425,"A",3000,0,145,115.519333333333,2,TRUE,160.051333333333,1,3000,0,0,2,89388,160.051333333333,95246,0.00600000000000023,"C++",TRUE
3426,"A",3000,0,146,106.224666666667,2,TRUE,148.068,1,3000,0,0,1,47332,148.068,97064,0.00500000000000256,"C++",TRUE
3427,"A",3000,0,147,182.088333333333,2,TRUE,238.535,1,3000,0,0,2,151093,238.535,133048,0.0069999999999979,"C++",TRUE
3428,"A",3000,0,148,195.674333333333,2,TRUE,222.906333333333,1,3000,0,0,1,39871,222.906333333333,182801,0.0110000000000028,"C++",TRUE
3429,"A",3000,0,149,111.985333333333,2,TRUE,141.431333333333,1,3000,0,0,2,57318,141.431333333333,92555,0.00600000000000023,"C++",TRUE
3430,"A",3000,0,150,130.165333333333,2,TRUE,163.546333333333,1,3000,0,0,2,67595,163.546333333333,106510,0.00600000000000023,"C++",TRUE
3431,"A",3000,0,151,89.391,2,TRUE,125.901333333333,1,3000,0,0,1,47190,125.901333333333,79879,0.00499999999999545,"C++",TRUE
3432,"A",3000,0,152,113.007666666667,2,TRUE,137.186333333333,1,3000,0,0,1,35069,137.186333333333,96376,0.00500000000000256,"C++",TRUE
3433,"A",3000,0,153,155.944666666667,2,TRUE,209.14,1,3000,0,0,2,146856,209.14,122575,0.00799999999999557,"C++",TRUE
3434,"A",3000,0,154,172.527,2,TRUE,209.466333333333,1,3000,0,0,1,48459,209.466333333333,158558,0.0100000000000051,"C++",TRUE
3435,"A",3000,0,155,80.7836666666667,2,TRUE,105.164333333333,1,3000,0,0,1,37194,105.164333333333,67936,0.00399999999999778,"C++",TRUE
3436,"A",3000,0,156,108.254666666667,2,TRUE,142.387666666667,1,3000,0,0,1,64297,142.387666666667,94414,0.00500000000000256,"C++",TRUE
3437,"A",3000,0,157,111.279,2,TRUE,137.956,1,3000,0,0,1,26286,137.956,97079,0.00600000000000023,"C++",TRUE
3438,"A",3000,0,158,188.413666666667,1,TRUE,196.657666666667,3,0,0,3000,2,49858,196.657666666667,145483,0.00900000000000034,"C++",TRUE
3439,"A",3000,0,159,124.223,3,TRUE,151.025333333333,2,0,3000,0,1,32652,151.025333333333,90632,0.00499999999999545,"C++",TRUE
3440,"A",3000,0,160,157.76,2,TRUE,221.994,1,3000,0,0,2,179349,221.994,131317,0.0069999999999979,"C++",TRUE
3441,"A",3000,0,161,96.6403333333333,2,TRUE,132.622,1,3000,0,0,1,79329,132.622,80740,0.00399999999999778,"C++",TRUE
3442,"A",3000,0,162,114.332,2,TRUE,142.430666666667,1,3000,0,0,1,40944,142.430666666667,98969,0.00600000000000023,"C++",TRUE
3443,"A",3000,0,163,114.042,2,TRUE,147.509333333333,1,3000,0,0,2,79736,147.509333333333,90980,0.00500000000000256,"C++",TRUE
3444,"A",3000,0,164,112.336666666667,2,TRUE,129.775333333333,1,3000,0,0,1,38686,129.775333333333,89258,0.00499999999999545,"C++",TRUE
3445,"A",3000,0,165,163.869666666667,1,TRUE,180.338,3,0,0,3000,2,68713,180.338,121245,0.007000000000005,"C++",TRUE
3446,"A",3000,0,166,142.819666666667,2,TRUE,179.596333333333,1,3000,0,0,2,96951,179.596333333333,107556,0.00600000000000023,"C++",TRUE
3447,"A",3000,0,167,70.7866666666667,2,TRUE,97.5273333333333,1,3000,0,0,1,46185,97.5273333333333,63024,0.00399999999999778,"C++",TRUE
3448,"A",3000,0,168,134.494333333333,2,TRUE,162.148666666667,1,3000,0,0,1,36483,162.148666666667,119384,0.0069999999999979,"C++",TRUE
3449,"A",3000,0,169,148.430333333333,2,TRUE,189.586333333333,1,3000,0,0,1,78129,189.586333333333,127744,0.00800000000000267,"C++",TRUE
3450,"A",3000,0,170,117.694333333333,2,TRUE,155.547666666667,1,3000,0,0,1,54331,155.547666666667,99972,0.00500000000000256,"C++",TRUE
3451,"A",3000,0,171,101.549,2,TRUE,144.678,1,3000,0,0,1,59767,144.678,85882,0.00499999999999545,"C++",TRUE
3452,"A",3000,0,172,149.067333333333,2,TRUE,189.539666666667,1,3000,0,0,2,100771,189.539666666667,116160,0.0069999999999979,"C++",TRUE
3453,"A",3000,0,173,80.4173333333333,2,TRUE,116.325,1,3000,0,0,1,39100,116.325,73112,0.00400000000000489,"C++",TRUE
3454,"A",3000,0,174,151.405666666667,2,TRUE,178.159,1,3000,0,0,2,73937,178.159,120705,0.0069999999999979,"C++",TRUE
3455,"A",3000,0,175,87.3726666666667,2,TRUE,113.766,1,3000,0,0,1,30540,113.766,77678,0.00500000000000256,"C++",TRUE
3456,"A",3000,0,176,181.875,2,TRUE,226.953,1,3000,0,0,2,120837,226.953,135117,0.0069999999999979,"C++",TRUE
3457,"A",3000,0,177,157.949,2,TRUE,202.051,1,3000,0,0,2,115248,202.051,118629,0.0069999999999979,"C++",TRUE
3458,"A",3000,0,178,92.1533333333333,2,TRUE,117.371333333333,1,3000,0,0,1,39169,117.371333333333,82194,0.00400000000000489,"C++",TRUE
3459,"A",3000,0,179,154.323,2,TRUE,191.709333333333,1,3000,0,0,1,70739,191.709333333333,133227,0.00799999999999557,"C++",TRUE
3460,"A",3000,0,180,105.065333333333,2,TRUE,128.197,1,3000,0,0,1,39860,128.197,86061,0.00500000000000256,"C++",TRUE
3461,"A",3000,0,181,92.6753333333333,2,TRUE,123.996333333333,1,3000,0,0,1,45974,123.996333333333,80988,0.00500000000000256,"C++",TRUE
3462,"A",3000,0,182,145.388666666667,2,TRUE,195.204,1,3000,0,0,2,99963,195.204,123079,0.0069999999999979,"C++",TRUE
3463,"A",3000,0,183,130.385666666667,2,TRUE,177.136,1,3000,0,0,1,72564,177.136,109960,0.00600000000000023,"C++",TRUE
3464,"A",3000,0,184,144.373666666667,2,TRUE,166.307,1,3000,0,0,1,42999,166.307,122806,0.0069999999999979,"C++",TRUE
3465,"A",3000,0,185,104.929666666667,3,TRUE,130.832666666667,2,0,3000,0,1,23453,130.832666666667,85764,0.00500000000000256,"C++",TRUE
3466,"A",3000,0,186,134.983333333333,3,TRUE,165.554666666667,2,0,3000,0,1,35108,165.554666666667,104538,0.00600000000000023,"C++",TRUE
3467,"A",3000,0,187,150.976666666667,2,TRUE,181.508,1,3000,0,0,2,65239,181.508,125490,0.0069999999999979,"C++",TRUE
3468,"A",3000,0,188,176.283666666667,2,TRUE,221.088,1,3000,0,0,2,117805,221.088,128446,0.00800000000000267,"C++",TRUE
3469,"A",3000,0,189,129.566666666667,3,TRUE,164.914333333333,2,0,3000,0,1,33474,164.914333333333,97872,0.00500000000000256,"C++",TRUE
3470,"A",3000,0,190,104.934333333333,2,TRUE,140.668,1,3000,0,0,1,44687,140.668,93336,0.00600000000000023,"C++",TRUE
3471,"A",3000,0,191,130.179,1,TRUE,148.131333333333,3,0,0,3000,2,58007,148.131333333333,93091,0.00499999999999545,"C++",TRUE
3472,"A",3000,0,192,160.115666666667,2,TRUE,200.913,1,3000,0,0,2,83724,200.913,126091,0.0069999999999979,"C++",TRUE
3473,"A",3000,0,193,173.346,2,TRUE,201.448333333333,1,3000,0,0,1,42542,201.448333333333,155013,0.0100000000000051,"C++",TRUE
3474,"A",3000,0,194,153.654333333333,2,TRUE,179.103333333333,1,3000,0,0,1,43852,179.103333333333,135050,0.00799999999999557,"C++",TRUE
3475,"A",3000,0,195,115.091666666667,3,TRUE,141.980666666667,2,0,3000,0,1,30639,141.980666666667,89146,0.00500000000000256,"C++",TRUE
3476,"A",3000,0,196,111.565,2,TRUE,142.423333333333,1,3000,0,0,1,50591,142.423333333333,97060,0.00500000000000256,"C++",TRUE
3477,"A",3000,0,197,117.541,2,TRUE,157.132333333333,1,3000,0,0,2,88639,157.132333333333,95749,0.00600000000000023,"C++",TRUE
3478,"A",3000,0,198,145.707,2,TRUE,202.331333333333,1,3000,0,0,2,139431,202.331333333333,113906,0.00600000000000023,"C++",TRUE
3479,"A",3000,0,199,105.607666666667,2,TRUE,129.058666666667,1,3000,0,0,1,45074,129.058666666667,93760,0.00499999999999545,"C++",TRUE
3480,"A",3000,0,200,119.921333333333,2,TRUE,159.548666666667,1,3000,0,0,2,97445,159.548666666667,92216,0.00500000000000256,"C++",TRUE
3481,"A",3000,0,201,166.830333333333,2,TRUE,194.670333333333,1,3000,0,0,1,64879,194.670333333333,145933,0.00900000000000034,"C++",TRUE
3482,"A",3000,0,202,92.7123333333333,3,TRUE,110.427333333333,2,0,3000,0,1,24857,110.427333333333,72665,0.00399999999999778,"C++",TRUE
3483,"A",3000,0,203,106.304,2,TRUE,135.908,1,3000,0,0,2,58879,135.908,86417,0.00500000000000256,"C++",TRUE
3484,"A",3000,0,204,151.591333333333,3,TRUE,179.531333333333,2,0,3000,0,1,27314,179.531333333333,119490,0.00799999999999557,"C++",TRUE
3485,"A",3000,0,205,152.772333333333,2,TRUE,186.377333333333,1,3000,0,0,2,87024,186.377333333333,125606,0.007000000000005,"C++",TRUE
3486,"A",3000,0,206,107.769333333333,3,TRUE,133.854666666667,2,0,3000,0,1,27387,133.854666666667,88597,0.00499999999999545,"C++",TRUE
3487,"A",3000,0,207,172.255333333333,3,TRUE,204.68,2,0,3000,0,1,31342,204.68,145799,0.00900000000000034,"C++",TRUE
3488,"A",3000,0,208,126.973333333333,2,TRUE,159.569333333333,1,3000,0,0,2,62594,159.569333333333,107858,0.00600000000000023,"C++",TRUE
3489,"A",3000,0,209,197.478,3,TRUE,217.340333333333,2,0,3000,0,1,38319,217.340333333333,153817,0.00900000000000034,"C++",TRUE
3490,"A",3000,0,210,125.105333333333,2,TRUE,151.686333333333,1,3000,0,0,1,43291,151.686333333333,111016,0.007000000000005,"C++",TRUE
3491,"A",3000,0,211,123.232,2,TRUE,158.226,1,3000,0,0,2,79598,158.226,105533,0.0069999999999979,"C++",TRUE
3492,"A",3000,0,212,109.878,2,TRUE,144.165333333333,1,3000,0,0,1,61740,144.165333333333,97733,0.0110000000000028,"C++",TRUE
3493,"A",3000,0,213,104.838666666667,3,TRUE,130.152,2,0,3000,0,1,23770,130.152,86031,0.00900000000000034,"C++",TRUE
3494,"A",3000,0,214,95.353,3,TRUE,136.317,2,0,3000,0,1,29152,136.317,80144,0.00499999999999545,"C++",TRUE
3495,"A",3000,0,215,115.574333333333,3,TRUE,145.779,2,0,3000,0,1,37455,145.779,85201,0.00500000000000256,"C++",TRUE
3496,"A",3000,0,216,134.841,2,TRUE,170.509,1,3000,0,0,2,90246,170.509,105156,0.00999999999999801,"C++",TRUE
3497,"A",3000,0,217,119.074,2,TRUE,145.432,1,3000,0,0,1,42650,145.432,107816,0.0110000000000028,"C++",TRUE
3498,"A",3000,0,218,156.433333333333,3,TRUE,187.607,2,0,3000,0,1,32575,187.607,125370,0.0069999999999979,"C++",TRUE
3499,"A",3000,0,219,198.295666666667,2,TRUE,251.158,1,3000,0,0,2,125592,251.158,169402,0.00999999999999801,"C++",TRUE
3500,"A",3000,0,220,107.938666666667,2,TRUE,128.528333333333,1,3000,0,0,1,34426,128.528333333333,90108,0.00600000000000023,"C++",TRUE
3501,"A",3000,0,221,138.994333333333,2,TRUE,219.227333333333,1,3000,0,0,2,198486,219.227333333333,112378,0.0100000000000051,"C++",TRUE
3502,"A",3000,0,222,177.105,2,TRUE,203.539,1,3000,0,0,2,69205,203.539,150100,0.00999999999999801,"C++",TRUE
3503,"A",3000,0,223,98.527,3,TRUE,118.774666666667,2,0,3000,0,1,19473,118.774666666667,78432,0.00499999999999545,"C++",TRUE
3504,"A",3000,0,224,170.332666666667,2,TRUE,207.631333333333,1,3000,0,0,1,48054,207.631333333333,154125,0.00900000000000034,"C++",TRUE
3505,"A",3000,0,225,144.800666666667,1,TRUE,158.324,3,0,0,3000,2,68074,158.324,104580,0.00600000000000023,"C++",TRUE
3506,"A",3000,0,226,104.512666666667,2,TRUE,122.302,1,3000,0,0,1,48588,122.302,81332,0.00500000000000256,"C++",TRUE
3507,"A",3000,0,227,197.128,2,TRUE,229.308,1,3000,0,0,2,82862,229.308,163500,0.0140000000000029,"C++",TRUE
3508,"A",3000,0,228,195.421666666667,2,TRUE,218.077,1,3000,0,0,1,35572,218.077,174491,0.0109999999999957,"C++",TRUE
3509,"A",3000,0,229,196.944666666667,2,TRUE,234.696,1,3000,0,0,2,114362,234.696,156842,0.00999999999999801,"C++",TRUE
3510,"A",3000,0,230,103.109666666667,2,TRUE,128.329333333333,1,3000,0,0,1,48362,128.329333333333,87147,0.00800000000000267,"C++",TRUE
3511,"A",3000,0,231,87.801,2,TRUE,126.465,1,3000,0,0,1,71312,126.465,77932,0.00399999999999778,"C++",TRUE
3512,"A",3000,0,232,124.838,2,TRUE,153.885,1,3000,0,0,1,48658,153.885,105223,0.00600000000000023,"C++",TRUE
3513,"A",3000,0,233,105.820666666667,2,TRUE,164.723666666667,1,3000,0,0,1,147816,164.723666666667,85089,0.00500000000000256,"C++",TRUE
3514,"A",3000,0,234,155.544666666667,2,TRUE,191.446,1,3000,0,0,1,62915,191.446,132779,0.0110000000000028,"C++",TRUE
3515,"A",3000,0,235,132.830333333333,2,TRUE,176.907,1,3000,0,0,2,99206,176.907,97399,0.00499999999999545,"C++",TRUE
3516,"A",3000,0,236,101.272666666667,2,TRUE,128.025666666667,1,3000,0,0,1,46705,128.025666666667,87921,0.00500000000000256,"C++",TRUE
3517,"A",3000,0,237,143.907666666667,3,TRUE,161.698666666667,2,0,3000,0,1,31548,161.698666666667,106053,0.0069999999999979,"C++",TRUE
3518,"A",3000,0,238,175.646333333333,2,TRUE,230.34,1,3000,0,0,2,149556,230.34,137147,0.0110000000000028,"C++",TRUE
3519,"A",3000,0,239,168.752,2,TRUE,189.932,1,3000,0,0,2,45533,189.932,144141,0.00999999999999801,"C++",TRUE
3520,"A",3000,0,240,111.823,2,TRUE,134.803,1,3000,0,0,1,41068,134.803,87567,0.00500000000000256,"C++",TRUE
3521,"A",3000,0,241,99.869,2,TRUE,127.555,1,3000,0,0,1,42362,127.555,88359,0.00499999999999545,"C++",TRUE
3522,"A",3000,0,242,156.227333333333,2,TRUE,192.255,1,3000,0,0,2,98073,192.255,121072,0.007000000000005,"C++",TRUE
3523,"A",3000,0,243,124.906666666667,2,TRUE,149.992333333333,1,3000,0,0,1,45058,149.992333333333,106588,0.00799999999999557,"C++",TRUE
3524,"A",3000,0,244,94.28,2,TRUE,124.473,1,3000,0,0,1,43696,124.473,75706,0.00800000000000267,"C++",TRUE
3525,"A",3000,0,245,168.873,2,TRUE,248.253333333333,1,3000,0,0,2,209864,248.253333333333,131489,0.0069999999999979,"C++",TRUE
3526,"A",3000,0,246,145.028333333333,3,TRUE,176.587666666667,2,0,3000,0,2,53223,176.587666666667,109481,0.007000000000005,"C++",TRUE
3527,"A",3000,0,247,126.939333333333,2,TRUE,166.841,1,3000,0,0,2,71209,166.841,106973,0.00599999999999312,"C++",TRUE
3528,"A",3000,0,248,109.053666666667,2,TRUE,146.660666666667,1,3000,0,0,1,80998,146.660666666667,85553,0.007000000000005,"C++",TRUE
3529,"A",3000,0,249,133.771666666667,2,TRUE,169.465,1,3000,0,0,2,87299,169.465,107441,0.00600000000000023,"C++",TRUE
3530,"A",3000,0,250,116.691,2,TRUE,137.145666666667,1,3000,0,0,1,34746,137.145666666667,103480,0.0069999999999979,"C++",TRUE
3531,"A",3000,0,251,166.862,3,TRUE,194.193333333333,2,0,3000,0,1,24421,194.193333333333,143884,0.00800000000000267,"C++",TRUE
3532,"A",3000,0,252,129.49,3,TRUE,172.743,2,0,3000,0,1,23372,172.743,102728,0.00600000000000023,"C++",TRUE
3533,"A",3000,0,253,108.512666666667,2,TRUE,153.009,1,3000,0,0,2,97041,153.009,85319,0.00499999999999545,"C++",TRUE
3534,"A",3000,0,254,116.297,3,TRUE,133.902333333333,2,0,3000,0,1,25419,133.902333333333,92583,0.00600000000000023,"C++",TRUE
3535,"A",3000,0,255,93.855,2,TRUE,111.661,1,3000,0,0,1,33054,111.661,77491,0.00400000000000489,"C++",TRUE
3536,"A",3000,0,256,143.966666666667,2,TRUE,187.216,1,3000,0,0,2,130454,187.216,108509,0.0069999999999979,"C++",TRUE
3537,"A",3000,0,257,168.911333333333,2,TRUE,185.796666666667,1,3000,0,0,1,40763,185.796666666667,141584,0.00799999999999557,"C++",TRUE
3538,"A",3000,0,258,182.429333333333,2,TRUE,208.630333333333,1,3000,0,0,1,42374,208.630333333333,162486,0.0100000000000051,"C++",TRUE
3539,"A",3000,0,259,153.816333333333,2,TRUE,212.034666666667,1,3000,0,0,2,138489,212.034666666667,124025,0.0109999999999957,"C++",TRUE
3540,"A",3000,0,260,90.172,2,TRUE,125.11,1,3000,0,0,1,55914,125.11,82120,0.007000000000005,"C++",TRUE
3541,"A",3000,0,261,110.669666666667,2,TRUE,146.535666666667,1,3000,0,0,1,61278,146.535666666667,95305,0.00499999999999545,"C++",TRUE
3542,"A",3000,0,262,118.834333333333,2,TRUE,122.123666666667,1,3000,0,0,1,25822,122.123666666667,92724,0.00600000000000023,"C++",TRUE
3543,"A",3000,0,263,137.206,2,TRUE,181.154333333333,1,3000,0,0,2,116456,181.154333333333,112024,0.007000000000005,"C++",TRUE
3544,"A",3000,0,264,126.739,2,TRUE,174.751333333333,1,3000,0,0,1,78322,174.751333333333,108218,0.00600000000000023,"C++",TRUE
3545,"A",3000,0,265,167.174,1,TRUE,169.681,2,0,3000,0,1,31332,169.681,112784,0.0069999999999979,"C++",TRUE
3546,"A",3000,0,266,185.333333333333,2,TRUE,227.612333333333,1,3000,0,0,2,108040,227.612333333333,152865,0.00999999999999801,"C++",TRUE
3547,"A",3000,0,267,159.136,2,TRUE,188.814666666667,1,3000,0,0,1,38289,188.814666666667,141947,0.0120000000000005,"C++",TRUE
3548,"A",3000,0,268,126.160666666667,2,TRUE,151.428666666667,1,3000,0,0,1,45663,151.428666666667,106282,0.00600000000000023,"C++",TRUE
3549,"A",3000,0,269,134.710333333333,2,TRUE,170.469333333333,1,3000,0,0,1,50887,170.469333333333,119200,0.00800000000000267,"C++",TRUE
3550,"A",3000,0,270,166.675666666667,1,TRUE,179.195333333333,3,0,0,3000,2,50079,179.195333333333,124991,0.0069999999999979,"C++",TRUE
3551,"A",3000,0,271,177.585,2,TRUE,238.642666666667,1,3000,0,0,2,143809,238.642666666667,136278,0.00800000000000267,"C++",TRUE
3552,"A",3000,0,272,107.461666666667,2,TRUE,154.754,1,3000,0,0,1,97419,154.754,86741,0.00499999999999545,"C++",TRUE
3553,"A",3000,0,273,180.869333333333,2,TRUE,231.714,1,3000,0,0,2,134047,231.714,137671,0.00800000000000267,"C++",TRUE
3554,"A",3000,0,274,142.39,2,TRUE,200.186,1,3000,0,0,2,139276,200.186,113211,0.0069999999999979,"C++",TRUE
3555,"A",3000,0,275,144.270666666667,2,TRUE,188.048,1,3000,0,0,2,107030,188.048,111506,0.00900000000000034,"C++",TRUE
3556,"A",3000,0,276,140.652333333333,2,TRUE,180.665333333333,1,3000,0,0,1,55168,180.665333333333,125653,0.00800000000000267,"C++",TRUE
3557,"A",3000,0,277,174.410666666667,2,TRUE,233.827333333333,1,3000,0,0,2,167710,233.827333333333,138386,0.00799999999999557,"C++",TRUE
3558,"A",3000,0,278,140.125666666667,3,TRUE,188.858666666667,2,0,3000,0,1,30687,188.858666666667,111547,0.00600000000000023,"C++",TRUE
3559,"A",3000,0,279,124.579666666667,3,TRUE,159.079666666667,2,0,3000,0,1,30925,159.079666666667,105971,0.00900000000000034,"C++",TRUE
3560,"A",3000,0,280,185.517666666667,2,TRUE,233.316,1,3000,0,0,2,126561,233.316,147298,0.00900000000000034,"C++",TRUE
3561,"A",3000,0,281,136.090333333333,2,TRUE,179.065333333333,1,3000,0,0,2,93046,179.065333333333,107415,0.00900000000000034,"C++",TRUE
3562,"A",3000,0,282,153.701,2,TRUE,211.052333333333,1,3000,0,0,2,145128,211.052333333333,117405,0.00800000000000267,"C++",TRUE
3563,"A",3000,0,283,155.441333333333,2,TRUE,205.452333333333,1,3000,0,0,2,108164,205.452333333333,124515,0.0069999999999979,"C++",TRUE
3564,"A",3000,0,284,104.853666666667,2,TRUE,152.754666666667,1,3000,0,0,2,54488,152.754666666667,88436,0.00500000000000256,"C++",TRUE
3565,"A",3000,0,285,198.355,2,TRUE,235.607,1,3000,0,0,2,101634,235.607,152949,0.0120000000000005,"C++",TRUE
3566,"A",3000,0,286,104.070333333333,2,TRUE,135.540333333333,1,3000,0,0,1,66511,135.540333333333,89521,0.00600000000000023,"C++",TRUE
3567,"A",3000,0,287,147.543666666667,2,TRUE,211.917333333333,1,3000,0,0,2,172751,211.917333333333,106710,0.00799999999999557,"C++",TRUE
3568,"A",3000,0,288,129.579666666667,2,TRUE,158.403666666667,1,3000,0,0,2,63251,158.403666666667,106661,0.00600000000000023,"C++",TRUE
3569,"A",3000,0,289,116.446333333333,2,TRUE,150.578333333333,1,3000,0,0,1,65580,150.578333333333,98844,0.00600000000000023,"C++",TRUE
3570,"A",3000,0,290,132.425,2,TRUE,166.706333333333,1,3000,0,0,2,94165,166.706333333333,98056,0.00600000000000023,"C++",TRUE
3571,"A",3000,0,291,144.745333333333,2,TRUE,176.035333333333,1,3000,0,0,1,47378,176.035333333333,124878,0.00800000000000267,"C++",TRUE
3572,"A",3000,0,292,92.676,2,TRUE,123.848666666667,1,3000,0,0,1,40570,123.848666666667,84178,0.00799999999999557,"C++",TRUE
3573,"A",3000,0,293,180.990333333333,2,TRUE,230.290666666667,1,3000,0,0,3,142450,230.290666666667,133358,0.0130000000000052,"C++",TRUE
3574,"A",3000,0,294,121.446333333333,2,TRUE,169.713666666667,1,3000,0,0,2,109881,169.713666666667,97079,0.0069999999999979,"C++",TRUE
3575,"A",3000,0,295,178.036666666667,2,TRUE,230.940333333333,1,3000,0,0,2,135341,230.940333333333,149555,0.00900000000000034,"C++",TRUE
3576,"A",3000,0,296,105.092,2,TRUE,141.064666666667,1,3000,0,0,1,38573,141.064666666667,93691,0.00600000000000023,"C++",TRUE
3577,"A",3000,0,297,123.452,2,TRUE,157.755333333333,1,3000,0,0,2,69627,157.755333333333,101409,0.00499999999999545,"C++",TRUE
3578,"A",3000,0,298,111.631666666667,2,TRUE,146.315333333333,1,3000,0,0,2,74036,146.315333333333,89686,0.00500000000000256,"C++",TRUE
3579,"A",3000,0,299,178.299666666667,3,TRUE,219.226,2,0,3000,0,1,35322,219.226,150098,0.0150000000000006,"C++",TRUE
3580,"A",3000,0,300,168.977666666667,2,TRUE,216.084333333333,1,3000,0,0,1,86034,216.084333333333,146326,0.00900000000000034,"C++",TRUE
3581,"A",3000,0,301,196.060666666667,2,TRUE,233.794,1,3000,0,0,2,106443,233.794,150826,0.0110000000000028,"C++",TRUE
3582,"A",3000,0,302,138.238666666667,2,TRUE,178.090333333333,1,3000,0,0,2,56011,178.090333333333,117864,0.0120000000000005,"C++",TRUE
3583,"A",3000,0,303,96.8963333333333,2,TRUE,118.938666666667,1,3000,0,0,1,36464,118.938666666667,81567,0.00900000000000034,"C++",TRUE
3584,"A",3000,0,304,102.952333333333,2,TRUE,119.153,1,3000,0,0,1,30616,119.153,90463,0.00499999999999545,"C++",TRUE
3585,"A",3000,0,305,111.493333333333,2,TRUE,136.817666666667,1,3000,0,0,1,37168,136.817666666667,98260,0.00600000000000023,"C++",TRUE
3586,"A",3000,0,306,130.060333333333,2,TRUE,178.255666666667,1,3000,0,0,2,113889,178.255666666667,103586,0.00600000000000023,"C++",TRUE
3587,"A",3000,0,307,133.184,2,TRUE,167.057,1,3000,0,0,2,79690,167.057,107329,0.00600000000000023,"C++",TRUE
3588,"A",3000,0,308,132.882666666667,1,TRUE,146.751666666667,3,0,0,3000,2,52230,146.751666666667,94678,0.00600000000000023,"C++",TRUE
3589,"A",3000,0,309,191.185,2,TRUE,243.456333333333,1,3000,0,0,2,145167,243.456333333333,154473,0.00999999999999801,"C++",TRUE
3590,"A",3000,0,310,85.1696666666667,2,TRUE,136.497666666667,1,3000,0,0,1,66458,136.497666666667,73755,0.007000000000005,"C++",TRUE
3591,"A",3000,0,311,191.774666666667,2,TRUE,248.783333333333,1,3000,0,0,2,143661,248.783333333333,148536,0.00999999999999801,"C++",TRUE
3592,"A",3000,0,312,168.059666666667,2,TRUE,219.238666666667,1,3000,0,0,2,117342,219.238666666667,131216,0.0069999999999979,"C++",TRUE
3593,"A",3000,0,313,164.181,3,TRUE,196.945666666667,2,0,3000,0,1,32305,196.945666666667,140615,0.00900000000000034,"C++",TRUE
3594,"A",3000,0,314,117.078666666667,2,TRUE,137.833666666667,1,3000,0,0,1,34243,137.833666666667,100590,0.00600000000000023,"C++",TRUE
3595,"A",3000,0,315,100.640666666667,2,TRUE,124.685333333333,1,3000,0,0,1,29808,124.685333333333,88958,0.00500000000000256,"C++",TRUE
3596,"A",3000,0,316,147.796333333333,1,TRUE,161.024,3,0,0,3000,2,53503,161.024,111801,0.0069999999999979,"C++",TRUE
3597,"A",3000,0,317,129.093,2,TRUE,153.805666666667,1,3000,0,0,1,42915,153.805666666667,113922,0.0069999999999979,"C++",TRUE
3598,"A",3000,0,318,147.914666666667,2,TRUE,180.35,1,3000,0,0,2,74960,180.35,125008,0.007000000000005,"C++",TRUE
3599,"A",3000,0,319,133.260666666667,2,TRUE,161.837333333333,1,3000,0,0,2,78807,161.837333333333,110039,0.00600000000000023,"C++",TRUE
3600,"A",3000,0,320,143.269666666667,3,TRUE,167.39,2,0,3000,0,1,34924,167.39,108369,0.0069999999999979,"C++",TRUE
3601,"A",3000,0,321,136.15,1,TRUE,144.255,3,0,0,3000,1,46752,144.255,100698,0.00600000000000023,"C++",TRUE
3602,"A",3000,0,322,104.507,2,TRUE,131.850666666667,1,3000,0,0,1,59532,131.850666666667,90628,0.00499999999999545,"C++",TRUE
3603,"A",3000,0,323,127.905,2,TRUE,163.769,1,3000,0,0,2,82410,163.769,101517,0.00600000000000023,"C++",TRUE
3604,"A",3000,0,324,113.47,2,TRUE,128.675,1,3000,0,0,1,41738,128.675,93299,0.00500000000000256,"C++",TRUE
3605,"A",3000,0,325,125.107,2,TRUE,158.656333333333,1,3000,0,0,2,96690,158.656333333333,92240,0.00600000000000023,"C++",TRUE
3606,"A",3000,0,326,114.667,2,TRUE,146.824333333333,1,3000,0,0,2,83989,146.824333333333,90673,0.00500000000000256,"C++",TRUE
3607,"A",3000,0,327,129.299,2,TRUE,172.066,1,3000,0,0,2,110066,172.066,92719,0.00499999999999545,"C++",TRUE
3608,"A",3000,0,328,168.925666666667,2,TRUE,197.257333333333,1,3000,0,0,2,77689,197.257333333333,138712,0.00800000000000267,"C++",TRUE
3609,"A",3000,0,329,97.5253333333333,3,TRUE,123.842666666667,2,0,3000,0,1,27060,123.842666666667,75163,0.00800000000000267,"C++",TRUE
3610,"A",3000,0,330,140.456,3,TRUE,169.549666666667,2,0,3000,0,1,32390,169.549666666667,113225,0.0069999999999979,"C++",TRUE
3611,"A",3000,0,331,206.933,2,TRUE,257.64,1,3000,0,0,2,136019,257.64,157173,0.00900000000000034,"C++",TRUE
3612,"A",3000,0,332,95.5916666666667,2,TRUE,120.294333333333,1,3000,0,0,1,44828,120.294333333333,81211,0.00499999999999545,"C++",TRUE
3613,"A",3000,0,333,104.818666666667,2,TRUE,136.229333333333,1,3000,0,0,1,58674,136.229333333333,90373,0.00500000000000256,"C++",TRUE
3614,"A",3000,0,334,126.669333333333,2,TRUE,161.524333333333,1,3000,0,0,1,36058,161.524333333333,112642,0.0120000000000005,"C++",TRUE
3615,"A",3000,0,335,128.766666666667,3,TRUE,160.252333333333,2,0,3000,0,1,34668,160.252333333333,100287,0.00900000000000034,"C++",TRUE
3616,"A",3000,0,336,132.746,2,TRUE,160.424666666667,1,3000,0,0,2,64312,160.424666666667,106445,0.00600000000000023,"C++",TRUE
3617,"A",3000,0,337,137.713333333333,2,TRUE,195.615666666667,1,3000,0,0,2,152089,195.615666666667,103150,0.00600000000000023,"C++",TRUE
3618,"A",3000,0,338,116.722666666667,2,TRUE,146.438333333333,1,3000,0,0,1,42215,146.438333333333,101019,0.00600000000000023,"C++",TRUE
3619,"A",3000,0,339,143.571333333333,3,TRUE,179.26,2,0,3000,0,1,46532,179.26,108458,0.00800000000000267,"C++",TRUE
3620,"A",3000,0,340,185.399666666667,2,TRUE,228.337333333333,1,3000,0,0,2,103207,228.337333333333,157728,0.0109999999999957,"C++",TRUE
3621,"A",3000,0,341,180.320666666667,2,TRUE,208.737666666667,1,3000,0,0,1,47924,208.737666666667,160013,0.00999999999999801,"C++",TRUE
3622,"A",3000,0,342,116.375,2,TRUE,151.164333333333,1,3000,0,0,1,45045,151.164333333333,101414,0.00600000000000023,"C++",TRUE
3623,"A",3000,0,343,152.901666666667,2,TRUE,185.253333333333,1,3000,0,0,2,82593,185.253333333333,121507,0.0120000000000005,"C++",TRUE
3624,"A",3000,0,344,165.574333333333,3,TRUE,195.723,2,0,3000,0,1,45556,195.723,124896,0.007000000000005,"C++",TRUE
3625,"A",3000,0,345,112.945666666667,2,TRUE,159.251,1,3000,0,0,2,100201,159.251,86183,0.00499999999999545,"C++",TRUE
3626,"A",3000,0,346,199.124666666667,2,TRUE,229.518666666667,1,3000,0,0,2,65393,229.518666666667,175148,0.0100000000000051,"C++",TRUE
3627,"A",3000,0,347,148.545333333333,2,TRUE,199.340666666667,1,3000,0,0,2,131603,199.340666666667,115843,0.0069999999999979,"C++",TRUE
3628,"A",3000,0,348,168.538666666667,2,TRUE,206.76,1,3000,0,0,2,79937,206.76,142558,0.00799999999999557,"C++",TRUE
3629,"A",3000,0,349,162.791666666667,2,TRUE,215.898666666667,1,3000,0,0,2,135142,215.898666666667,126629,0.00800000000000267,"C++",TRUE
3630,"A",3000,0,350,164.061666666667,2,TRUE,206.457,1,3000,0,0,2,99629,206.457,121770,0.0069999999999979,"C++",TRUE
3631,"A",3000,0,351,88.9006666666667,2,TRUE,114.911666666667,1,3000,0,0,1,40654,114.911666666667,73325,0.00500000000000256,"C++",TRUE
3632,"A",3000,0,352,154.145666666667,2,TRUE,182.802666666667,1,3000,0,0,1,45909,182.802666666667,137040,0.0120000000000005,"C++",TRUE
3633,"A",3000,0,353,147.424333333333,2,TRUE,177.376,1,3000,0,0,2,76771,177.376,117565,0.0069999999999979,"C++",TRUE
3634,"A",3000,0,354,144.374,3,TRUE,197.559666666667,2,0,3000,0,1,43055,197.559666666667,113423,0.007000000000005,"C++",TRUE
3635,"A",3000,0,355,147.816333333333,2,TRUE,181.947666666667,1,3000,0,0,1,48105,181.947666666667,128476,0.0069999999999979,"C++",TRUE
3636,"A",3000,0,356,130.037,1,TRUE,141.063,3,0,0,3000,2,55729,141.063,92744,0.00600000000000023,"C++",TRUE
3637,"A",3000,0,357,198.871666666667,2,TRUE,232.188,1,3000,0,0,2,79435,232.188,165474,0.00999999999999801,"C++",TRUE
3638,"A",3000,0,358,100.813,1,TRUE,112.19,3,0,0,3000,1,46084,112.19,73207,0.00399999999999778,"C++",TRUE
3639,"A",3000,0,359,106.708,3,TRUE,140.099666666667,2,0,3000,0,1,23455,140.099666666667,86048,0.00500000000000256,"C++",TRUE
3640,"A",3000,0,360,211.354,3,TRUE,234.632,2,0,3000,0,1,31591,234.632,180119,0.0110000000000028,"C++",TRUE
3641,"A",3000,0,361,106.337333333333,2,TRUE,134.109333333333,1,3000,0,0,1,48119,134.109333333333,90967,0.00499999999999545,"C++",TRUE
3642,"A",3000,0,362,178.302333333333,2,TRUE,245.570666666667,1,3000,0,0,2,145833,245.570666666667,145749,0.00900000000000034,"C++",TRUE
3643,"A",3000,0,363,110.65,2,TRUE,150.554666666667,1,3000,0,0,1,54304,150.554666666667,94685,0.00600000000000023,"C++",TRUE
3644,"A",3000,0,364,117.001,2,TRUE,159.711,1,3000,0,0,1,42382,159.711,102215,0.00600000000000023,"C++",TRUE
3645,"A",3000,0,365,111.110333333333,2,TRUE,150.522,1,3000,0,0,2,89350,150.522,91915,0.00500000000000256,"C++",TRUE
3646,"A",3000,0,366,138.661,1,TRUE,156.379333333333,3,0,0,3000,2,54061,156.379333333333,101843,0.00900000000000034,"C++",TRUE
3647,"A",3000,0,367,106.540666666667,2,TRUE,153.734333333333,1,3000,0,0,1,59383,153.734333333333,94370,0.00600000000000023,"C++",TRUE
3648,"A",3000,0,368,143.739666666667,2,TRUE,190.612,1,3000,0,0,2,101614,190.612,116134,0.00799999999999557,"C++",TRUE
3649,"A",3000,0,369,130.474333333333,1,TRUE,143.197666666667,3,0,0,3000,2,56789,143.197666666667,88160,0.00800000000000267,"C++",TRUE
3650,"A",3000,0,370,126.180333333333,2,TRUE,182.716333333333,1,3000,0,0,2,126500,182.716333333333,94091,0.00500000000000256,"C++",TRUE
3651,"A",3000,0,371,108.587666666667,3,TRUE,131.972333333333,2,0,3000,0,1,26844,131.972333333333,86095,0.00499999999999545,"C++",TRUE
3652,"A",3000,0,372,141.945666666667,2,TRUE,192.936333333333,1,3000,0,0,2,130381,192.936333333333,112358,0.007000000000005,"C++",TRUE
3653,"A",3000,0,373,154.766333333333,2,TRUE,197.441333333333,1,3000,0,0,1,86248,197.441333333333,124866,0.0069999999999979,"C++",TRUE
3654,"A",3000,0,374,128.626,2,TRUE,172.358,1,3000,0,0,2,89683,172.358,101929,0.00600000000000023,"C++",TRUE
3655,"A",3000,0,375,159.182666666667,2,TRUE,194.885666666667,1,3000,0,0,2,93097,194.885666666667,120871,0.0069999999999979,"C++",TRUE
3656,"A",3000,0,376,133.205666666667,2,TRUE,168.817666666667,1,3000,0,0,1,80650,168.817666666667,115417,0.0069999999999979,"C++",TRUE
3657,"A",3000,0,377,117.011666666667,2,TRUE,148.281333333333,1,3000,0,0,1,43982,148.281333333333,106392,0.00600000000000023,"C++",TRUE
3658,"A",3000,0,378,105.475666666667,2,TRUE,127.524333333333,1,3000,0,0,1,37502,127.524333333333,90754,0.00600000000000023,"C++",TRUE
3659,"A",3000,0,379,119.055,2,TRUE,148.773,1,3000,0,0,1,39615,148.773,103033,0.00600000000000023,"C++",TRUE
3660,"A",3000,0,380,176.108666666667,2,TRUE,227.061,1,3000,0,0,2,137591,227.061,131105,0.00800000000000267,"C++",TRUE
3661,"A",3000,0,381,128.508333333333,2,TRUE,164.760333333333,1,3000,0,0,2,96960,164.760333333333,100893,0.00500000000000256,"C++",TRUE
3662,"A",3000,0,382,103.043,3,TRUE,142.615,2,0,3000,0,1,22796,142.615,85936,0.00499999999999545,"C++",TRUE
3663,"A",3000,0,383,127.597,2,TRUE,164.861,1,3000,0,0,1,50132,164.861,112245,0.007000000000005,"C++",TRUE
3664,"A",3000,0,384,181.261333333333,3,TRUE,213.077333333333,2,0,3000,0,2,54591,213.077333333333,141495,0.00799999999999557,"C++",TRUE
3665,"A",3000,0,385,158.962333333333,3,TRUE,184.537666666667,2,0,3000,0,1,33069,184.537666666667,125716,0.00800000000000267,"C++",TRUE
3666,"A",3000,0,386,128.598333333333,2,TRUE,158.467666666667,1,3000,0,0,1,46849,158.467666666667,117804,0.0069999999999979,"C++",TRUE
3667,"A",3000,0,387,118.640666666667,2,TRUE,145.589666666667,1,3000,0,0,1,43545,145.589666666667,104349,0.00600000000000023,"C++",TRUE
3668,"A",3000,0,388,127.871333333333,3,TRUE,151.756333333333,2,0,3000,0,1,27058,151.756333333333,100966,0.00600000000000023,"C++",TRUE
3669,"A",3000,0,389,144.002333333333,3,TRUE,169.274,2,0,3000,0,1,21818,169.274,120933,0.0069999999999979,"C++",TRUE
3670,"A",3000,0,390,137.150333333333,2,TRUE,182.115333333333,1,3000,0,0,2,99187,182.115333333333,114609,0.007000000000005,"C++",TRUE
3671,"A",3000,0,391,129.719666666667,3,TRUE,166.580333333333,2,0,3000,0,1,25601,166.580333333333,107323,0.00600000000000023,"C++",TRUE
3672,"A",3000,0,392,81.394,2,TRUE,111.633,1,3000,0,0,1,51209,111.633,71232,0.00499999999999545,"C++",TRUE
3673,"A",3000,0,393,82.9553333333333,2,TRUE,107.033,1,3000,0,0,1,49223,107.033,70698,0.00400000000000489,"C++",TRUE
3674,"A",3000,0,394,113.475333333333,2,TRUE,163.839,1,3000,0,0,2,105047,163.839,95115,0.00499999999999545,"C++",TRUE
3675,"A",3000,0,395,92.4056666666667,2,TRUE,128.979,1,3000,0,0,1,60528,128.979,80773,0.00500000000000256,"C++",TRUE
3676,"A",3000,0,396,107.513,3,TRUE,137.101666666667,2,0,3000,0,1,25097,137.101666666667,91990,0.00499999999999545,"C++",TRUE
3677,"A",3000,0,397,149.447,2,TRUE,190.403666666667,1,3000,0,0,2,87976,190.403666666667,128102,0.00800000000000267,"C++",TRUE
3678,"A",3000,0,398,99.84,2,TRUE,131.305333333333,1,3000,0,0,1,56743,131.305333333333,88315,0.00500000000000256,"C++",TRUE
3679,"A",3000,0,399,113.870666666667,2,TRUE,148.707666666667,1,3000,0,0,1,45254,148.707666666667,101555,0.00600000000000023,"C++",TRUE
3680,"A",3000,0,400,120.951333333333,2,TRUE,155.484666666667,1,3000,0,0,2,79375,155.484666666667,100394,0.00600000000000023,"C++",TRUE
3681,"A",3000,0,401,172.153,2,TRUE,221.085666666667,1,3000,0,0,2,96891,221.085666666667,143432,0.00799999999999557,"C++",TRUE
3682,"A",3000,0,402,173.551,2,TRUE,234.195,1,3000,0,0,2,141635,234.195,144953,0.00900000000000034,"C++",TRUE
3683,"A",3000,0,403,124.445,2,TRUE,151.157333333333,1,3000,0,0,1,40598,151.157333333333,108326,0.00600000000000023,"C++",TRUE
3684,"A",3000,0,404,180.235666666667,2,TRUE,225.474666666667,1,3000,0,0,2,125886,225.474666666667,140074,0.00900000000000034,"C++",TRUE
3685,"A",3000,0,405,123.526666666667,3,TRUE,146.060666666667,2,0,3000,0,1,24885,146.060666666667,101622,0.00600000000000023,"C++",TRUE
3686,"A",3000,0,406,167.396,2,TRUE,221.257666666667,1,3000,0,0,2,154244,221.257666666667,124896,0.0069999999999979,"C++",TRUE
3687,"A",3000,0,407,117.856,2,TRUE,165.161666666667,1,3000,0,0,2,108332,165.161666666667,94216,0.00500000000000256,"C++",TRUE
3688,"A",3000,0,408,111.270333333333,2,TRUE,136.778666666667,1,3000,0,0,2,35692,136.778666666667,93799,0.00600000000000023,"C++",TRUE
3689,"A",3000,0,409,114.851,3,TRUE,136.048666666667,2,0,3000,0,1,25162,136.048666666667,90126,0.00500000000000256,"C++",TRUE
3690,"A",3000,0,410,139.535666666667,2,TRUE,180.959666666667,1,3000,0,0,1,48752,180.959666666667,117636,0.0069999999999979,"C++",TRUE
3691,"A",3000,0,411,157.252666666667,3,TRUE,175.839333333333,2,0,3000,0,1,50698,175.839333333333,119458,0.0069999999999979,"C++",TRUE
3692,"A",3000,0,412,151.158333333333,2,TRUE,187.985666666667,1,3000,0,0,2,89995,187.985666666667,123592,0.007000000000005,"C++",TRUE
3693,"A",3000,0,413,122.985333333333,2,TRUE,161.629,1,3000,0,0,2,91971,161.629,97119,0.00600000000000023,"C++",TRUE
3694,"A",3000,0,414,101.040666666667,3,TRUE,123.385333333333,2,0,3000,0,1,28326,123.385333333333,74319,0.00399999999999778,"C++",TRUE
3695,"A",3000,0,415,136.339333333333,2,TRUE,169.900666666667,1,3000,0,0,1,55162,169.900666666667,118873,0.0069999999999979,"C++",TRUE
3696,"A",3000,0,416,122.285333333333,2,TRUE,157.208,1,3000,0,0,1,46702,157.208,108726,0.00600000000000023,"C++",TRUE
3697,"A",3000,0,417,111.975,3,TRUE,138.216666666667,2,0,3000,0,1,30631,138.216666666667,79921,0.00500000000000256,"C++",TRUE
3698,"A",3000,0,418,163.466,1,TRUE,170.272333333333,3,0,0,3000,2,51744,170.272333333333,113107,0.00600000000000023,"C++",TRUE
3699,"A",3000,0,419,134.954666666667,2,TRUE,187.351,1,3000,0,0,2,122911,187.351,101126,0.00600000000000023,"C++",TRUE
3700,"A",3000,0,420,115.626,2,TRUE,140.782666666667,1,3000,0,0,1,34290,140.782666666667,105057,0.0069999999999979,"C++",TRUE
3701,"A",3000,0,421,140.954,2,TRUE,173.033,1,3000,0,0,2,74499,173.033,117210,0.0069999999999979,"C++",TRUE
3702,"A",3000,0,422,158.844333333333,2,TRUE,183.318333333333,1,3000,0,0,1,36906,183.318333333333,137363,0.00800000000000267,"C++",TRUE
3703,"A",3000,0,423,114.974333333333,2,TRUE,159.938333333333,1,3000,0,0,2,78323,159.938333333333,99487,0.00500000000000256,"C++",TRUE
3704,"A",3000,0,424,171.924,2,TRUE,221.718333333333,1,3000,0,0,2,116180,221.718333333333,145393,0.00899999999999324,"C++",TRUE
3705,"A",3000,0,425,150.349,2,TRUE,185.276,1,3000,0,0,1,71927,185.276,126206,0.00800000000000267,"C++",TRUE
3706,"A",3000,0,426,112.493333333333,2,TRUE,135.852333333333,1,3000,0,0,1,46436,135.852333333333,92757,0.00500000000000256,"C++",TRUE
3707,"A",3000,0,427,164.193333333333,2,TRUE,209.596,1,3000,0,0,2,100720,209.596,135572,0.00799999999999557,"C++",TRUE
3708,"A",3000,0,428,86.538,2,TRUE,113.724666666667,1,3000,0,0,1,30563,113.724666666667,73916,0.00400000000000489,"C++",TRUE
3709,"A",3000,0,429,167.307,2,TRUE,200.495333333333,1,3000,0,0,1,75068,200.495333333333,145429,0.00900000000000034,"C++",TRUE
3710,"A",3000,0,430,117.767333333333,2,TRUE,150.712333333333,1,3000,0,0,2,57924,150.712333333333,102537,0.00600000000000023,"C++",TRUE
3711,"A",3000,0,431,93.404,2,TRUE,117.138666666667,1,3000,0,0,1,42517,117.138666666667,79556,0.00399999999999778,"C++",TRUE
3712,"A",3000,0,432,91.252,2,TRUE,133.197333333333,1,3000,0,0,1,38520,133.197333333333,79924,0.00500000000000256,"C++",TRUE
3713,"A",3000,0,433,153.890666666667,3,TRUE,183.018666666667,2,0,3000,0,1,24803,183.018666666667,135097,0.00899999999999324,"C++",TRUE
3714,"A",3000,0,434,118.162,2,TRUE,153.183,1,3000,0,0,2,51701,153.183,100059,0.00500000000000256,"C++",TRUE
3715,"A",3000,0,435,171.169,2,TRUE,210.534,1,3000,0,0,2,98935,210.534,140404,0.00900000000000034,"C++",TRUE
3716,"A",3000,0,436,179.373333333333,2,TRUE,238.346,1,3000,0,0,2,171066,238.346,133633,0.0069999999999979,"C++",TRUE
3717,"A",3000,0,437,129.753,2,TRUE,176.488,1,3000,0,0,2,107024,176.488,106723,0.00600000000000023,"C++",TRUE
3718,"A",3000,0,438,153.657333333333,2,TRUE,185.920333333333,1,3000,0,0,1,48068,185.920333333333,132350,0.00800000000000267,"C++",TRUE
3719,"A",3000,0,439,140.468333333333,2,TRUE,171.019666666667,1,3000,0,0,1,44887,171.019666666667,121654,0.00800000000000267,"C++",TRUE
3720,"A",3000,0,440,169.494666666667,2,TRUE,220.164333333333,1,3000,0,0,2,67646,220.164333333333,149458,0.00900000000000034,"C++",TRUE
3721,"A",3000,0,441,107.110333333333,2,TRUE,152.019666666667,1,3000,0,0,1,80731,152.019666666667,89084,0.00499999999999545,"C++",TRUE
3722,"A",3000,0,442,146.687333333333,2,TRUE,192.829333333333,1,3000,0,0,2,90446,192.829333333333,125035,0.0069999999999979,"C++",TRUE
3723,"A",3000,0,443,173.360333333333,2,TRUE,222.001666666667,1,3000,0,0,2,120817,222.001666666667,140666,0.00800000000000267,"C++",TRUE
3724,"A",3000,0,444,136.076,2,TRUE,170.358666666667,1,3000,0,0,2,96086,170.358666666667,104729,0.00600000000000023,"C++",TRUE
3725,"A",3000,0,445,127.903,2,TRUE,172.592333333333,1,3000,0,0,2,99570,172.592333333333,101698,0.00600000000000023,"C++",TRUE
3726,"A",3000,0,446,183.209666666667,2,TRUE,230.726333333333,1,3000,0,0,2,98760,230.726333333333,156108,0.00900000000000034,"C++",TRUE
3727,"A",3000,0,447,91.9236666666667,2,TRUE,120.321,1,3000,0,0,1,40112,120.321,78989,0.00500000000000256,"C++",TRUE
3728,"A",3000,0,448,214.443,2,TRUE,265.651333333333,1,3000,0,0,2,107776,265.651333333333,183981,0.0109999999999957,"C++",TRUE
3729,"A",3000,0,449,145.757666666667,2,TRUE,189.505333333333,1,3000,0,0,2,81430,189.505333333333,122550,0.007000000000005,"C++",TRUE
3730,"A",3000,0,450,174.140666666667,2,TRUE,229.155333333333,1,3000,0,0,2,130288,229.155333333333,128152,0.0069999999999979,"C++",TRUE
3731,"A",3000,0,451,292.091666666667,3,TRUE,319.021666666667,2,0,3000,0,1,39126,319.021666666667,252695,0.0159999999999982,"C++",TRUE
3732,"A",3000,0,452,143.747333333333,3,TRUE,173.047,2,0,3000,0,1,31895,173.047,116431,0.0069999999999979,"C++",TRUE
3733,"A",3000,0,453,90.8466666666667,2,TRUE,131.904666666667,1,3000,0,0,1,47161,131.904666666667,79466,0.00400000000000489,"C++",TRUE
3734,"A",3000,0,454,132.193666666667,2,TRUE,184.067666666667,1,3000,0,0,2,97957,184.067666666667,105928,0.00600000000000023,"C++",TRUE
3735,"A",3000,0,455,128.609,2,TRUE,155.18,1,3000,0,0,1,40639,155.18,116076,0.00600000000000023,"C++",TRUE
3736,"A",3000,0,456,138.404,3,TRUE,177.301666666667,2,0,3000,0,1,26349,177.301666666667,108560,0.0069999999999979,"C++",TRUE
3737,"A",3000,0,457,130.014,2,TRUE,152.616666666667,1,3000,0,0,1,41149,152.616666666667,107757,0.00600000000000023,"C++",TRUE
3738,"A",3000,0,458,147.709666666667,2,TRUE,173.030666666667,1,3000,0,0,1,48612,173.030666666667,126847,0.00800000000000267,"C++",TRUE
3739,"A",3000,0,459,108.234333333333,3,TRUE,138.116333333333,2,0,3000,0,1,24112,138.116333333333,87208,0.00499999999999545,"C++",TRUE
3740,"A",3000,0,460,130.397666666667,2,TRUE,164.174666666667,1,3000,0,0,1,49716,164.174666666667,113084,0.00600000000000023,"C++",TRUE
3741,"A",3000,0,461,181.779,2,TRUE,223.863666666667,1,3000,0,0,2,106002,223.863666666667,147661,0.00900000000000034,"C++",TRUE
3742,"A",3000,0,462,89.5596666666667,2,TRUE,122.698,1,3000,0,0,1,51491,122.698,78643,0.00399999999999778,"C++",TRUE
3743,"A",3000,0,463,105.95,3,TRUE,132.154333333333,2,0,3000,0,1,25161,132.154333333333,88283,0.00600000000000023,"C++",TRUE
3744,"A",3000,0,464,116.065666666667,2,TRUE,146.987,1,3000,0,0,2,65045,146.987,98088,0.00500000000000256,"C++",TRUE
3745,"A",3000,0,465,136.289666666667,2,TRUE,170.123666666667,1,3000,0,0,1,66178,170.123666666667,115503,0.0069999999999979,"C++",TRUE
3746,"A",3000,0,466,137.903666666667,3,TRUE,175.805,2,0,3000,0,1,33893,175.805,114196,0.007000000000005,"C++",TRUE
3747,"A",3000,0,467,125.301333333333,2,TRUE,163.280666666667,1,3000,0,0,1,42295,163.280666666667,107984,0.00600000000000023,"C++",TRUE
3748,"A",3000,0,468,119.872,2,TRUE,151.474,1,3000,0,0,1,52745,151.474,106969,0.00600000000000023,"C++",TRUE
3749,"A",3000,0,469,132.561333333333,3,TRUE,161.967333333333,2,0,3000,0,1,30253,161.967333333333,103181,0.00599999999999312,"C++",TRUE
3750,"A",3000,0,470,114.105,2,TRUE,148.931,1,3000,0,0,2,72847,148.931,94006,0.00600000000000023,"C++",TRUE
3751,"A",3000,0,471,120.477666666667,2,TRUE,139.298,1,3000,0,0,1,35347,139.298,105382,0.00600000000000023,"C++",TRUE
3752,"A",3000,0,472,113.074333333333,2,TRUE,123.066,1,3000,0,0,1,40919,123.066,90050,0.00600000000000023,"C++",TRUE
3753,"A",3000,0,473,90.1406666666667,2,TRUE,106.381,1,3000,0,0,1,34109,106.381,73515,0.00400000000000489,"C++",TRUE
3754,"A",3000,0,474,221.292666666667,2,TRUE,266.578666666667,1,3000,0,0,2,113324,266.578666666667,188292,0.0109999999999957,"C++",TRUE
3755,"A",3000,0,475,190.978,3,TRUE,230.555666666667,2,0,3000,0,1,34126,230.555666666667,156205,0.0100000000000051,"C++",TRUE
3756,"A",3000,0,476,132.054666666667,2,TRUE,174.503333333333,1,3000,0,0,2,108998,174.503333333333,103983,0.00499999999999545,"C++",TRUE
3757,"A",3000,0,477,134.518,3,TRUE,186.959,2,0,3000,0,1,28605,186.959,112317,0.007000000000005,"C++",TRUE
3758,"A",3000,0,478,133.067333333333,2,TRUE,173.494333333333,1,3000,0,0,2,95071,173.494333333333,106907,0.00600000000000023,"C++",TRUE
3759,"A",3000,0,479,150.082333333333,3,TRUE,185.81,2,0,3000,0,1,41407,185.81,118373,0.0069999999999979,"C++",TRUE
3760,"A",3000,0,480,154.169,2,TRUE,204.195,1,3000,0,0,2,124782,204.195,115670,0.0069999999999979,"C++",TRUE
3761,"A",3000,0,481,119.366333333333,3,TRUE,144.813333333333,2,0,3000,0,1,34986,144.813333333333,83393,0.00500000000000256,"C++",TRUE
3762,"A",3000,0,482,134.629333333333,2,TRUE,158.883333333333,1,3000,0,0,1,35262,158.883333333333,119315,0.0069999999999979,"C++",TRUE
3763,"A",3000,0,483,139.462,2,TRUE,213.014666666667,1,3000,0,0,2,157512,213.014666666667,108537,0.00600000000000023,"C++",TRUE
3764,"A",3000,0,484,222.603,2,TRUE,266.713333333333,1,3000,0,0,2,114768,266.713333333333,186632,0.0110000000000028,"C++",TRUE
3765,"A",3000,0,485,158.357,2,TRUE,211.037,1,3000,0,0,2,137224,211.037,126252,0.00799999999999557,"C++",TRUE
3766,"A",3000,0,486,206.577333333333,2,TRUE,250.344333333333,1,3000,0,0,2,91960,250.344333333333,177871,0.0100000000000051,"C++",TRUE
3767,"A",3000,0,487,121.074,2,TRUE,153.311666666667,1,3000,0,0,1,77531,153.311666666667,102709,0.00599999999999312,"C++",TRUE
3768,"A",3000,0,488,87.712,2,TRUE,112.283,1,3000,0,0,1,37247,112.283,79155,0.00400000000000489,"C++",TRUE
3769,"A",3000,0,489,94.3236666666667,2,TRUE,133.208,1,3000,0,0,1,64599,133.208,81063,0.00499999999999545,"C++",TRUE
3770,"A",3000,0,490,133.714,3,TRUE,169.671666666667,2,0,3000,0,1,31583,169.671666666667,107510,0.00600000000000023,"C++",TRUE
3771,"A",3000,0,491,182.679666666667,1,TRUE,198.361666666667,3,0,0,3000,2,60217,198.361666666667,139484,0.00800000000000267,"C++",TRUE
3772,"A",3000,0,492,125.506333333333,3,TRUE,151.238,2,0,3000,0,1,40373,151.238,97363,0.00600000000000023,"C++",TRUE
3773,"A",3000,0,493,143.829666666667,2,TRUE,164.889,1,3000,0,0,1,39112,164.889,119285,0.0069999999999979,"C++",TRUE
3774,"A",3000,0,494,108.095,2,TRUE,156.675666666667,1,3000,0,0,2,84546,156.675666666667,86702,0.00500000000000256,"C++",TRUE
3775,"A",3000,0,495,143.149333333333,2,TRUE,168.846666666667,1,3000,0,0,2,65421,168.846666666667,117462,0.00799999999999557,"C++",TRUE
3776,"A",3000,0,496,163.317666666667,2,TRUE,191.223333333333,1,3000,0,0,1,52378,191.223333333333,141712,0.00900000000000034,"C++",TRUE
3777,"A",3000,0,497,118.520666666667,2,TRUE,151.533333333333,1,3000,0,0,2,63996,151.533333333333,101227,0.00600000000000023,"C++",TRUE
3778,"A",3000,0,498,182.171666666667,2,TRUE,238.403666666667,1,3000,0,0,3,160301,238.403666666667,130807,0.0069999999999979,"C++",TRUE
3779,"A",3000,0,499,287.446666666667,2,TRUE,336.467666666667,1,3000,0,0,2,108173,336.467666666667,250644,0.0200000000000031,"C++",TRUE
3780,"A",3000,0,500,113.227666666667,2,TRUE,159.762,1,3000,0,0,1,74773,159.762,95000,0.00500000000000256,"C++",TRUE
3781,"A",3000,0,501,173.772666666667,2,TRUE,211.8,1,3000,0,0,2,80468,211.8,142678,0.00900000000000034,"C++",TRUE
3782,"A",3000,0,502,146.548333333333,2,TRUE,180.436666666667,1,3000,0,0,2,79826,180.436666666667,125617,0.0069999999999979,"C++",TRUE
3783,"A",3000,0,503,141.351333333333,2,TRUE,190.924666666667,1,3000,0,0,2,119733,190.924666666667,105561,0.00900000000000034,"C++",TRUE
3784,"A",3000,0,504,153.561333333333,2,TRUE,208.162333333333,1,3000,0,0,2,137060,208.162333333333,103877,0.0069999999999979,"C++",TRUE
3785,"A",3000,0,505,131.081666666667,3,TRUE,155.296333333333,2,0,3000,0,1,36163,155.296333333333,98702,0.00900000000000034,"C++",TRUE
3786,"A",3000,0,506,167.990333333333,2,TRUE,214.160666666667,1,3000,0,0,2,103426,214.160666666667,140870,0.0110000000000028,"C++",TRUE
3787,"A",3000,0,507,137.502,3,TRUE,158.598666666667,2,0,3000,0,1,27782,158.598666666667,111924,0.00600000000000023,"C++",TRUE
3788,"A",3000,0,508,176.994,2,TRUE,216.857,1,3000,0,0,2,98423,216.857,145436,0.00900000000000034,"C++",TRUE
3789,"A",3000,0,509,133.760333333333,2,TRUE,169.535,1,3000,0,0,2,87965,169.535,104923,0.00800000000000267,"C++",TRUE
3790,"A",3000,0,510,90.8213333333333,2,TRUE,116.510333333333,1,3000,0,0,1,29682,116.510333333333,76114,0.00399999999999778,"C++",TRUE
3791,"A",3000,0,511,147.019333333333,2,TRUE,180.82,1,3000,0,0,2,72744,180.82,115094,0.0120000000000005,"C++",TRUE
3792,"A",3000,0,512,150.519666666667,2,TRUE,189.447,1,3000,0,0,2,96848,189.447,124100,0.00799999999999557,"C++",TRUE
3793,"A",3000,0,513,111.264333333333,3,TRUE,143.17,2,0,3000,0,1,30734,143.17,84642,0.00400000000000489,"C++",TRUE
3794,"A",3000,0,514,134.569666666667,2,TRUE,190.228666666667,1,3000,0,0,2,136787,190.228666666667,104975,0.00600000000000023,"C++",TRUE
3795,"A",3000,0,515,171.209333333333,2,TRUE,201.505333333333,1,3000,0,0,1,45167,201.505333333333,150775,0.0109999999999957,"C++",TRUE
3796,"A",3000,0,516,162.405,2,TRUE,195.330666666667,1,3000,0,0,2,70650,195.330666666667,138291,0.0120000000000005,"C++",TRUE
3797,"A",3000,0,517,108.936333333333,2,TRUE,146.105666666667,1,3000,0,0,2,71163,146.105666666667,89876,0.00900000000000034,"C++",TRUE
3798,"A",3000,0,518,119.274333333333,2,TRUE,149.813333333333,1,3000,0,0,1,51155,149.813333333333,101857,0.00600000000000023,"C++",TRUE
3799,"A",3000,0,519,119.568,2,TRUE,153.337333333333,1,3000,0,0,2,86724,153.337333333333,93660,0.00500000000000256,"C++",TRUE
3800,"A",3000,0,520,170.035666666667,2,TRUE,197.416,1,3000,0,0,1,47629,197.416,148814,0.00900000000000034,"C++",TRUE
3801,"A",3000,0,521,133.617333333333,2,TRUE,150.790666666667,1,3000,0,0,1,35306,150.790666666667,110881,0.00999999999999801,"C++",TRUE
3802,"A",3000,0,522,171.052,2,TRUE,225.028,1,3000,0,0,2,129379,225.028,143556,0.00999999999999801,"C++",TRUE
3803,"A",3000,0,523,102.612666666667,3,TRUE,126.019666666667,2,0,3000,0,0,16214,126.019666666667,87403,0.00500000000000256,"C++",TRUE
3804,"A",3000,0,524,125.003333333333,2,TRUE,158.684666666667,1,3000,0,0,2,86663,158.684666666667,98562,0.00600000000000023,"C++",TRUE
3805,"A",3000,0,525,113.581666666667,2,TRUE,130.065333333333,1,3000,0,0,1,45546,130.065333333333,85370,0.00500000000000256,"C++",TRUE
3806,"A",3000,0,526,147.604,2,TRUE,190.546,1,3000,0,0,2,104681,190.546,112685,0.00900000000000034,"C++",TRUE
3807,"A",3000,0,527,102.127333333333,2,TRUE,125.306,1,3000,0,0,1,32479,125.306,88507,0.0069999999999979,"C++",TRUE
3808,"A",3000,0,528,106.312666666667,2,TRUE,133.505333333333,1,3000,0,0,1,74770,133.505333333333,81865,0.00499999999999545,"C++",TRUE
3809,"A",3000,0,529,159.409666666667,2,TRUE,212.8,1,3000,0,0,2,132637,212.8,114835,0.007000000000005,"C++",TRUE
3810,"A",3000,0,530,144.877666666667,2,TRUE,180.897,1,3000,0,0,2,75604,180.897,122559,0.0069999999999979,"C++",TRUE
3811,"A",3000,0,531,139.456333333333,2,TRUE,176.590333333333,1,3000,0,0,2,79954,176.590333333333,115444,0.0069999999999979,"C++",TRUE
3812,"A",3000,0,532,154.696333333333,2,TRUE,193.108333333333,1,3000,0,0,2,94237,193.108333333333,125536,0.007000000000005,"C++",TRUE
3813,"A",3000,0,533,215.714333333333,2,TRUE,271.767333333333,1,3000,0,0,2,129703,271.767333333333,172327,0.00999999999999801,"C++",TRUE
3814,"A",3000,0,534,91.91,2,TRUE,139.101666666667,1,3000,0,0,1,71390,139.101666666667,79164,0.00500000000000256,"C++",TRUE
3815,"A",3000,0,535,82.698,2,TRUE,110.356,1,3000,0,0,1,40248,110.356,73072,0.00399999999999778,"C++",TRUE
3816,"A",3000,0,536,106.313333333333,2,TRUE,130.601,1,3000,0,0,1,32627,130.601,87965,0.00500000000000256,"C++",TRUE
3817,"A",3000,0,537,138.263666666667,2,TRUE,171.288,1,3000,0,0,1,49072,171.288,123965,0.00799999999999557,"C++",TRUE
3818,"A",3000,0,538,185.85,2,TRUE,233.600666666667,1,3000,0,0,2,129216,233.600666666667,149099,0.00800000000000267,"C++",TRUE
3819,"A",3000,0,539,151.503333333333,2,TRUE,207.945666666667,1,3000,0,0,2,121233,207.945666666667,116339,0.0069999999999979,"C++",TRUE
3820,"A",3000,0,540,127.317666666667,3,TRUE,156.428333333333,2,0,3000,0,1,34829,156.428333333333,99288,0.0069999999999979,"C++",TRUE
3821,"A",3000,0,541,202.452333333333,2,TRUE,237.869666666667,1,3000,0,0,2,100525,237.869666666667,161602,0.0100000000000051,"C++",TRUE
3822,"A",3000,0,542,133.410666666667,2,TRUE,160.736,1,3000,0,0,1,45192,160.736,118061,0.00799999999999557,"C++",TRUE
3823,"A",3000,0,543,166.895666666667,2,TRUE,187.054666666667,1,3000,0,0,2,57317,187.054666666667,139083,0.0120000000000005,"C++",TRUE
3824,"A",3000,0,544,124.109333333333,2,TRUE,153.153666666667,1,3000,0,0,1,52379,153.153666666667,103252,0.0069999999999979,"C++",TRUE
3825,"A",3000,0,545,171.359,2,TRUE,203.466666666667,1,3000,0,0,2,65125,203.466666666667,145520,0.00900000000000034,"C++",TRUE
3826,"A",3000,0,546,140.910666666667,2,TRUE,173.006333333333,1,3000,0,0,1,47626,173.006333333333,125759,0.00800000000000267,"C++",TRUE
3827,"A",3000,0,547,117.849333333333,3,TRUE,142.243666666667,2,0,3000,0,1,19020,142.243666666667,98890,0.00600000000000023,"C++",TRUE
3828,"A",3000,0,548,120.121666666667,2,TRUE,163.725333333333,1,3000,0,0,1,101203,163.725333333333,98342,0.00800000000000267,"C++",TRUE
3829,"A",3000,0,549,123.516333333333,2,TRUE,169.927,1,3000,0,0,2,105249,169.927,99863,0.00799999999999557,"C++",TRUE
3830,"A",3000,0,550,128.095,3,TRUE,158.697666666667,2,0,3000,0,1,31615,158.697666666667,103250,0.0100000000000051,"C++",TRUE
3831,"A",3000,0,551,106.829333333333,2,TRUE,142.535,1,3000,0,0,1,53903,142.535,95919,0.00999999999999801,"C++",TRUE
3832,"A",3000,0,552,142.268666666667,2,TRUE,171.727666666667,1,3000,0,0,1,50894,171.727666666667,126661,0.0109999999999957,"C++",TRUE
3833,"A",3000,0,553,162.076666666667,2,TRUE,185.731666666667,1,3000,0,0,1,32847,185.731666666667,146835,0.0100000000000051,"C++",TRUE
3834,"A",3000,0,554,136.738333333333,1,TRUE,150.643,3,0,0,3000,2,54803,150.643,99190,0.0069999999999979,"C++",TRUE
3835,"A",3000,0,555,131.88,2,TRUE,170.647,1,3000,0,0,2,66676,170.647,112535,0.00900000000000034,"C++",TRUE
3836,"A",3000,0,556,141.454666666667,1,TRUE,149.802333333333,3,0,0,3000,2,66098,149.802333333333,91160,0.0069999999999979,"C++",TRUE
3837,"A",3000,0,557,104.198333333333,2,TRUE,134.772,1,3000,0,0,1,55904,134.772,89178,0.007000000000005,"C++",TRUE
3838,"A",3000,0,558,132.196,2,TRUE,168.107333333333,1,3000,0,0,2,74796,168.107333333333,109935,0.0069999999999979,"C++",TRUE
3839,"A",3000,0,559,124.281333333333,3,TRUE,171.356333333333,2,0,3000,0,1,40461,171.356333333333,98965,0.00500000000000256,"C++",TRUE
3840,"A",3000,0,560,178.166666666667,2,TRUE,199.310666666667,1,3000,0,0,2,59055,199.310666666667,153041,0.00999999999999801,"C++",TRUE
3841,"A",3000,0,561,107.686,2,TRUE,137.402,1,3000,0,0,2,71907,137.402,90880,0.00600000000000023,"C++",TRUE
3842,"A",3000,0,562,110.483,2,TRUE,142.298666666667,1,3000,0,0,1,41177,142.298666666667,95194,0.00600000000000023,"C++",TRUE
3843,"A",3000,0,563,138.928,2,TRUE,183.192333333333,1,3000,0,0,2,87633,183.192333333333,118754,0.0069999999999979,"C++",TRUE
3844,"A",3000,0,564,157.975,1,TRUE,179.317,3,0,0,3000,2,71850,179.317,110896,0.00600000000000023,"C++",TRUE
3845,"A",3000,0,565,104.323666666667,3,TRUE,132.459,2,0,3000,0,1,23972,132.459,89492,0.00500000000000256,"C++",TRUE
3846,"A",3000,0,566,128.584666666667,2,TRUE,144.588666666667,1,3000,0,0,1,36528,144.588666666667,107647,0.0069999999999979,"C++",TRUE
3847,"A",3000,0,567,134.815333333333,2,TRUE,181.161666666667,1,3000,0,0,2,83823,181.161666666667,108612,0.00999999999999801,"C++",TRUE
3848,"A",3000,0,568,111.204,2,TRUE,151.060333333333,1,3000,0,0,1,54302,151.060333333333,99253,0.0069999999999979,"C++",TRUE
3849,"A",3000,0,569,131.366666666667,2,TRUE,174.873333333333,1,3000,0,0,2,97824,174.873333333333,107558,0.00800000000000267,"C++",TRUE
3850,"A",3000,0,570,122.974,2,TRUE,161.200333333333,1,3000,0,0,2,89632,161.200333333333,100194,0.00600000000000023,"C++",TRUE
3851,"A",3000,0,571,107.876666666667,2,TRUE,130.361666666667,1,3000,0,0,1,45866,130.361666666667,92506,0.00800000000000267,"C++",TRUE
3852,"A",3000,0,572,125.005666666667,2,TRUE,174.436,1,3000,0,0,2,130360,174.436,88691,0.0069999999999979,"C++",TRUE
3853,"A",3000,0,573,127.095666666667,3,TRUE,159.708333333333,2,0,3000,0,1,25094,159.708333333333,105275,0.0110000000000028,"C++",TRUE
3854,"A",3000,0,574,122.705666666667,3,TRUE,143.722333333333,2,0,3000,0,1,20486,143.722333333333,104098,0.00900000000000034,"C++",TRUE
3855,"A",3000,0,575,125.985,2,TRUE,154.322333333333,1,3000,0,0,1,48426,154.322333333333,114097,0.0069999999999979,"C++",TRUE
3856,"A",3000,0,576,126.412333333333,2,TRUE,157.768333333333,1,3000,0,0,1,67027,157.768333333333,106198,0.00600000000000023,"C++",TRUE
3857,"A",3000,0,577,112.843333333333,2,TRUE,140.823666666667,1,3000,0,0,1,42808,140.823666666667,101349,0.00600000000000023,"C++",TRUE
3858,"A",3000,0,578,99.1463333333333,2,TRUE,122.631,1,3000,0,0,1,37920,122.631,81649,0.00499999999999545,"C++",TRUE
3859,"A",3000,0,579,163.953,2,TRUE,207.423,1,3000,0,0,2,117684,207.423,123830,0.007000000000005,"C++",TRUE
3860,"A",3000,0,580,224.497666666667,2,TRUE,271.796666666667,1,3000,0,0,2,86665,271.796666666667,189222,0.0159999999999982,"C++",TRUE
3861,"A",3000,0,581,131.408333333333,2,TRUE,167.806333333333,1,3000,0,0,1,64737,167.806333333333,114639,0.0069999999999979,"C++",TRUE
3862,"A",3000,0,582,143.998,3,TRUE,171.153666666667,2,0,3000,0,1,26347,171.153666666667,117390,0.007000000000005,"C++",TRUE
3863,"A",3000,0,583,102.975333333333,2,TRUE,152.111666666667,1,3000,0,0,1,110732,152.111666666667,83527,0.00499999999999545,"C++",TRUE
3864,"A",3000,0,584,120.467,3,TRUE,152.301666666667,2,0,3000,0,1,35246,152.301666666667,97085,0.00500000000000256,"C++",TRUE
3865,"A",3000,0,585,143.483666666667,2,TRUE,176.465333333333,1,3000,0,0,2,62764,176.465333333333,120019,0.0069999999999979,"C++",TRUE
3866,"A",3000,0,586,109.220666666667,3,TRUE,169.060333333333,2,0,3000,0,1,32711,169.060333333333,87406,0.00500000000000256,"C++",TRUE
3867,"A",3000,0,587,164.760333333333,2,TRUE,204.902666666667,1,3000,0,0,2,90759,204.902666666667,135119,0.00799999999999557,"C++",TRUE
3868,"A",3000,0,588,144.456,3,TRUE,155.485666666667,2,0,3000,0,2,31629,155.485666666667,101006,0.007000000000005,"C++",TRUE
3869,"A",3000,0,589,153.354333333333,2,TRUE,186.302333333333,1,3000,0,0,2,84349,186.302333333333,125799,0.00799999999999557,"C++",TRUE
3870,"A",3000,0,590,170.313666666667,2,TRUE,205.332333333333,1,3000,0,0,2,98767,205.332333333333,133044,0.00800000000000267,"C++",TRUE
3871,"A",3000,0,591,168.860666666667,2,TRUE,212.553,1,3000,0,0,2,120213,212.553,124121,0.0069999999999979,"C++",TRUE
3872,"A",3000,0,592,151.371333333333,2,TRUE,178.988,1,3000,0,0,2,41121,178.988,130017,0.00800000000000267,"C++",TRUE
3873,"A",3000,0,593,89.1583333333333,2,TRUE,113.992,1,3000,0,0,1,40672,113.992,77556,0.00399999999999778,"C++",TRUE
3874,"A",3000,0,594,117.628666666667,2,TRUE,152.241333333333,1,3000,0,0,2,86628,152.241333333333,95247,0.00600000000000023,"C++",TRUE
3875,"A",3000,0,595,133.687666666667,2,TRUE,193.703666666667,1,3000,0,0,1,128194,193.703666666667,106185,0.00600000000000023,"C++",TRUE
3876,"A",3000,0,596,115.879666666667,3,TRUE,148.297333333333,2,0,3000,0,1,34130,148.297333333333,85761,0.00500000000000256,"C++",TRUE
3877,"A",3000,0,597,114.478666666667,3,TRUE,142.284,2,0,3000,0,1,35998,142.284,89122,0.00499999999999545,"C++",TRUE
3878,"A",3000,0,598,95.0616666666667,2,TRUE,125.467333333333,1,3000,0,0,1,49603,125.467333333333,84427,0.00500000000000256,"C++",TRUE
3879,"A",3000,0,599,93.923,2,TRUE,136.173666666667,1,3000,0,0,1,71437,136.173666666667,80066,0.00500000000000256,"C++",TRUE
3880,"A",3000,0,600,127.549666666667,2,TRUE,166.082,1,3000,0,0,2,77055,166.082,107158,0.00600000000000023,"C++",TRUE
3881,"A",3000,0,601,101.055666666667,2,TRUE,132.286333333333,1,3000,0,0,2,80879,132.286333333333,82806,0.00399999999999778,"C++",TRUE
3882,"A",3000,0,602,131.232666666667,2,TRUE,173.251333333333,1,3000,0,0,1,103771,173.251333333333,108640,0.0069999999999979,"C++",TRUE
3883,"A",3000,0,603,126.825666666667,2,TRUE,160.366,1,3000,0,0,1,49960,160.366,104883,0.00600000000000023,"C++",TRUE
3884,"A",3000,0,604,138.440666666667,2,TRUE,186.991333333333,1,3000,0,0,2,124285,186.991333333333,104629,0.00600000000000023,"C++",TRUE
3885,"A",3000,0,605,157.480333333333,2,TRUE,185.483666666667,1,3000,0,0,2,72827,185.483666666667,130369,0.00800000000000267,"C++",TRUE
3886,"A",3000,0,606,109.365333333333,2,TRUE,150.394333333333,1,3000,0,0,1,89395,150.394333333333,90521,0.00499999999999545,"C++",TRUE
3887,"A",3000,0,607,151.788333333333,2,TRUE,205.395,1,3000,0,0,2,105772,205.395,126679,0.007000000000005,"C++",TRUE
3888,"A",3000,0,608,188.958666666667,2,TRUE,207.454666666667,1,3000,0,0,2,73626,207.454666666667,148849,0.00900000000000034,"C++",TRUE
3889,"A",3000,0,609,100.494,2,TRUE,123.198666666667,1,3000,0,0,1,34371,123.198666666667,84452,0.00499999999999545,"C++",TRUE
3890,"A",3000,0,610,146.889666666667,2,TRUE,172.972,1,3000,0,0,2,78677,172.972,115488,0.007000000000005,"C++",TRUE
3891,"A",3000,0,611,136.706,2,TRUE,188.411333333333,1,3000,0,0,2,122758,188.411333333333,107502,0.00600000000000023,"C++",TRUE
3892,"A",3000,0,612,123.273,2,TRUE,155.846666666667,1,3000,0,0,2,58674,155.846666666667,106860,0.00600000000000023,"C++",TRUE
3893,"A",3000,0,613,132.308666666667,3,TRUE,172.137,2,0,3000,0,1,38967,172.137,99027,0.00600000000000023,"C++",TRUE
3894,"A",3000,0,614,105.938666666667,2,TRUE,156.611666666667,1,3000,0,0,2,127314,156.611666666667,83162,0.00399999999999778,"C++",TRUE
3895,"A",3000,0,615,110.458,1,TRUE,128.113,3,0,0,3000,1,41988,128.113,83518,0.00500000000000256,"C++",TRUE
3896,"A",3000,0,616,137.171333333333,2,TRUE,173.142,1,3000,0,0,2,83026,173.142,108828,0.00599999999999312,"C++",TRUE
3897,"A",3000,0,617,183.455,2,TRUE,222.130666666667,1,3000,0,0,2,105736,222.130666666667,144541,0.00799999999999557,"C++",TRUE
3898,"A",3000,0,618,112.149666666667,2,TRUE,157.016666666667,1,3000,0,0,1,95100,157.016666666667,90552,0.00500000000000256,"C++",TRUE
3899,"A",3000,0,619,99.787,2,TRUE,123.328666666667,1,3000,0,0,1,43254,123.328666666667,83940,0.00500000000000256,"C++",TRUE
3900,"A",3000,0,620,107.486,2,TRUE,135.893333333333,1,3000,0,0,1,47796,135.893333333333,91578,0.00499999999999545,"C++",TRUE
3901,"A",3000,0,621,112.306666666667,2,TRUE,150.736333333333,1,3000,0,0,2,106113,150.736333333333,87795,0.00500000000000256,"C++",TRUE
3902,"A",3000,0,622,116.920333333333,2,TRUE,137.895333333333,1,3000,0,0,1,37716,137.895333333333,100294,0.0069999999999979,"C++",TRUE
3903,"A",3000,0,623,202.156,2,TRUE,249.209333333333,1,3000,0,0,2,120984,249.209333333333,166129,0.0120000000000005,"C++",TRUE
3904,"A",3000,0,624,186.180333333333,2,TRUE,219.801666666667,1,3000,0,0,1,51152,219.801666666667,167883,0.0110000000000028,"C++",TRUE
3905,"A",3000,0,625,94.0036666666667,3,TRUE,125.643,2,0,3000,0,1,25735,125.643,71813,0.00600000000000023,"C++",TRUE
3906,"A",3000,0,626,113.109,3,TRUE,134.157333333333,2,0,3000,0,1,28332,134.157333333333,90804,0.00600000000000023,"C++",TRUE
3907,"A",3000,0,627,104.605,2,TRUE,129.524333333333,1,3000,0,0,1,37272,129.524333333333,90834,0.00600000000000023,"C++",TRUE
3908,"A",3000,0,628,142.581666666667,2,TRUE,182.665,1,3000,0,0,1,62645,182.665,122886,0.0069999999999979,"C++",TRUE
3909,"A",3000,0,629,156.560333333333,2,TRUE,186.534333333333,1,3000,0,0,2,63026,186.534333333333,132249,0.00800000000000267,"C++",TRUE
3910,"A",3000,0,630,174.297666666667,2,TRUE,219.124,1,3000,0,0,2,108166,219.124,133224,0.00799999999999557,"C++",TRUE
3911,"A",3000,0,631,152.594666666667,3,TRUE,173.370666666667,2,0,3000,0,1,28887,173.370666666667,118036,0.007000000000005,"C++",TRUE
3912,"A",3000,0,632,96.4063333333333,2,TRUE,125.307666666667,1,3000,0,0,1,43792,125.307666666667,81714,0.00399999999999778,"C++",TRUE
3913,"A",3000,0,633,104.138,2,TRUE,145.135333333333,1,3000,0,0,1,89130,145.135333333333,85304,0.00500000000000256,"C++",TRUE
3914,"A",3000,0,634,147.487,1,TRUE,165.444,3,0,0,3000,2,51392,165.444,108534,0.00599999999999312,"C++",TRUE
3915,"A",3000,0,635,123.973,2,TRUE,165.291666666667,1,3000,0,0,2,87153,165.291666666667,102790,0.00600000000000023,"C++",TRUE
3916,"A",3000,0,636,153.991,3,TRUE,180.907,2,0,3000,0,1,34897,180.907,122895,0.00800000000000267,"C++",TRUE
3917,"A",3000,0,637,217.017666666667,2,TRUE,268.267333333333,1,3000,0,0,2,118217,268.267333333333,180979,0.00999999999999801,"C++",TRUE
3918,"A",3000,0,638,88.7926666666667,2,TRUE,113.220333333333,1,3000,0,0,1,34704,113.220333333333,77292,0.00500000000000256,"C++",TRUE
3919,"A",3000,0,639,186.475333333333,2,TRUE,230.388,1,3000,0,0,2,112173,230.388,146807,0.00800000000000267,"C++",TRUE
3920,"A",3000,0,640,121.763666666667,2,TRUE,147.721,1,3000,0,0,1,46407,147.721,107369,0.0069999999999979,"C++",TRUE
3921,"A",3000,0,641,96.4656666666667,3,TRUE,119.010333333333,2,0,3000,0,1,29918,119.010333333333,73661,0.00399999999999778,"C++",TRUE
3922,"A",3000,0,642,199.203,1,TRUE,221.225666666667,3,0,0,3000,2,65196,221.225666666667,149978,0.00900000000000034,"C++",TRUE
3923,"A",3000,0,643,123.247333333333,2,TRUE,159.409,1,3000,0,0,1,47981,159.409,108170,0.00600000000000023,"C++",TRUE
3924,"A",3000,0,644,160.343666666667,2,TRUE,231.077,1,3000,0,0,2,176025,231.077,126477,0.00800000000000267,"C++",TRUE
3925,"A",3000,0,645,133.926,2,TRUE,171.02,1,3000,0,0,2,82953,171.02,113778,0.00600000000000023,"C++",TRUE
3926,"A",3000,0,646,129.714333333333,3,TRUE,164.604,2,0,3000,0,1,28211,164.604,111260,0.0069999999999979,"C++",TRUE
3927,"A",3000,0,647,111.959,2,TRUE,144.417,1,3000,0,0,1,41844,144.417,98197,0.00600000000000023,"C++",TRUE
3928,"A",3000,0,648,114.121,2,TRUE,144.299,1,3000,0,0,2,54692,144.299,95781,0.00500000000000256,"C++",TRUE
3929,"A",3000,0,649,153.145333333333,3,TRUE,188.848333333333,2,0,3000,0,1,30691,188.848333333333,121570,0.0069999999999979,"C++",TRUE
3930,"A",3000,0,650,156.839,2,TRUE,184.225,1,3000,0,0,1,31285,184.225,143560,0.00900000000000034,"C++",TRUE
3931,"A",3000,0,651,180.694333333333,3,TRUE,216.197666666667,2,0,3000,0,2,44354,216.197666666667,142403,0.00900000000000034,"C++",TRUE
3932,"A",3000,0,652,119.824,2,TRUE,157.669333333333,1,3000,0,0,2,85230,157.669333333333,96130,0.00499999999999545,"C++",TRUE
3933,"A",3000,0,653,134.462333333333,2,TRUE,161.368,1,3000,0,0,2,75766,161.368,108223,0.00600000000000023,"C++",TRUE
3934,"A",3000,0,654,133.904333333333,2,TRUE,154.739,1,3000,0,0,1,42027,154.739,117851,0.00800000000000267,"C++",TRUE
3935,"A",3000,0,655,141.839,2,TRUE,199.144333333333,1,3000,0,0,2,138447,199.144333333333,112064,0.00600000000000023,"C++",TRUE
3936,"A",3000,0,656,104.836666666667,2,TRUE,119.435,1,3000,0,0,1,36790,119.435,87704,0.00500000000000256,"C++",TRUE
3937,"A",3000,0,657,108.757,3,TRUE,145.128333333333,2,0,3000,0,1,28512,145.128333333333,91635,0.00600000000000023,"C++",TRUE
3938,"A",3000,0,658,116.305666666667,2,TRUE,162.51,1,3000,0,0,2,102238,162.51,90637,0.00499999999999545,"C++",TRUE
3939,"A",3000,0,659,138.332666666667,2,TRUE,175.770333333333,1,3000,0,0,2,70472,175.770333333333,115630,0.00600000000000023,"C++",TRUE
3940,"A",3000,0,660,196.776666666667,2,TRUE,265.115333333333,1,3000,0,0,2,165614,265.115333333333,161918,0.0100000000000051,"C++",TRUE
3941,"A",3000,0,661,129.180666666667,2,TRUE,157.178,1,3000,0,0,1,55843,157.178,105439,0.00600000000000023,"C++",TRUE
3942,"A",3000,0,662,158.589666666667,2,TRUE,203.375333333333,1,3000,0,0,2,131103,203.375333333333,117188,0.0069999999999979,"C++",TRUE
3943,"A",3000,0,663,157.354333333333,2,TRUE,219.226666666667,1,3000,0,0,2,152675,219.226666666667,121803,0.0069999999999979,"C++",TRUE
3944,"A",3000,0,664,156.686333333333,2,TRUE,180.343333333333,1,3000,0,0,2,54227,180.343333333333,134317,0.00800000000000267,"C++",TRUE
3945,"A",3000,0,665,149.592666666667,2,TRUE,196.426,1,3000,0,0,2,130248,196.426,118735,0.0069999999999979,"C++",TRUE
3946,"A",3000,0,666,154.54,2,TRUE,189.322,1,3000,0,0,2,88215,189.322,122230,0.0069999999999979,"C++",TRUE
3947,"A",3000,0,667,141.092666666667,2,TRUE,162.416,1,3000,0,0,1,40458,162.416,121627,0.007000000000005,"C++",TRUE
3948,"A",3000,0,668,123.790333333333,2,TRUE,185.467666666667,1,3000,0,0,1,121886,185.467666666667,101096,0.00600000000000023,"C++",TRUE
3949,"A",3000,0,669,131.988333333333,2,TRUE,197.818,1,3000,0,0,2,166017,197.818,99757,0.00499999999999545,"C++",TRUE
3950,"A",3000,0,670,152.414,2,TRUE,197.258,1,3000,0,0,2,120823,197.258,126906,0.00800000000000267,"C++",TRUE
3951,"A",3000,0,671,146.670333333333,2,TRUE,181.908666666667,1,3000,0,0,2,65819,181.908666666667,126093,0.0069999999999979,"C++",TRUE
3952,"A",3000,0,672,141.178333333333,2,TRUE,174.508,1,3000,0,0,2,55723,174.508,124651,0.00800000000000267,"C++",TRUE
3953,"A",3000,0,673,130.34,2,TRUE,155.092666666667,1,3000,0,0,1,45253,155.092666666667,113184,0.00600000000000023,"C++",TRUE
3954,"A",3000,0,674,140.097666666667,2,TRUE,172.035333333333,1,3000,0,0,2,85880,172.035333333333,110623,0.0069999999999979,"C++",TRUE
3955,"A",3000,0,675,111.214333333333,2,TRUE,134.469333333333,1,3000,0,0,1,51294,134.469333333333,94157,0.00500000000000256,"C++",TRUE
3956,"A",3000,0,676,114.674,3,TRUE,143.699,2,0,3000,0,1,29806,143.699,93252,0.00600000000000023,"C++",TRUE
3957,"A",3000,0,677,115.448666666667,2,TRUE,174.609,1,3000,0,0,2,132927,174.609,93536,0.00499999999999545,"C++",TRUE
3958,"A",3000,0,678,96.7986666666667,2,TRUE,126.336,1,3000,0,0,1,54753,126.336,78582,0.00500000000000256,"C++",TRUE
3959,"A",3000,0,679,87.1763333333333,2,TRUE,114.027666666667,1,3000,0,0,1,37294,114.027666666667,75368,0.00399999999999778,"C++",TRUE
3960,"A",3000,0,680,172.491,2,TRUE,197.658666666667,1,3000,0,0,1,33440,197.658666666667,153604,0.0100000000000051,"C++",TRUE
3961,"A",3000,0,681,140.220333333333,2,TRUE,181.186666666667,1,3000,0,0,2,77847,181.186666666667,112757,0.00599999999999312,"C++",TRUE
3962,"A",3000,0,682,161.408,2,TRUE,205.769,1,3000,0,0,2,98996,205.769,136096,0.00800000000000267,"C++",TRUE
3963,"A",3000,0,683,133.923666666667,1,TRUE,146.721666666667,3,0,0,3000,2,53775,146.721666666667,101230,0.00600000000000023,"C++",TRUE
3964,"A",3000,0,684,153.939666666667,2,TRUE,210.947,1,3000,0,0,2,121687,210.947,119546,0.0069999999999979,"C++",TRUE
3965,"A",3000,0,685,121.751666666667,2,TRUE,163.590666666667,1,3000,0,0,1,91359,163.590666666667,101539,0.00500000000000256,"C++",TRUE
3966,"A",3000,0,686,191.626666666667,3,TRUE,244.253666666667,2,0,3000,0,1,35649,244.253666666667,163207,0.00999999999999801,"C++",TRUE
3967,"A",3000,0,687,173.644666666667,2,TRUE,219.421666666667,1,3000,0,0,2,115482,219.421666666667,140152,0.00800000000000267,"C++",TRUE
3968,"A",3000,0,688,102.741,2,TRUE,127.236,1,3000,0,0,1,46758,127.236,87276,0.00500000000000256,"C++",TRUE
3969,"A",3000,0,689,91.5276666666667,3,TRUE,133.736333333333,2,0,3000,0,1,26314,133.736333333333,75653,0.00499999999999545,"C++",TRUE
3970,"A",3000,0,690,120.711666666667,2,TRUE,137.126,1,3000,0,0,1,26663,137.126,102980,0.00600000000000023,"C++",TRUE
3971,"A",3000,0,691,200.084333333333,2,TRUE,253.559,1,3000,0,0,2,149484,253.559,149152,0.00900000000000034,"C++",TRUE
3972,"A",3000,0,692,145.188333333333,2,TRUE,172.984,1,3000,0,0,2,76328,172.984,119488,0.0069999999999979,"C++",TRUE
3973,"A",3000,0,693,148.453666666667,2,TRUE,179.6,1,3000,0,0,2,67102,179.6,122129,0.007000000000005,"C++",TRUE
3974,"A",3000,0,694,138.885666666667,2,TRUE,169.787,1,3000,0,0,2,69156,169.787,114875,0.00600000000000023,"C++",TRUE
3975,"A",3000,0,695,157.273,2,TRUE,183.670666666667,1,3000,0,0,2,55006,183.670666666667,132530,0.00799999999999557,"C++",TRUE
3976,"A",3000,0,696,214.204,2,TRUE,282.437333333333,1,3000,0,0,3,201315,282.437333333333,164771,0.00900000000000034,"C++",TRUE
3977,"A",3000,0,697,133.829333333333,2,TRUE,161.386666666667,1,3000,0,0,1,51989,161.386666666667,118402,0.007000000000005,"C++",TRUE
3978,"A",3000,0,698,123.722,2,TRUE,163.318333333333,1,3000,0,0,2,99372,163.318333333333,92977,0.00600000000000023,"C++",TRUE
3979,"A",3000,0,699,97.0423333333333,2,TRUE,121.280666666667,1,3000,0,0,1,47207,121.280666666667,80772,0.00399999999999778,"C++",TRUE
3980,"A",3000,0,700,152.250666666667,2,TRUE,221.459333333333,1,3000,0,0,2,175636,221.459333333333,112203,0.0069999999999979,"C++",TRUE
3981,"A",3000,0,701,110.925,2,TRUE,152.733666666667,1,3000,0,0,1,76128,152.733666666667,95522,0.00500000000000256,"C++",TRUE
3982,"A",3000,0,702,121.381333333333,3,TRUE,143.047666666667,2,0,3000,0,1,30635,143.047666666667,93746,0.00600000000000023,"C++",TRUE
3983,"A",3000,0,703,223.153,2,TRUE,290.372,1,3000,0,0,2,143181,290.372,186175,0.0109999999999957,"C++",TRUE
3984,"A",3000,0,704,201.733,2,TRUE,239.934666666667,1,3000,0,0,2,95083,239.934666666667,163313,0.00900000000000034,"C++",TRUE
3985,"A",3000,0,705,94.504,2,TRUE,121.576666666667,1,3000,0,0,1,42013,121.576666666667,78506,0.00500000000000256,"C++",TRUE
3986,"A",3000,0,706,127.436,2,TRUE,165.523,1,3000,0,0,1,78974,165.523,103143,0.00600000000000023,"C++",TRUE
3987,"A",3000,0,707,162.815666666667,2,TRUE,194.958666666667,1,3000,0,0,1,47749,194.958666666667,146784,0.00900000000000034,"C++",TRUE
3988,"A",3000,0,708,123.216,3,TRUE,163.419,2,0,3000,0,1,38014,163.419,95401,0.00499999999999545,"C++",TRUE
3989,"A",3000,0,709,162.503333333333,3,TRUE,205.368,2,0,3000,0,1,32622,205.368,133845,0.00800000000000267,"C++",TRUE
3990,"A",3000,0,710,149.348,2,TRUE,192.528333333333,1,3000,0,0,2,91266,192.528333333333,121815,0.0069999999999979,"C++",TRUE
3991,"A",3000,0,711,166.116,2,TRUE,194.734666666667,1,3000,0,0,2,51573,194.734666666667,140741,0.00900000000000034,"C++",TRUE
3992,"A",3000,0,712,135.785333333333,2,TRUE,175.479666666667,1,3000,0,0,2,82768,175.479666666667,115436,0.00600000000000023,"C++",TRUE
3993,"A",3000,0,713,170.191,2,TRUE,207.742,1,3000,0,0,1,58392,207.742,152274,0.0100000000000051,"C++",TRUE
3994,"A",3000,0,714,133.541333333333,3,TRUE,160.314666666667,2,0,3000,0,1,30971,160.314666666667,106297,0.00600000000000023,"C++",TRUE
3995,"A",3000,0,715,135.696333333333,3,TRUE,165.838333333333,2,0,3000,0,1,34267,165.838333333333,108859,0.00600000000000023,"C++",TRUE
3996,"A",3000,0,716,133.463,2,TRUE,161.552666666667,1,3000,0,0,2,74201,161.552666666667,108446,0.0069999999999979,"C++",TRUE
3997,"A",3000,0,717,137.848666666667,2,TRUE,177.759666666667,1,3000,0,0,1,63456,177.759666666667,117237,0.00600000000000023,"C++",TRUE
3998,"A",3000,0,718,118.216,2,TRUE,182.642,1,3000,0,0,2,152589,182.642,93982,0.00600000000000023,"C++",TRUE
3999,"A",3000,0,719,130.816333333333,2,TRUE,155.977333333333,1,3000,0,0,2,49220,155.977333333333,110175,0.00600000000000023,"C++",TRUE
4000,"A",3000,0,720,109.862,2,TRUE,145.815,1,3000,0,0,2,74580,145.815,89429,0.00499999999999545,"C++",TRUE
4001,"A",3000,0,721,141.260333333333,2,TRUE,176.008666666667,1,3000,0,0,2,76568,176.008666666667,114935,0.007000000000005,"C++",TRUE
4002,"A",3000,0,722,184.363666666667,1,TRUE,197.219,3,0,0,3000,2,77558,197.219,125706,0.0069999999999979,"C++",TRUE
4003,"A",3000,0,723,122.144333333333,2,TRUE,162.999666666667,1,3000,0,0,1,99027,162.999666666667,101455,0.00600000000000023,"C++",TRUE
4004,"A",3000,0,724,135.467,3,TRUE,168.288333333333,2,0,3000,0,1,35716,168.288333333333,106567,0.00600000000000023,"C++",TRUE
4005,"A",3000,0,725,120.603,2,TRUE,165.451666666667,1,3000,0,0,2,114506,165.451666666667,91951,0.00500000000000256,"C++",TRUE
4006,"A",3000,0,726,100.453666666667,2,TRUE,130.402,1,3000,0,0,1,35269,130.402,88976,0.00499999999999545,"C++",TRUE
4007,"A",3000,0,727,111.816666666667,2,TRUE,154.86,1,3000,0,0,1,87988,154.86,86680,0.00500000000000256,"C++",TRUE
4008,"A",3000,0,728,125.968,2,TRUE,164.875666666667,1,3000,0,0,1,75094,164.875666666667,109357,0.0069999999999979,"C++",TRUE
4009,"A",3000,0,729,132.68,2,TRUE,161.419,1,3000,0,0,2,61627,161.419,109522,0.00600000000000023,"C++",TRUE
4010,"A",3000,0,730,141.617666666667,2,TRUE,181.245,1,3000,0,0,2,95833,181.245,111201,0.00600000000000023,"C++",TRUE
4011,"A",3000,0,731,193.324,2,TRUE,242.485333333333,1,3000,0,0,2,134738,242.485333333333,157664,0.00900000000000034,"C++",TRUE
4012,"A",3000,0,732,169.773333333333,1,TRUE,172.539,3,0,0,3000,2,54546,172.539,121628,0.0069999999999979,"C++",TRUE
4013,"A",3000,0,733,127.908333333333,2,TRUE,170.818,1,3000,0,0,2,96093,170.818,99136,0.00500000000000256,"C++",TRUE
4014,"A",3000,0,734,201.564666666667,3,TRUE,217.716,2,0,3000,0,1,18839,217.716,163491,0.00999999999999801,"C++",TRUE
4015,"A",3000,0,735,121.655333333333,2,TRUE,143.965,1,3000,0,0,1,35151,143.965,103678,0.00600000000000023,"C++",TRUE
4016,"A",3000,0,736,214.212,3,TRUE,249.937666666667,2,0,3000,0,1,37925,249.937666666667,175809,0.0110000000000028,"C++",TRUE
4017,"A",3000,0,737,96.5246666666667,2,TRUE,129.500333333333,1,3000,0,0,1,52256,129.500333333333,84861,0.00399999999999778,"C++",TRUE
4018,"A",3000,0,738,159.029333333333,2,TRUE,195.652,1,3000,0,0,1,60086,195.652,138248,0.00900000000000034,"C++",TRUE
4019,"A",3000,0,739,154.657,2,TRUE,211.66,1,3000,0,0,2,134389,211.66,125106,0.0069999999999979,"C++",TRUE
4020,"A",3000,0,740,87.9133333333333,2,TRUE,122.742,1,3000,0,0,1,52201,122.742,75502,0.00400000000000489,"C++",TRUE
4021,"A",3000,0,741,91.9706666666667,2,TRUE,129.898,1,3000,0,0,1,60968,129.898,76864,0.00499999999999545,"C++",TRUE
4022,"A",3000,0,742,153.437666666667,2,TRUE,176.074333333333,1,3000,0,0,2,56047,176.074333333333,124108,0.007000000000005,"C++",TRUE
4023,"A",3000,0,743,184.481333333333,2,TRUE,215.447333333333,1,3000,0,0,2,73614,215.447333333333,158793,0.00999999999999801,"C++",TRUE
4024,"A",3000,0,744,165.121333333333,2,TRUE,207.653,1,3000,0,0,1,101121,207.653,139133,0.00800000000000267,"C++",TRUE
4025,"A",3000,0,745,101.890333333333,2,TRUE,132.803333333333,1,3000,0,0,1,46126,132.803333333333,84112,0.00399999999999778,"C++",TRUE
4026,"A",3000,0,746,86.762,2,TRUE,123.894333333333,1,3000,0,0,1,59018,123.894333333333,77634,0.00499999999999545,"C++",TRUE
4027,"A",3000,0,747,140.374333333333,1,TRUE,153.509,3,0,0,3000,2,61606,153.509,95767,0.00500000000000256,"C++",TRUE
4028,"A",3000,0,748,183.250666666667,2,TRUE,230.152333333333,1,3000,0,0,2,91498,230.152333333333,155051,0.00900000000000034,"C++",TRUE
4029,"A",3000,0,749,87.4156666666667,2,TRUE,110.132333333333,1,3000,0,0,1,33616,110.132333333333,73385,0.00500000000000256,"C++",TRUE
4030,"A",3000,0,750,134.735,2,TRUE,173.243,1,3000,0,0,2,65653,173.243,115667,0.00600000000000023,"C++",TRUE
4031,"A",3000,0,751,158.222666666667,3,TRUE,178.695,2,0,3000,0,1,34825,178.695,120533,0.0069999999999979,"C++",TRUE
4032,"A",3000,0,752,125.664,3,TRUE,150.477,2,0,3000,0,1,31569,150.477,87032,0.00500000000000256,"C++",TRUE
4033,"A",3000,0,753,121.861,1,TRUE,138.510666666667,3,0,0,3000,2,53850,138.510666666667,88108,0.00499999999999545,"C++",TRUE
4034,"A",3000,0,754,135.440666666667,2,TRUE,189.378,1,3000,0,0,2,136504,189.378,100634,0.00500000000000256,"C++",TRUE
4035,"A",3000,0,755,139.939666666667,2,TRUE,175.106333333333,1,3000,0,0,1,62038,175.106333333333,123254,0.00800000000000267,"C++",TRUE
4036,"A",3000,0,756,132.643,2,TRUE,178.475666666667,1,3000,0,0,1,79379,178.475666666667,113164,0.00599999999999312,"C++",TRUE
4037,"A",3000,0,757,138.791666666667,2,TRUE,178.913333333333,1,3000,0,0,2,96192,178.913333333333,114474,0.007000000000005,"C++",TRUE
4038,"A",3000,0,758,155.256666666667,3,TRUE,198.469333333333,2,0,3000,0,1,31423,198.469333333333,129919,0.0069999999999979,"C++",TRUE
4039,"A",3000,0,759,113.712,2,TRUE,151.984666666667,1,3000,0,0,2,77984,151.984666666667,96395,0.00600000000000023,"C++",TRUE
4040,"A",3000,0,760,145.596666666667,2,TRUE,215.475666666667,1,3000,0,0,2,152164,215.475666666667,115455,0.00600000000000023,"C++",TRUE
4041,"A",3000,0,761,148.307666666667,2,TRUE,173.931666666667,1,3000,0,0,1,50451,173.931666666667,126673,0.0069999999999979,"C++",TRUE
4042,"A",3000,0,762,98.9253333333333,2,TRUE,127.912333333333,1,3000,0,0,1,47619,127.912333333333,84759,0.00500000000000256,"C++",TRUE
4043,"A",3000,0,763,169.609666666667,3,TRUE,202.152666666667,2,0,3000,0,1,34288,202.152666666667,129873,0.00800000000000267,"C++",TRUE
4044,"A",3000,0,764,115.545,2,TRUE,146.786666666667,1,3000,0,0,1,42719,146.786666666667,101388,0.00499999999999545,"C++",TRUE
4045,"A",3000,0,765,98.55,2,TRUE,133.413666666667,1,3000,0,0,1,58855,133.413666666667,87725,0.00500000000000256,"C++",TRUE
4046,"A",3000,0,766,177.466,2,TRUE,208.891,1,3000,0,0,2,65901,208.891,150955,0.00900000000000034,"C++",TRUE
4047,"A",3000,0,767,141.347,2,TRUE,170.038666666667,1,3000,0,0,1,51385,170.038666666667,121370,0.00799999999999557,"C++",TRUE
4048,"A",3000,0,768,121.072,2,TRUE,157.453333333333,1,3000,0,0,2,66780,157.453333333333,99108,0.00500000000000256,"C++",TRUE
4049,"A",3000,0,769,143.216,2,TRUE,200.137333333333,1,3000,0,0,2,121971,200.137333333333,122614,0.0069999999999979,"C++",TRUE
4050,"A",3000,0,770,221.955666666667,2,TRUE,262.174666666667,1,3000,0,0,2,77513,262.174666666667,188757,0.0110000000000028,"C++",TRUE
4051,"A",3000,0,771,172.045333333333,2,TRUE,224.046,1,3000,0,0,2,134925,224.046,136055,0.00800000000000267,"C++",TRUE
4052,"A",3000,0,772,96.0226666666667,2,TRUE,126.061,1,3000,0,0,1,53045,126.061,82617,0.00499999999999545,"C++",TRUE
4053,"A",3000,0,773,130.223666666667,2,TRUE,175.267,1,3000,0,0,2,87301,175.267,107555,0.00600000000000023,"C++",TRUE
4054,"A",3000,0,774,129.383333333333,2,TRUE,186.66,1,3000,0,0,2,144091,186.66,98108,0.00500000000000256,"C++",TRUE
4055,"A",3000,0,775,163.093666666667,1,TRUE,185.988666666667,3,0,0,3000,2,52215,185.988666666667,117041,0.0069999999999979,"C++",TRUE
4056,"A",3000,0,776,110.188333333333,2,TRUE,143.715333333333,1,3000,0,0,2,58412,143.715333333333,94204,0.00500000000000256,"C++",TRUE
4057,"A",3000,0,777,116.415,3,TRUE,144.312666666667,2,0,3000,0,1,30857,144.312666666667,91837,0.00600000000000023,"C++",TRUE
4058,"A",3000,0,778,144.901333333333,2,TRUE,190.917666666667,1,3000,0,0,2,90361,190.917666666667,124479,0.0069999999999979,"C++",TRUE
4059,"A",3000,0,779,194.133666666667,2,TRUE,242.420333333333,1,3000,0,0,2,120981,242.420333333333,151661,0.0159999999999982,"C++",TRUE
4060,"A",3000,0,780,125.261,2,TRUE,148.674333333333,1,3000,0,0,1,38610,148.674333333333,111104,0.00800000000000267,"C++",TRUE
4061,"A",3000,0,781,160.436,2,TRUE,193.823666666667,1,3000,0,0,1,56271,193.823666666667,141163,0.00799999999999557,"C++",TRUE
4062,"A",3000,0,782,149.036,2,TRUE,187.600666666667,1,3000,0,0,2,106333,187.600666666667,115326,0.00900000000000034,"C++",TRUE
4063,"A",3000,0,783,140.274,2,TRUE,185.263666666667,1,3000,0,0,2,109699,185.263666666667,114547,0.00900000000000034,"C++",TRUE
4064,"A",3000,0,784,57.1346666666667,2,TRUE,87.661,1,3000,0,0,1,34486,87.661,50323,0.00300000000000011,"C++",TRUE
4065,"A",3000,0,785,104.637,3,TRUE,128.674666666667,2,0,3000,0,1,32856,128.674666666667,82678,0.00600000000000023,"C++",TRUE
4066,"A",3000,0,786,115.839666666667,2,TRUE,131.084666666667,1,3000,0,0,1,29651,131.084666666667,98554,0.00600000000000023,"C++",TRUE
4067,"A",3000,0,787,160.539,2,TRUE,196.397,1,3000,0,0,1,45605,196.397,144639,0.00900000000000034,"C++",TRUE
4068,"A",3000,0,788,131.699666666667,3,TRUE,155.582666666667,2,0,3000,0,1,31974,155.582666666667,108459,0.0069999999999979,"C++",TRUE
4069,"A",3000,0,789,128.863666666667,3,TRUE,154.685666666667,2,0,3000,0,1,32688,154.685666666667,101098,0.00600000000000023,"C++",TRUE
4070,"A",3000,0,790,186.065,1,TRUE,199.764,3,0,0,3000,2,62123,199.764,132210,0.0100000000000051,"C++",TRUE
4071,"A",3000,0,791,111.846,2,TRUE,137.493666666667,1,3000,0,0,1,42221,137.493666666667,97139,0.00900000000000034,"C++",TRUE
4072,"A",3000,0,792,156.015333333333,2,TRUE,211.214666666667,1,3000,0,0,2,133429,211.214666666667,127783,0.0069999999999979,"C++",TRUE
4073,"A",3000,0,793,146.355666666667,2,TRUE,190.595333333333,1,3000,0,0,2,110790,190.595333333333,119336,0.0110000000000028,"C++",TRUE
4074,"A",3000,0,794,127.449,2,TRUE,153.635666666667,1,3000,0,0,1,40259,153.635666666667,111912,0.0069999999999979,"C++",TRUE
4075,"A",3000,0,795,117.344333333333,2,TRUE,167.408,1,3000,0,0,2,109693,167.408,96842,0.00600000000000023,"C++",TRUE
4076,"A",3000,0,796,155.658666666667,3,TRUE,188.554333333333,2,0,3000,0,1,26542,188.554333333333,129356,0.00799999999999557,"C++",TRUE
4077,"A",3000,0,797,143.007666666667,2,TRUE,175.323666666667,1,3000,0,0,2,66383,175.323666666667,119694,0.007000000000005,"C++",TRUE
4078,"A",3000,0,798,109.025666666667,2,TRUE,150.462666666667,1,3000,0,0,1,65973,150.462666666667,94857,0.00499999999999545,"C++",TRUE
4079,"A",3000,0,799,127.795,2,TRUE,155.935,1,3000,0,0,1,32340,155.935,107891,0.0100000000000051,"C++",TRUE
4080,"A",3000,0,800,102.980333333333,2,TRUE,138.272,1,3000,0,0,1,51119,138.272,94093,0.0069999999999979,"C++",TRUE
4081,"A",3000,0,801,240.500333333333,3,TRUE,271.677,2,0,3000,0,2,58891,271.677,194759,0.0120000000000005,"C++",TRUE
4082,"A",3000,0,802,152.708666666667,2,TRUE,191.823666666667,1,3000,0,0,2,99819,191.823666666667,119942,0.0069999999999979,"C++",TRUE
4083,"A",3000,0,803,101.448,2,TRUE,119.453666666667,1,3000,0,0,1,40205,119.453666666667,84184,0.00500000000000256,"C++",TRUE
4084,"A",3000,0,804,117.715333333333,2,TRUE,172.442333333333,1,3000,0,0,2,74656,172.442333333333,100038,0.00499999999999545,"C++",TRUE
4085,"A",3000,0,805,168.623666666667,2,TRUE,212.280333333333,1,3000,0,0,2,119569,212.280333333333,131156,0.00800000000000267,"C++",TRUE
4086,"A",3000,0,806,190.025,2,TRUE,234.623333333333,1,3000,0,0,1,102710,234.623333333333,166466,0.0120000000000005,"C++",TRUE
4087,"A",3000,0,807,133.566,2,TRUE,161.026,1,3000,0,0,1,53969,161.026,113222,0.0069999999999979,"C++",TRUE
4088,"A",3000,0,808,183.013666666667,2,TRUE,232.288,1,3000,0,0,2,111485,232.288,141970,0.0100000000000051,"C++",TRUE
4089,"A",3000,0,809,174.439,2,TRUE,199.431666666667,1,3000,0,0,1,37063,199.431666666667,149153,0.00900000000000034,"C++",TRUE
4090,"A",3000,0,810,111.068666666667,2,TRUE,142.540333333333,1,3000,0,0,1,42832,142.540333333333,102079,0.00599999999999312,"C++",TRUE
4091,"A",3000,0,811,134.618333333333,2,TRUE,160.483666666667,1,3000,0,0,1,40522,160.483666666667,114785,0.007000000000005,"C++",TRUE
4092,"A",3000,0,812,145.03,3,TRUE,174.901333333333,2,0,3000,0,1,23663,174.901333333333,122483,0.00799999999999557,"C++",TRUE
4093,"A",3000,0,813,152.889,2,TRUE,185.922,1,3000,0,0,2,75343,185.922,129366,0.0110000000000028,"C++",TRUE
4094,"A",3000,0,814,180.551,1,TRUE,191.633666666667,3,0,0,3000,2,62891,191.633666666667,126969,0.00800000000000267,"C++",TRUE
4095,"A",3000,0,815,86.8263333333333,2,TRUE,109.809666666667,1,3000,0,0,1,42460,109.809666666667,71423,0.00499999999999545,"C++",TRUE
4096,"A",3000,0,816,221.951666666667,1,TRUE,229.566,3,0,0,3000,2,58029,229.566,172900,0.0140000000000029,"C++",TRUE
4097,"A",3000,0,817,192.313,2,TRUE,205.943333333333,1,3000,0,0,1,34173,205.943333333333,159494,0.00999999999999801,"C++",TRUE
4098,"A",3000,0,818,119.453333333333,2,TRUE,143.276,1,3000,0,0,1,33137,143.276,108306,0.00800000000000267,"C++",TRUE
4099,"A",3000,0,819,132.940333333333,3,TRUE,173.262666666667,2,0,3000,0,1,25984,173.262666666667,106101,0.00799999999999557,"C++",TRUE
4100,"A",3000,0,820,142.023333333333,3,TRUE,171.322666666667,2,0,3000,0,1,30511,171.322666666667,116134,0.007000000000005,"C++",TRUE
4101,"A",3000,0,821,123.446666666667,3,TRUE,143.473666666667,2,0,3000,0,0,6489,143.473666666667,104887,0.00600000000000023,"C++",TRUE
4102,"A",3000,0,822,84.4593333333333,2,TRUE,110.489666666667,1,3000,0,0,1,30312,110.489666666667,75580,0.00499999999999545,"C++",TRUE
4103,"A",3000,0,823,176.368333333333,2,TRUE,231.049,1,3000,0,0,2,142675,231.049,135138,0.00800000000000267,"C++",TRUE
4104,"A",3000,0,824,110.490666666667,2,TRUE,126.818666666667,1,3000,0,0,1,27398,126.818666666667,80124,0.00500000000000256,"C++",TRUE
4105,"A",3000,0,825,125.360666666667,3,TRUE,156.588,2,0,3000,0,1,37320,156.588,95101,0.00900000000000034,"C++",TRUE
4106,"A",3000,0,826,124.882666666667,2,TRUE,203.188333333333,1,3000,0,0,2,199824,203.188333333333,100469,0.00599999999999312,"C++",TRUE
4107,"A",3000,0,827,120.162666666667,2,TRUE,165.851666666667,1,3000,0,0,2,124919,165.851666666667,90628,0.00500000000000256,"C++",TRUE
4108,"A",3000,0,828,223.737,2,TRUE,265.628,1,3000,0,0,2,106420,265.628,189052,0.0120000000000005,"C++",TRUE
4109,"A",3000,0,829,91.051,2,TRUE,112.377,1,3000,0,0,1,28588,112.377,81077,0.00500000000000256,"C++",TRUE
4110,"A",3000,0,830,109.385333333333,2,TRUE,138.907333333333,1,3000,0,0,1,43420,138.907333333333,97318,0.0069999999999979,"C++",TRUE
4111,"A",3000,0,831,126.094,2,TRUE,182.958666666667,1,3000,0,0,1,103369,182.958666666667,101970,0.0069999999999979,"C++",TRUE
4112,"A",3000,0,832,153.076666666667,2,TRUE,192.388666666667,1,3000,0,0,1,80837,192.388666666667,133363,0.00900000000000034,"C++",TRUE
4113,"A",3000,0,833,124.298,2,TRUE,150.656,1,3000,0,0,1,31723,150.656,109976,0.00800000000000267,"C++",TRUE
4114,"A",3000,0,834,130.833333333333,2,TRUE,182.285333333333,1,3000,0,0,2,111874,182.285333333333,105035,0.00900000000000034,"C++",TRUE
4115,"A",3000,0,835,165.79,1,TRUE,185.468,3,0,0,3000,1,32828,185.468,136406,0.00999999999999801,"C++",TRUE
4116,"A",3000,0,836,151.919333333333,3,TRUE,182.926,2,0,3000,0,1,26286,182.926,129923,0.00800000000000267,"C++",TRUE
4117,"A",3000,0,837,139.095,3,TRUE,148.824666666667,2,0,3000,0,1,28133,148.824666666667,102117,0.00600000000000023,"C++",TRUE
4118,"A",3000,0,838,135.618666666667,3,TRUE,166.046333333333,2,0,3000,0,1,33626,166.046333333333,106948,0.00600000000000023,"C++",TRUE
4119,"A",3000,0,839,208.914,2,TRUE,254.106666666667,1,3000,0,0,2,136136,254.106666666667,161247,0.00999999999999801,"C++",TRUE
4120,"A",3000,0,840,177.706333333333,2,TRUE,211.913,1,3000,0,0,1,54786,211.913,157131,0.0120000000000005,"C++",TRUE
4121,"A",3000,0,841,221.807666666667,2,TRUE,259.356666666667,1,3000,0,0,2,89185,259.356666666667,184679,0.0139999999999958,"C++",TRUE
4122,"A",3000,0,842,106.617666666667,3,TRUE,133.933333333333,2,0,3000,0,1,20475,133.933333333333,85025,0.007000000000005,"C++",TRUE
4123,"A",3000,0,843,195.539333333333,2,TRUE,234.143,1,3000,0,0,2,110681,234.143,151537,0.00900000000000034,"C++",TRUE
4124,"A",3000,0,844,160.186,2,TRUE,202.353333333333,1,3000,0,0,2,118646,202.353333333333,125849,0.0109999999999957,"C++",TRUE
4125,"A",3000,0,845,113.115666666667,2,TRUE,138.031666666667,1,3000,0,0,1,38913,138.031666666667,99628,0.007000000000005,"C++",TRUE
4126,"A",3000,0,846,134.244333333333,2,TRUE,181.217666666667,1,3000,0,0,2,114982,181.217666666667,112227,0.00600000000000023,"C++",TRUE
4127,"A",3000,0,847,177.991666666667,2,TRUE,228.397,1,3000,0,0,2,110629,228.397,139590,0.00799999999999557,"C++",TRUE
4128,"A",3000,0,848,133.905333333333,1,TRUE,150.173333333333,3,0,0,3000,2,66344,150.173333333333,96100,0.00600000000000023,"C++",TRUE
4129,"A",3000,0,849,181.535,2,TRUE,236.641,1,3000,0,0,2,117847,236.641,145153,0.00900000000000034,"C++",TRUE
4130,"A",3000,0,850,159.760666666667,2,TRUE,205.774333333333,1,3000,0,0,2,99986,205.774333333333,124674,0.00999999999999801,"C++",TRUE
4131,"A",3000,0,851,115.099666666667,2,TRUE,139.042,1,3000,0,0,1,39917,139.042,101016,0.00900000000000034,"C++",TRUE
4132,"A",3000,0,852,118.628,3,TRUE,145.447333333333,2,0,3000,0,1,40143,145.447333333333,91812,0.00600000000000023,"C++",TRUE
4133,"A",3000,0,853,135.251666666667,2,TRUE,176.211666666667,1,3000,0,0,2,92156,176.211666666667,109124,0.00600000000000023,"C++",TRUE
4134,"A",3000,0,854,112.159666666667,2,TRUE,142.799333333333,1,3000,0,0,1,43692,142.799333333333,98379,0.00600000000000023,"C++",TRUE
4135,"A",3000,0,855,122.767333333333,3,TRUE,144.007666666667,2,0,3000,0,1,32589,144.007666666667,86622,0.00600000000000023,"C++",TRUE
4136,"A",3000,0,856,110.04,3,TRUE,134.807333333333,2,0,3000,0,1,23198,134.807333333333,89493,0.00600000000000023,"C++",TRUE
4137,"A",3000,0,857,125.325333333333,2,TRUE,168.688,1,3000,0,0,1,41827,168.688,109545,0.007000000000005,"C++",TRUE
4138,"A",3000,0,858,144.707333333333,3,TRUE,172.250666666667,2,0,3000,0,1,35146,172.250666666667,116006,0.00899999999999324,"C++",TRUE
4139,"A",3000,0,859,147.862666666667,2,TRUE,195.551666666667,1,3000,0,0,2,92376,195.551666666667,117859,0.007000000000005,"C++",TRUE
4140,"A",3000,0,860,160.027,2,TRUE,212.220666666667,1,3000,0,0,2,117738,212.220666666667,133615,0.00799999999999557,"C++",TRUE
4141,"A",3000,0,861,110.904333333333,2,TRUE,139.203333333333,1,3000,0,0,1,39033,139.203333333333,99681,0.00600000000000023,"C++",TRUE
4142,"A",3000,0,862,107.964,3,TRUE,147.247333333333,2,0,3000,0,1,34646,147.247333333333,82143,0.00500000000000256,"C++",TRUE
4143,"A",3000,0,863,131.362333333333,2,TRUE,161.933,1,3000,0,0,1,43999,161.933,116820,0.0069999999999979,"C++",TRUE
4144,"A",3000,0,864,217.581333333333,2,TRUE,260.973,1,3000,0,0,2,110691,260.973,170405,0.0100000000000051,"C++",TRUE
4145,"A",3000,0,865,159.803666666667,3,TRUE,199.715666666667,2,0,3000,0,1,44530,199.715666666667,124567,0.0069999999999979,"C++",TRUE
4146,"A",3000,0,866,126.136333333333,2,TRUE,161.587666666667,1,3000,0,0,2,74363,161.587666666667,104521,0.00600000000000023,"C++",TRUE
4147,"A",3000,0,867,102.272666666667,2,TRUE,119.552666666667,1,3000,0,0,1,28644,119.552666666667,85108,0.00499999999999545,"C++",TRUE
4148,"A",3000,0,868,109.429666666667,2,TRUE,127.186666666667,1,3000,0,0,1,35173,127.186666666667,92078,0.00500000000000256,"C++",TRUE
4149,"A",3000,0,869,125.987333333333,2,TRUE,154.722,1,3000,0,0,2,57648,154.722,100428,0.00600000000000023,"C++",TRUE
4150,"A",3000,0,870,173.223,2,TRUE,217.966,1,3000,0,0,1,87871,217.966,140116,0.00900000000000034,"C++",TRUE
4151,"A",3000,0,871,125.541,3,TRUE,148.589666666667,2,0,3000,0,1,28880,148.589666666667,91711,0.00500000000000256,"C++",TRUE
4152,"A",3000,0,872,120.217,2,TRUE,163.480666666667,1,3000,0,0,2,100817,163.480666666667,98222,0.00600000000000023,"C++",TRUE
4153,"A",3000,0,873,126.003666666667,3,TRUE,155.689,2,0,3000,0,1,30323,155.689,106458,0.00600000000000023,"C++",TRUE
4154,"A",3000,0,874,142.708333333333,2,TRUE,152.779333333333,1,3000,0,0,1,32071,152.779333333333,113412,0.0069999999999979,"C++",TRUE
4155,"A",3000,0,875,102.873333333333,2,TRUE,129.041666666667,1,3000,0,0,1,36866,129.041666666667,90829,0.00500000000000256,"C++",TRUE
4156,"A",3000,0,876,120.205,2,TRUE,163.529,1,3000,0,0,2,96782,163.529,97027,0.00600000000000023,"C++",TRUE
4157,"A",3000,0,877,88.5176666666667,3,TRUE,115.101666666667,2,0,3000,0,1,27901,115.101666666667,68804,0.00399999999999778,"C++",TRUE
4158,"A",3000,0,878,140.260666666667,3,TRUE,167.960666666667,2,0,3000,0,1,39840,167.960666666667,107543,0.00600000000000023,"C++",TRUE
4159,"A",3000,0,879,169.519,2,TRUE,216.208,1,3000,0,0,2,115153,216.208,146950,0.00900000000000034,"C++",TRUE
4160,"A",3000,0,880,136.200333333333,2,TRUE,160.131,1,3000,0,0,1,42919,160.131,113665,0.0069999999999979,"C++",TRUE
4161,"A",3000,0,881,143.715333333333,1,TRUE,153.209333333333,3,0,0,3000,2,57027,153.209333333333,97479,0.00500000000000256,"C++",TRUE
4162,"A",3000,0,882,102.011333333333,2,TRUE,136.637333333333,1,3000,0,0,1,47189,136.637333333333,91576,0.00600000000000023,"C++",TRUE
4163,"A",3000,0,883,139.533333333333,3,TRUE,166.887666666667,2,0,3000,0,1,51940,166.887666666667,101559,0.00499999999999545,"C++",TRUE
4164,"A",3000,0,884,115.637,2,TRUE,151.599333333333,1,3000,0,0,1,62374,151.599333333333,93237,0.00600000000000023,"C++",TRUE
4165,"A",3000,0,885,89.503,2,TRUE,142.458666666667,1,3000,0,0,1,73706,142.458666666667,74575,0.00400000000000489,"C++",TRUE
4166,"A",3000,0,886,141.523333333333,2,TRUE,186.075,1,3000,0,0,2,108240,186.075,115150,0.0069999999999979,"C++",TRUE
4167,"A",3000,0,887,115.472333333333,2,TRUE,137.082,1,3000,0,0,1,39657,137.082,100896,0.00600000000000023,"C++",TRUE
4168,"A",3000,0,888,181.786666666667,2,TRUE,213.399666666667,1,3000,0,0,2,67875,213.399666666667,156067,0.0120000000000005,"C++",TRUE
4169,"A",3000,0,889,134.658666666667,2,TRUE,186.257666666667,1,3000,0,0,2,101025,186.257666666667,107458,0.00600000000000023,"C++",TRUE
4170,"A",3000,0,890,146.880666666667,2,TRUE,199.472333333333,1,3000,0,0,2,111345,199.472333333333,114409,0.0069999999999979,"C++",TRUE
4171,"A",3000,0,891,107.684,2,TRUE,134.732333333333,1,3000,0,0,1,40597,134.732333333333,93220,0.00600000000000023,"C++",TRUE
4172,"A",3000,0,892,199.345,2,TRUE,267.871333333333,1,3000,0,0,2,185424,267.871333333333,164115,0.00999999999999801,"C++",TRUE
4173,"A",3000,0,893,146.082,3,TRUE,190.482333333333,2,0,3000,0,1,32080,190.482333333333,118520,0.007000000000005,"C++",TRUE
4174,"A",3000,0,894,157.898,2,TRUE,192.843333333333,1,3000,0,0,2,82772,192.843333333333,126428,0.0069999999999979,"C++",TRUE
4175,"A",3000,0,895,166.709,2,TRUE,204.498333333333,1,3000,0,0,2,91621,204.498333333333,140117,0.00799999999999557,"C++",TRUE
4176,"A",3000,0,896,143.031666666667,2,TRUE,194.705,1,3000,0,0,2,144335,194.705,102695,0.00600000000000023,"C++",TRUE
4177,"A",3000,0,897,139.097666666667,2,TRUE,187.114666666667,1,3000,0,0,2,87965,187.114666666667,109766,0.007000000000005,"C++",TRUE
4178,"A",3000,0,898,101.476666666667,2,TRUE,132.848333333333,1,3000,0,0,1,57766,132.848333333333,86063,0.00499999999999545,"C++",TRUE
4179,"A",3000,0,899,138.311666666667,2,TRUE,180.346333333333,1,3000,0,0,2,71278,180.346333333333,119015,0.007000000000005,"C++",TRUE
4180,"A",3000,0,900,166.65,2,TRUE,211.867,1,3000,0,0,2,79434,211.867,138552,0.00799999999999557,"C++",TRUE
4181,"A",3000,0,901,142.431333333333,3,TRUE,166.417333333333,2,0,3000,0,2,59979,166.417333333333,106325,0.00600000000000023,"C++",TRUE
4182,"A",3000,0,902,124.701333333333,2,TRUE,143.545,1,3000,0,0,1,46435,143.545,98475,0.00600000000000023,"C++",TRUE
4183,"A",3000,0,903,146.981666666667,2,TRUE,188.292,1,3000,0,0,2,103883,188.292,114357,0.00600000000000023,"C++",TRUE
4184,"A",3000,0,904,146.777333333333,2,TRUE,183.656,1,3000,0,0,2,91740,183.656,124568,0.00800000000000267,"C++",TRUE
4185,"A",3000,0,905,152.277333333333,2,TRUE,200.133333333333,1,3000,0,0,2,111211,200.133333333333,122574,0.0069999999999979,"C++",TRUE
4186,"A",3000,0,906,155.351666666667,2,TRUE,194.786666666667,1,3000,0,0,2,75564,194.786666666667,116142,0.0069999999999979,"C++",TRUE
4187,"A",3000,0,907,98.3436666666667,2,TRUE,123.800333333333,1,3000,0,0,1,35855,123.800333333333,88125,0.00500000000000256,"C++",TRUE
4188,"A",3000,0,908,118.964333333333,3,TRUE,146.641333333333,2,0,3000,0,1,25030,146.641333333333,95519,0.00600000000000023,"C++",TRUE
4189,"A",3000,0,909,157.117666666667,2,TRUE,211.368333333333,1,3000,0,0,2,126836,211.368333333333,115386,0.00600000000000023,"C++",TRUE
4190,"A",3000,0,910,99.505,3,TRUE,120.511333333333,2,0,3000,0,0,16413,120.511333333333,80621,0.00500000000000256,"C++",TRUE
4191,"A",3000,0,911,140.293333333333,2,TRUE,176.365333333333,1,3000,0,0,2,92529,176.365333333333,117024,0.0069999999999979,"C++",TRUE
4192,"A",3000,0,912,150.236,2,TRUE,188.691333333333,1,3000,0,0,2,95712,188.691333333333,117136,0.0069999999999979,"C++",TRUE
4193,"A",3000,0,913,118.461666666667,2,TRUE,201.544333333333,1,3000,0,0,2,196530,201.544333333333,91895,0.00500000000000256,"C++",TRUE
4194,"A",3000,0,914,109.441666666667,2,TRUE,127.649666666667,1,3000,0,0,1,33389,127.649666666667,98139,0.00600000000000023,"C++",TRUE
4195,"A",3000,0,915,100.311333333333,2,TRUE,136.882333333333,1,3000,0,0,1,63794,136.882333333333,85175,0.00499999999999545,"C++",TRUE
4196,"A",3000,0,916,153.746,1,TRUE,154.181666666667,3,0,0,3000,1,42463,154.181666666667,111134,0.007000000000005,"C++",TRUE
4197,"A",3000,0,917,136.891333333333,2,TRUE,167.657333333333,1,3000,0,0,1,47185,167.657333333333,124051,0.00799999999999557,"C++",TRUE
4198,"A",3000,0,918,145.866666666667,2,TRUE,188.716,1,3000,0,0,2,100343,188.716,113885,0.00600000000000023,"C++",TRUE
4199,"A",3000,0,919,192.607,2,TRUE,236.779666666667,1,3000,0,0,2,127677,236.779666666667,146960,0.00900000000000034,"C++",TRUE
4200,"A",3000,0,920,196.422333333333,2,TRUE,229.573666666667,1,3000,0,0,2,69163,229.573666666667,165614,0.0100000000000051,"C++",TRUE
4201,"A",3000,0,921,131.743666666667,2,TRUE,164.981333333333,1,3000,0,0,2,78773,164.981333333333,112316,0.00600000000000023,"C++",TRUE
4202,"A",3000,0,922,117.058333333333,2,TRUE,146.613333333333,1,3000,0,0,1,47275,146.613333333333,100135,0.00600000000000023,"C++",TRUE
4203,"A",3000,0,923,162.447333333333,2,TRUE,191.665333333333,1,3000,0,0,2,92331,191.665333333333,129289,0.00799999999999557,"C++",TRUE
4204,"A",3000,0,924,139.585333333333,2,TRUE,183.087333333333,1,3000,0,0,2,112993,183.087333333333,106690,0.00600000000000023,"C++",TRUE
4205,"A",3000,0,925,225.234666666667,1,TRUE,235.475,3,0,0,3000,2,80640,235.475,161267,0.00999999999999801,"C++",TRUE
4206,"A",3000,0,926,133.879333333333,2,TRUE,165.748333333333,1,3000,0,0,1,42391,165.748333333333,116313,0.007000000000005,"C++",TRUE
4207,"A",3000,0,927,209.727333333333,3,TRUE,224.897,2,0,3000,0,1,27651,224.897,169176,0.00999999999999801,"C++",TRUE
4208,"A",3000,0,928,125.502,3,TRUE,157.717333333333,2,0,3000,0,1,36858,157.717333333333,97936,0.00600000000000023,"C++",TRUE
4209,"A",3000,0,929,181.290333333333,2,TRUE,208.593,1,3000,0,0,2,80677,208.593,145683,0.00800000000000267,"C++",TRUE
4210,"A",3000,0,930,124.999666666667,2,TRUE,155.703333333333,1,3000,0,0,1,31219,155.703333333333,104794,0.00600000000000023,"C++",TRUE
4211,"A",3000,0,931,161.11,2,TRUE,206.5,1,3000,0,0,2,102795,206.5,128926,0.00799999999999557,"C++",TRUE
4212,"A",3000,0,932,145.060666666667,2,TRUE,199.343,1,3000,0,0,2,123443,199.343,114869,0.00600000000000023,"C++",TRUE
4213,"A",3000,0,933,115.249666666667,2,TRUE,154.081,1,3000,0,0,1,66192,154.081,95513,0.00600000000000023,"C++",TRUE
4214,"A",3000,0,934,126.875333333333,2,TRUE,175.477333333333,1,3000,0,0,2,107928,175.477333333333,99803,0.00600000000000023,"C++",TRUE
4215,"A",3000,0,935,90.317,3,TRUE,124.466333333333,2,0,3000,0,1,31910,124.466333333333,70721,0.00399999999999778,"C++",TRUE
4216,"A",3000,0,936,222.090666666667,2,TRUE,275.178666666667,1,3000,0,0,3,159381,275.178666666667,165826,0.00900000000000034,"C++",TRUE
4217,"A",3000,0,937,174.576333333333,2,TRUE,223.772333333333,1,3000,0,0,2,109251,223.772333333333,147445,0.00900000000000034,"C++",TRUE
4218,"A",3000,0,938,105.990333333333,2,TRUE,146.204666666667,1,3000,0,0,1,42447,146.204666666667,93237,0.00500000000000256,"C++",TRUE
4219,"A",3000,0,939,125.729333333333,1,TRUE,148.023666666667,3,0,0,3000,2,43495,148.023666666667,95062,0.00600000000000023,"C++",TRUE
4220,"A",3000,0,940,139.247,2,TRUE,196.838666666667,1,3000,0,0,2,123558,196.838666666667,109919,0.00600000000000023,"C++",TRUE
4221,"A",3000,0,941,130.757333333333,2,TRUE,152.371666666667,1,3000,0,0,1,44826,152.371666666667,109592,0.0069999999999979,"C++",TRUE
4222,"A",3000,0,942,164.959333333333,3,TRUE,195.853,2,0,3000,0,1,28685,195.853,141803,0.00800000000000267,"C++",TRUE
4223,"A",3000,0,943,159.273333333333,2,TRUE,191.629333333333,1,3000,0,0,1,31828,191.629333333333,139926,0.00900000000000034,"C++",TRUE
4224,"A",3000,0,944,117.551,2,TRUE,169.482666666667,1,3000,0,0,2,127207,169.482666666667,96217,0.00499999999999545,"C++",TRUE
4225,"A",3000,0,945,160.501,2,TRUE,207.513333333333,1,3000,0,0,2,118974,207.513333333333,130594,0.00800000000000267,"C++",TRUE
4226,"A",3000,0,946,169.562333333333,2,TRUE,207.417333333333,1,3000,0,0,2,62959,207.417333333333,147077,0.00900000000000034,"C++",TRUE
4227,"A",3000,0,947,121.217666666667,2,TRUE,137.920333333333,1,3000,0,0,1,37523,137.920333333333,99658,0.00600000000000023,"C++",TRUE
4228,"A",3000,0,948,100.603666666667,2,TRUE,137.286,1,3000,0,0,1,52218,137.286,85931,0.00500000000000256,"C++",TRUE
4229,"A",3000,0,949,144.110666666667,3,TRUE,187.791666666667,2,0,3000,0,1,38646,187.791666666667,115215,0.0069999999999979,"C++",TRUE
4230,"A",3000,0,950,143.535666666667,1,TRUE,166.774,3,0,0,3000,2,49378,166.774,104558,0.00600000000000023,"C++",TRUE
4231,"A",3000,0,951,190.949,2,TRUE,235.586,1,3000,0,0,2,125891,235.586,135246,0.0069999999999979,"C++",TRUE
4232,"A",3000,0,952,225.766666666667,2,TRUE,245.502333333333,3,0,0,3000,2,123027,245.502333333333,161221,0.00999999999999801,"C++",TRUE
4233,"A",3000,0,953,160.359666666667,2,TRUE,203.665666666667,1,3000,0,0,2,121014,203.665666666667,120535,0.007000000000005,"C++",TRUE
4234,"A",3000,0,954,162.447,2,TRUE,190.697,1,3000,0,0,2,68066,190.697,136711,0.00799999999999557,"C++",TRUE
4235,"A",3000,0,955,175.514,2,TRUE,211.169333333333,1,3000,0,0,2,95601,211.169333333333,144115,0.00900000000000034,"C++",TRUE
4236,"A",3000,0,956,163.148,2,TRUE,199.329,1,3000,0,0,1,85512,199.329,136821,0.00800000000000267,"C++",TRUE
4237,"A",3000,0,957,100.974333333333,2,TRUE,133.556666666667,1,3000,0,0,1,56777,133.556666666667,89185,0.00500000000000256,"C++",TRUE
4238,"A",3000,0,958,106.938666666667,2,TRUE,139.694666666667,1,3000,0,0,2,68391,139.694666666667,92258,0.00499999999999545,"C++",TRUE
4239,"A",3000,0,959,157.771666666667,2,TRUE,209.921333333333,1,3000,0,0,2,135931,209.921333333333,122653,0.0069999999999979,"C++",TRUE
4240,"A",3000,0,960,123.312333333333,2,TRUE,182.648666666667,1,3000,0,0,2,150766,182.648666666667,96402,0.00600000000000023,"C++",TRUE
4241,"A",3000,0,961,208.851333333333,1,TRUE,224.376,3,0,0,3000,2,52651,224.376,168373,0.0100000000000051,"C++",TRUE
4242,"A",3000,0,962,128.259,2,TRUE,180.764333333333,1,3000,0,0,2,82567,180.764333333333,109353,0.0069999999999979,"C++",TRUE
4243,"A",3000,0,963,140.456333333333,2,TRUE,171.813666666667,1,3000,0,0,2,56784,171.813666666667,120864,0.0069999999999979,"C++",TRUE
4244,"A",3000,0,964,122.162,2,TRUE,154.611666666667,1,3000,0,0,1,60902,154.611666666667,99989,0.00500000000000256,"C++",TRUE
4245,"A",3000,0,965,116.189666666667,2,TRUE,153.699666666667,1,3000,0,0,1,39924,153.699666666667,102646,0.00600000000000023,"C++",TRUE
4246,"A",3000,0,966,159.502333333333,2,TRUE,205.403,1,3000,0,0,2,103113,205.403,124316,0.00600000000000023,"C++",TRUE
4247,"A",3000,0,967,161.624666666667,2,TRUE,193.115333333333,1,3000,0,0,2,76309,193.115333333333,132603,0.00800000000000267,"C++",TRUE
4248,"A",3000,0,968,79.1576666666667,2,TRUE,98.4466666666667,1,3000,0,0,1,41567,98.4466666666667,62707,0.00300000000000011,"C++",TRUE
4249,"A",3000,0,969,119.944333333333,2,TRUE,159.014,1,3000,0,0,2,96413,159.014,96556,0.00600000000000023,"C++",TRUE
4250,"A",3000,0,970,166.133,2,TRUE,217.109666666667,1,3000,0,0,2,103954,217.109666666667,136915,0.00799999999999557,"C++",TRUE
4251,"A",3000,0,971,151.013,2,TRUE,185.004333333333,1,3000,0,0,2,63417,185.004333333333,130748,0.007000000000005,"C++",TRUE
4252,"A",3000,0,972,137.564333333333,1,TRUE,142.801666666667,3,0,0,3000,2,49502,142.801666666667,93571,0.00600000000000023,"C++",TRUE
4253,"A",3000,0,973,107.751333333333,2,TRUE,135.700666666667,1,3000,0,0,1,42404,135.700666666667,92958,0.00499999999999545,"C++",TRUE
4254,"A",3000,0,974,123.693,2,TRUE,164.581666666667,1,3000,0,0,1,67665,164.581666666667,106479,0.00600000000000023,"C++",TRUE
4255,"A",3000,0,975,117.766,3,TRUE,158.277,2,0,3000,0,1,28426,158.277,89836,0.00500000000000256,"C++",TRUE
4256,"A",3000,0,976,142.600666666667,2,TRUE,179.351333333333,1,3000,0,0,2,88933,179.351333333333,116002,0.0069999999999979,"C++",TRUE
4257,"A",3000,0,977,210.404,2,TRUE,253.665,1,3000,0,0,3,132661,253.665,162227,0.0100000000000051,"C++",TRUE
4258,"A",3000,0,978,159.912333333333,2,TRUE,213.573,1,3000,0,0,2,114939,213.573,123446,0.00599999999999312,"C++",TRUE
4259,"A",3000,0,979,176.107,1,TRUE,183.961,3,0,0,3000,2,53666,183.961,127128,0.00800000000000267,"C++",TRUE
4260,"A",3000,0,980,145.565333333333,3,TRUE,179.771666666667,2,0,3000,0,1,32153,179.771666666667,118992,0.0069999999999979,"C++",TRUE
4261,"A",3000,0,981,125.355666666667,2,TRUE,158.382333333333,1,3000,0,0,2,77498,158.382333333333,106104,0.00600000000000023,"C++",TRUE
4262,"A",3000,0,982,165.359,2,TRUE,208.075,1,3000,0,0,2,113291,208.075,131791,0.00800000000000267,"C++",TRUE
4263,"A",3000,0,983,130.081333333333,2,TRUE,174.419,1,3000,0,0,2,93110,174.419,109082,0.00600000000000023,"C++",TRUE
4264,"A",3000,0,984,130.158333333333,2,TRUE,161.635666666667,1,3000,0,0,2,51680,161.635666666667,107765,0.00600000000000023,"C++",TRUE
4265,"A",3000,0,985,106.73,2,TRUE,145.529333333333,1,3000,0,0,1,47453,145.529333333333,89751,0.00500000000000256,"C++",TRUE
4266,"A",3000,0,986,109.727333333333,2,TRUE,142.79,1,3000,0,0,1,45260,142.79,92928,0.00600000000000023,"C++",TRUE
4267,"A",3000,0,987,179.242,2,TRUE,214.146,1,3000,0,0,1,36782,214.146,164301,0.00999999999999801,"C++",TRUE
4268,"A",3000,0,988,100.241,2,TRUE,130.270666666667,1,3000,0,0,2,70038,130.270666666667,84243,0.00499999999999545,"C++",TRUE
4269,"A",3000,0,989,140.282666666667,2,TRUE,187.678,1,3000,0,0,2,91361,187.678,116209,0.00600000000000023,"C++",TRUE
4270,"A",3000,0,990,186.389333333333,2,TRUE,235.191333333333,1,3000,0,0,2,131606,235.191333333333,137222,0.00800000000000267,"C++",TRUE
4271,"A",3000,0,991,153.414666666667,2,TRUE,188.466,1,3000,0,0,2,40810,188.466,130315,0.00800000000000267,"C++",TRUE
4272,"A",3000,0,992,183.407,2,TRUE,252.795333333333,1,3000,0,0,2,173982,252.795333333333,138501,0.0069999999999979,"C++",TRUE
4273,"A",3000,0,993,146.741,2,TRUE,171.909,1,3000,0,0,1,45723,171.909,129872,0.00800000000000267,"C++",TRUE
4274,"A",3000,0,994,147.879333333333,2,TRUE,177.593,1,3000,0,0,2,88514,177.593,119753,0.0069999999999979,"C++",TRUE
4275,"A",3000,0,995,125.953666666667,2,TRUE,178.989,1,3000,0,0,1,85314,178.989,107249,0.00600000000000023,"C++",TRUE
4276,"A",3000,0,996,104.156,2,TRUE,135.147333333333,1,3000,0,0,1,51878,135.147333333333,90500,0.00500000000000256,"C++",TRUE
4277,"A",3000,0,997,170.631333333333,3,TRUE,192.431,2,0,3000,0,1,27397,192.431,139131,0.00899999999999324,"C++",TRUE
4278,"A",3000,0,998,124.733,2,TRUE,163.189666666667,1,3000,0,0,2,81808,163.189666666667,103087,0.00600000000000023,"C++",TRUE
4279,"A",3000,0,999,128.939,2,TRUE,176.467333333333,1,3000,0,0,2,117952,176.467333333333,103276,0.00500000000000256,"C++",TRUE
4280,"A",3000,0,1000,110.421666666667,2,TRUE,137.410333333333,1,3000,0,0,1,46419,137.410333333333,98097,0.00600000000000023,"C++",TRUE
4281,"B",100,1e-04,1,35.86,2,TRUE,7000,3,0,0,100,3,333601,7000,2768,0,"C++",FALSE
4282,"B",100,1e-04,2,14.88,3,TRUE,7000,3,0,0,100,2,440016,7000,2127,0,"C++",FALSE
4283,"B",100,1e-04,3,22.91,2,TRUE,7000,3,0,0,100,3,180437,7000,3648,0,"C++",FALSE
4284,"B",100,1e-04,4,24.94,2,TRUE,7000,3,0,0,100,5,269261,7000,4559,0,"C++",FALSE
4285,"B",100,1e-04,5,42.3,2,TRUE,7000,3,0,0,100,4,314317,7000,3891,0,"C++",FALSE
4286,"B",100,1e-04,6,19.05,3,TRUE,7000,3,0,0,100,3,259177,7000,2862,0,"C++",FALSE
4287,"B",100,1e-04,7,77.37,1,TRUE,7000,1,100,0,0,6,234779,7000,7421,0.00100000000000477,"C++",FALSE
4288,"B",100,1e-04,8,23.14,2,TRUE,7000,1,100,0,0,4,151877,7000,4969,0,"C++",FALSE
4289,"B",100,1e-04,9,10.57,2,TRUE,7000,3,0,0,100,2,237506,7000,2249,0,"C++",FALSE
4290,"B",100,1e-04,10,22.39,3,TRUE,7000,1,100,0,0,3,176493,7000,3648,0,"C++",FALSE
4291,"B",100,1e-04,11,22.05,2,TRUE,7000,2,0,100,0,3,335342,7000,4123,0.000999999999997669,"C++",FALSE
4292,"B",100,1e-04,12,30.83,3,TRUE,7000,1,100,0,0,4,207923,7000,4923,0,"C++",FALSE
4293,"B",100,1e-04,13,19.59,1,TRUE,7000,3,0,0,100,3,309014,7000,2594,0,"C++",FALSE
4294,"B",100,1e-04,14,33.87,2,TRUE,7000,2,0,100,0,4,275262,7000,4536,0,"C++",FALSE
4295,"B",100,1e-04,15,21.15,3,TRUE,7000,3,0,0,100,4,313663,7000,4070,0.000999999999997669,"C++",FALSE
4296,"B",100,1e-04,16,30.11,2,TRUE,7000,3,0,0,100,3,315123,7000,3516,0,"C++",FALSE
4297,"B",100,1e-04,17,25.5,3,TRUE,7000,2,0,100,0,4,395337,7000,5137,0,"C++",FALSE
4298,"B",100,1e-04,18,56.68,3,TRUE,7000,3,0,0,100,4,365939,7000,4067,0,"C++",FALSE
4299,"B",100,1e-04,19,17.16,2,TRUE,7000,1,100,0,0,3,215474,7000,3374,0,"C++",FALSE
4300,"B",100,1e-04,20,29.48,2,TRUE,7000,3,0,0,100,3,226280,7000,3019,0.00100000000000477,"C++",FALSE
4301,"B",100,1e-05,1,17.61,2,TRUE,7000,3,0,0,100,1,275713,7000,1097,0,"C++",FALSE
4302,"B",100,1e-05,2,22.11,3,TRUE,7000,1,100,0,0,1,439450,7000,1339,0,"C++",FALSE
4303,"B",100,1e-05,3,47.7,2,TRUE,7000,2,0,100,0,0,9,7000,1902,0,"C++",FALSE
4304,"B",100,1e-05,4,22.91,3,TRUE,7000,2,0,100,0,0,0,7000,785,0,"C++",FALSE
4305,"B",100,1e-05,5,28.31,2,TRUE,7000,3,0,0,100,2,437007,7000,1461,0,"C++",FALSE
4306,"B",100,1e-05,6,46.78,2,TRUE,7000,1,100,0,0,1,1020,7000,1535,0,"C++",FALSE
4307,"B",100,1e-05,7,20.9,2,TRUE,7000,2,0,100,0,0,198,7000,1010,0,"C++",FALSE
4308,"B",100,1e-05,8,24.08,2,TRUE,7000,1,100,0,0,0,0,7000,857,0,"C++",FALSE
4309,"B",100,1e-05,9,10.16,2,TRUE,7000,2,0,100,0,0,1,7000,822,0,"C++",FALSE
4310,"B",100,1e-05,10,34.51,2,TRUE,7000,1,100,0,0,1,1190,7000,1189,0,"C++",FALSE
4311,"B",100,1e-05,11,39.29,3,TRUE,7000,3,0,0,100,1,586107,7000,1492,0,"C++",FALSE
4312,"B",100,1e-05,12,31.21,2,TRUE,7000,1,100,0,0,1,1783,7000,1213,0.000999999999997669,"C++",FALSE
4313,"B",100,1e-05,13,36.95,2,TRUE,7000,2,0,100,0,1,1665,7000,1501,0,"C++",FALSE
4314,"B",100,1e-05,14,33.93,2,TRUE,7000,3,0,0,100,1,219557,7000,1651,0,"C++",FALSE
4315,"B",100,1e-05,15,28.19,2,TRUE,7000,1,100,0,0,0,591,7000,941,0,"C++",FALSE
4316,"B",100,1e-05,16,29.34,2,TRUE,7000,2,0,100,0,1,1927,7000,1591,0,"C++",FALSE
4317,"B",100,1e-05,17,26.95,2,TRUE,7000,1,100,0,0,1,772,7000,824,0,"C++",FALSE
4318,"B",100,1e-05,18,35.15,3,TRUE,7000,1,100,0,0,1,83701,7000,1823,0,"C++",FALSE
4319,"B",100,1e-05,19,14.1,3,TRUE,7000,3,0,0,100,1,378298,7000,855,0,"C++",FALSE
4320,"B",100,1e-05,20,32.51,3,TRUE,7000,3,0,0,100,1,427593,7000,1192,0,"C++",FALSE
4321,"A",1000,0,1,104.827,2,TRUE,145.779,1,1000,0,0,2,23208,145.779,28744,0.00200000000000244,"C++",TRUE
4322,"A",1000,0,2,70.637,3,TRUE,103.362,2,0,1000,0,1,7969,103.362,18800,0.000999999999997669,"C++",TRUE
4323,"A",1000,0,3,80.411,2,TRUE,117.421,1,1000,0,0,1,18355,117.421,24177,0.000999999999997669,"C++",TRUE
4324,"A",1000,0,4,100.562,2,TRUE,122.395,1,1000,0,0,1,12201,122.395,28268,0.00200000000000244,"C++",TRUE
4325,"A",1000,0,5,105.972,2,TRUE,141.23,1,1000,0,0,2,26761,141.23,28957,0.00200000000000244,"C++",TRUE
4326,"A",1000,0,6,75.371,3,TRUE,86.271,2,0,1000,0,1,8528,86.271,19225,0.000999999999997669,"C++",TRUE
4327,"A",1000,0,7,126.257,2,TRUE,169.459,1,1000,0,0,2,32363,169.459,31758,0.00200000000000244,"C++",TRUE
4328,"A",1000,0,8,126.528,2,TRUE,172.016,1,1000,0,0,2,30766,172.016,33179,0.00199999999999534,"C++",TRUE
4329,"A",1000,0,9,115.856,3,TRUE,133.158,2,0,1000,0,1,7123,133.158,31654,0.00100000000000477,"C++",TRUE
4330,"A",1000,0,10,98.142,2,TRUE,130.468,1,1000,0,0,1,12289,130.468,30680,0.00199999999999534,"C++",TRUE
4331,"A",1000,0,11,61.58,2,TRUE,86.764,1,1000,0,0,1,12698,86.764,18493,0.00100000000000477,"C++",TRUE
4332,"A",1000,0,12,93.455,2,TRUE,118.901,1,1000,0,0,1,13534,118.901,29412,0.00199999999999534,"C++",TRUE
4333,"A",1000,0,13,108.241,3,TRUE,141.414,2,0,1000,0,1,10052,141.414,30008,0.00200000000000244,"C++",TRUE
4334,"A",1000,0,14,84.999,2,TRUE,113.369,1,1000,0,0,1,15896,113.369,26339,0.000999999999997669,"C++",TRUE
4335,"A",1000,0,15,136.044,1,TRUE,147.466,3,0,0,1000,2,17906,147.466,29516,0.00200000000000244,"C++",TRUE
4336,"A",1000,0,16,173.585,1,TRUE,195.124,3,0,0,1000,2,14111,195.124,46839,0.00300000000000011,"C++",TRUE
4337,"A",1000,0,17,104.024,2,TRUE,133.813,1,1000,0,0,1,16633,133.813,31659,0.00200000000000244,"C++",TRUE
4338,"A",1000,0,18,82.123,2,TRUE,108.73,1,1000,0,0,1,7520,108.73,24477,0.000999999999997669,"C++",TRUE
4339,"A",1000,0,19,97.783,3,TRUE,120.583,2,0,1000,0,1,7957,120.583,26801,0.00199999999999534,"C++",TRUE
4340,"A",1000,0,20,61.342,2,TRUE,79.863,1,1000,0,0,1,13600,79.863,17813,0.00100000000000477,"C++",TRUE
4341,"A",1000,0,21,71.724,3,TRUE,106.131,2,0,1000,0,1,8129,106.131,20109,0.000999999999997669,"C++",TRUE
4342,"A",1000,0,22,89.862,2,TRUE,109.556,1,1000,0,0,1,11129,109.556,25662,0.00200000000000244,"C++",TRUE
4343,"A",1000,0,23,85.298,3,TRUE,110.931,2,0,1000,0,1,6560,110.931,24212,0.000999999999997669,"C++",TRUE
4344,"A",1000,0,24,95.179,2,TRUE,130.195,1,1000,0,0,1,16875,130.195,28069,0.00200000000000244,"C++",TRUE
4345,"A",1000,0,25,117.696,2,TRUE,142.147,1,1000,0,0,1,12802,142.147,32998,0.00199999999999534,"C++",TRUE
4346,"A",1000,0,26,96.587,3,TRUE,123.363,2,0,1000,0,1,9349,123.363,27753,0.00100000000000477,"C++",TRUE
4347,"A",1000,0,27,103.782,2,TRUE,133.883,1,1000,0,0,2,20254,133.883,30428,0.00199999999999534,"C++",TRUE
4348,"A",1000,0,28,49.41,3,TRUE,70.674,2,0,1000,0,0,1178,70.674,14527,0.00100000000000477,"C++",TRUE
4349,"A",1000,0,29,103.422,2,TRUE,135.585,1,1000,0,0,2,27797,135.585,26156,0.00199999999999534,"C++",TRUE
4350,"A",1000,0,30,127.438,1,TRUE,138.092,3,0,0,1000,1,13731,138.092,30834,0.00100000000000477,"C++",TRUE
4351,"A",1000,0,31,111.978,3,TRUE,140.679,2,0,1000,0,1,12258,140.679,30420,0.00199999999999534,"C++",TRUE
4352,"A",1000,0,32,110.703,1,TRUE,123.531,3,0,0,1000,2,9231,123.531,27251,0.00200000000000244,"C++",TRUE
4353,"A",1000,0,33,101.513,2,TRUE,125.794,1,1000,0,0,1,8977,125.794,29485,0.00200000000000244,"C++",TRUE
4354,"A",1000,0,34,74.651,3,TRUE,100.432,2,0,1000,0,1,9279,100.432,20585,0.000999999999997669,"C++",TRUE
4355,"A",1000,0,35,87.331,2,TRUE,108.679,1,1000,0,0,1,11617,108.679,25221,0.000999999999997669,"C++",TRUE
4356,"A",1000,0,36,67.678,2,TRUE,89.903,1,1000,0,0,1,8716,89.903,20381,0.00200000000000244,"C++",TRUE
4357,"A",1000,0,37,118.146,2,TRUE,151.409,1,1000,0,0,2,28561,151.409,32027,0.000999999999997669,"C++",TRUE
4358,"A",1000,0,38,112.705,2,TRUE,134.422,1,1000,0,0,1,13158,134.422,33676,0.00300000000000011,"C++",TRUE
4359,"A",1000,0,39,95.653,3,TRUE,121.525,2,0,1000,0,1,13194,121.525,24361,0.00100000000000477,"C++",TRUE
4360,"A",1000,0,40,117.112,2,TRUE,144.062,1,1000,0,0,2,18694,144.062,33468,0.00199999999999534,"C++",TRUE
4361,"A",1000,0,41,158.346,2,TRUE,191.383,1,1000,0,0,2,25233,191.383,42711,0.00200000000000244,"C++",TRUE
4362,"A",1000,0,42,173.023,2,TRUE,204.286,1,1000,0,0,2,21547,204.286,50122,0.00300000000000011,"C++",TRUE
4363,"A",1000,0,43,114.305,2,TRUE,141.585,1,1000,0,0,1,20648,141.585,32951,0.00200000000000244,"C++",TRUE
4364,"A",1000,0,44,107.019,3,TRUE,127.167,2,0,1000,0,1,5709,127.167,28465,0.00199999999999534,"C++",TRUE
4365,"A",1000,0,45,115.304,2,TRUE,155.631,1,1000,0,0,2,34971,155.631,30767,0.00200000000000244,"C++",TRUE
4366,"A",1000,0,46,58.99,2,TRUE,81.295,1,1000,0,0,1,7302,81.295,16622,0.000999999999997669,"C++",TRUE
4367,"A",1000,0,47,154.082,2,TRUE,186.357,1,1000,0,0,1,21875,186.357,44599,0.00200000000000244,"C++",TRUE
4368,"A",1000,0,48,60.966,2,TRUE,98.064,1,1000,0,0,1,14384,98.064,19089,0.00200000000000244,"C++",TRUE
4369,"A",1000,0,49,83.561,2,TRUE,126.979,1,1000,0,0,2,22638,126.979,22556,0.000999999999997669,"C++",TRUE
4370,"A",1000,0,50,61.875,2,TRUE,90.309,1,1000,0,0,1,15645,90.309,18948,0.000999999999997669,"C++",TRUE
4371,"A",1000,0,51,71.126,2,TRUE,94.545,1,1000,0,0,1,10047,94.545,21079,0.00100000000000477,"C++",TRUE
4372,"A",1000,0,52,78.875,1,TRUE,99.631,3,0,0,1000,1,11888,99.631,20127,0.000999999999997669,"C++",TRUE
4373,"A",1000,0,53,64.954,2,TRUE,91.943,1,1000,0,0,1,11828,91.943,18950,0.00200000000000244,"C++",TRUE
4374,"A",1000,0,54,133.106,3,TRUE,154.9,2,0,1000,0,1,9567,154.9,38435,0.00199999999999534,"C++",TRUE
4375,"A",1000,0,55,97.907,2,TRUE,113.433,3,0,0,1000,1,30943,113.433,19264,0.00100000000000477,"C++",TRUE
4376,"A",1000,0,56,85.063,2,TRUE,121.898,1,1000,0,0,1,32809,121.898,23569,0.000999999999997669,"C++",TRUE
4377,"A",1000,0,57,77.067,2,TRUE,107.17,1,1000,0,0,1,15738,107.17,23071,0.000999999999997669,"C++",TRUE
4378,"A",1000,0,58,99.657,2,TRUE,125.375,1,1000,0,0,1,18962,125.375,28246,0.00200000000000244,"C++",TRUE
4379,"A",1000,0,59,158.786,1,TRUE,170.183,3,0,0,1000,2,22087,170.183,37702,0.00199999999999534,"C++",TRUE
4380,"A",1000,0,60,105.851,3,TRUE,122.787,2,0,1000,0,1,8925,122.787,27380,0.00200000000000244,"C++",TRUE
4381,"A",1000,0,61,77.245,2,TRUE,111.452,1,1000,0,0,1,11751,111.452,23029,0.000999999999997669,"C++",TRUE
4382,"A",1000,0,62,114.774,3,TRUE,130.765,2,0,1000,0,1,9390,130.765,32742,0.00200000000000244,"C++",TRUE
4383,"A",1000,0,63,60.962,3,TRUE,81.206,2,0,1000,0,0,181,81.206,18100,0.000999999999997669,"C++",TRUE
4384,"A",1000,0,64,114.335,2,TRUE,133.811,1,1000,0,0,1,8168,133.811,34141,0.00200000000000244,"C++",TRUE
4385,"A",1000,0,65,78.908,2,TRUE,113.696,1,1000,0,0,1,20527,113.696,21892,0.00200000000000244,"C++",TRUE
4386,"A",1000,0,66,92.316,2,TRUE,136.953,1,1000,0,0,2,36790,136.953,25848,0.000999999999997669,"C++",TRUE
4387,"A",1000,0,67,113.791,2,TRUE,152.082,1,1000,0,0,2,18957,152.082,34813,0.00200000000000244,"C++",TRUE
4388,"A",1000,0,68,144.748,1,TRUE,164.308,3,0,0,1000,1,12965,164.308,40130,0.00300000000000011,"C++",TRUE
4389,"A",1000,0,69,85.91,2,TRUE,106.876,1,1000,0,0,1,11740,106.876,24207,0.000999999999997669,"C++",TRUE
4390,"A",1000,0,70,89.212,2,TRUE,104.962,1,1000,0,0,1,11502,104.962,25548,0.00200000000000244,"C++",TRUE
4391,"A",1000,0,71,144.416,2,TRUE,186.856,1,1000,0,0,2,30723,186.856,42340,0.00199999999999534,"C++",TRUE
4392,"A",1000,0,72,68.932,2,TRUE,91.512,1,1000,0,0,1,15181,91.512,20942,0.00100000000000477,"C++",TRUE
4393,"A",1000,0,73,111.909,2,TRUE,145.338,1,1000,0,0,2,22234,145.338,30422,0.00199999999999534,"C++",TRUE
4394,"A",1000,0,74,87.524,2,TRUE,116.792,1,1000,0,0,1,22645,116.792,25137,0.00200000000000244,"C++",TRUE
4395,"A",1000,0,75,109.797,2,TRUE,150.588,1,1000,0,0,1,14838,150.588,33954,0.00200000000000244,"C++",TRUE
4396,"A",1000,0,76,79.316,2,TRUE,109.958,1,1000,0,0,1,19244,109.958,21114,0.000999999999997669,"C++",TRUE
4397,"A",1000,0,77,68.644,2,TRUE,88.811,1,1000,0,0,1,8575,88.811,20273,0.000999999999997669,"C++",TRUE
4398,"A",1000,0,78,88.375,2,TRUE,114.868,1,1000,0,0,1,14999,114.868,26184,0.00200000000000244,"C++",TRUE
4399,"A",1000,0,79,95.202,2,TRUE,128.183,1,1000,0,0,1,20667,128.183,26644,0.000999999999997669,"C++",TRUE
4400,"A",1000,0,80,94.249,3,TRUE,122.578,2,0,1000,0,1,7267,122.578,25526,0.00200000000000244,"C++",TRUE
4401,"A",1000,0,81,139.148,2,TRUE,168.767,1,1000,0,0,1,11447,168.767,43277,0.00200000000000244,"C++",TRUE
4402,"A",1000,0,82,56.321,3,TRUE,84.66,2,0,1000,0,0,5225,84.66,16363,0.000999999999997669,"C++",TRUE
4403,"A",1000,0,83,103.559,2,TRUE,129.941,1,1000,0,0,1,13884,129.941,31330,0.00200000000000244,"C++",TRUE
4404,"A",1000,0,84,110.988,3,TRUE,134.379,2,0,1000,0,2,16364,134.379,27957,0.00199999999999534,"C++",TRUE
4405,"A",1000,0,85,76.213,2,TRUE,89.993,1,1000,0,0,1,8250,89.993,22973,0.00100000000000477,"C++",TRUE
4406,"A",1000,0,86,77.718,3,TRUE,97.907,2,0,1000,0,1,6046,97.907,20560,0.000999999999997669,"C++",TRUE
4407,"A",1000,0,87,123.322,1,TRUE,134.262,3,0,0,1000,2,14622,134.262,31512,0.00200000000000244,"C++",TRUE
4408,"A",1000,0,88,154.467,2,TRUE,190.471,1,1000,0,0,2,32413,190.471,38963,0.00199999999999534,"C++",TRUE
4409,"A",1000,0,89,151.047,2,TRUE,177.42,1,1000,0,0,1,15504,177.42,44972,0.00300000000000011,"C++",TRUE
4410,"A",1000,0,90,135.928,2,TRUE,168.263,1,1000,0,0,1,20613,168.263,39693,0.00300000000000011,"C++",TRUE
4411,"A",1000,0,91,87.944,2,TRUE,129.763,1,1000,0,0,1,26031,129.763,26041,0.00100000000000477,"C++",TRUE
4412,"A",1000,0,92,90.405,2,TRUE,113.406,1,1000,0,0,1,21251,113.406,24896,0.000999999999997669,"C++",TRUE
4413,"A",1000,0,93,67.346,2,TRUE,81.857,1,1000,0,0,1,8899,81.857,20409,0.00200000000000244,"C++",TRUE
4414,"A",1000,0,94,82.034,2,TRUE,117.074,1,1000,0,0,1,20636,117.074,23610,0.000999999999997669,"C++",TRUE
4415,"A",1000,0,95,73.803,2,TRUE,108.829,1,1000,0,0,1,23919,108.829,21414,0.000999999999997669,"C++",TRUE
4416,"A",1000,0,96,82.274,2,TRUE,120.993,1,1000,0,0,1,20813,120.993,24988,0.00200000000000244,"C++",TRUE
4417,"A",1000,0,97,102.326,2,TRUE,138.313,1,1000,0,0,2,26570,138.313,28314,0.000999999999997669,"C++",TRUE
4418,"A",1000,0,98,103.816,3,TRUE,116.507,2,0,1000,0,0,7198,116.507,26015,0.00200000000000244,"C++",TRUE
4419,"A",1000,0,99,102.064,2,TRUE,133.444,1,1000,0,0,1,14788,133.444,30304,0.00199999999999534,"C++",TRUE
4420,"A",1000,0,100,117.661,2,TRUE,170.154,1,1000,0,0,2,47398,170.154,32035,0.00100000000000477,"C++",TRUE
4421,"A",1000,0,101,121.91,2,TRUE,158.912,1,1000,0,0,2,25929,158.912,34170,0.00199999999999534,"C++",TRUE
4422,"A",1000,0,102,91.713,3,TRUE,114.518,2,0,1000,0,0,26,114.518,28116,0.00200000000000244,"C++",TRUE
4423,"A",1000,0,103,95.5,2,TRUE,126.671,1,1000,0,0,1,18769,126.671,28553,0.00200000000000244,"C++",TRUE
4424,"A",1000,0,104,93.965,2,TRUE,126.059,1,1000,0,0,2,16568,126.059,27337,0.000999999999997669,"C++",TRUE
4425,"A",1000,0,105,64.128,3,TRUE,82.497,2,0,1000,0,0,3735,82.497,16811,0.000999999999997669,"C++",TRUE
4426,"A",1000,0,106,128.864,3,TRUE,153.028,2,0,1000,0,1,8568,153.028,33562,0.00200000000000244,"C++",TRUE
4427,"A",1000,0,107,97.103,2,TRUE,125.208,1,1000,0,0,1,15504,125.208,28413,0.00200000000000244,"C++",TRUE
4428,"A",1000,0,108,127.119,2,TRUE,156.165,1,1000,0,0,1,15893,156.165,37336,0.00199999999999534,"C++",TRUE
4429,"A",1000,0,109,72.996,2,TRUE,96.015,1,1000,0,0,1,11211,96.015,20321,0.00100000000000477,"C++",TRUE
4430,"A",1000,0,110,94.695,2,TRUE,130.93,1,1000,0,0,1,23436,130.93,26549,0.00199999999999534,"C++",TRUE
4431,"A",1000,0,111,148.261,2,TRUE,193.5,1,1000,0,0,2,37409,193.5,38003,0.00200000000000244,"C++",TRUE
4432,"A",1000,0,112,117.862,2,TRUE,153.452,1,1000,0,0,2,29645,153.452,28676,0.00200000000000244,"C++",TRUE
4433,"A",1000,0,113,93.711,2,TRUE,117.467,1,1000,0,0,1,12078,117.467,27954,0.000999999999997669,"C++",TRUE
4434,"A",1000,0,114,132.675,3,TRUE,159.265,2,0,1000,0,1,12478,159.265,34053,0.00200000000000244,"C++",TRUE
4435,"A",1000,0,115,174.56,3,TRUE,196.869,2,0,1000,0,1,4818,196.869,50454,0.00300000000000011,"C++",TRUE
4436,"A",1000,0,116,141.732,2,TRUE,155.994,1,1000,0,0,1,11705,155.994,39788,0.00199999999999534,"C++",TRUE
4437,"A",1000,0,117,116.966,2,TRUE,152.893,1,1000,0,0,2,31825,152.893,30295,0.00200000000000244,"C++",TRUE
4438,"A",1000,0,118,66.304,3,TRUE,94.758,2,0,1000,0,0,3447,94.758,19728,0.000999999999997669,"C++",TRUE
4439,"A",1000,0,119,72.651,2,TRUE,100.13,1,1000,0,0,1,13722,100.13,20819,0.00100000000000477,"C++",TRUE
4440,"A",1000,0,120,76.837,3,TRUE,108.917,2,0,1000,0,1,5046,108.917,22219,0.000999999999997669,"C++",TRUE
4441,"A",1000,0,121,126.523,1,TRUE,152.445,3,0,0,1000,2,10857,152.445,32881,0.00200000000000244,"C++",TRUE
4442,"A",1000,0,122,151.002,2,TRUE,183.296,1,1000,0,0,1,16652,183.296,43484,0.00300000000000011,"C++",TRUE
4443,"A",1000,0,123,110.451,2,TRUE,149.606,1,1000,0,0,2,30316,149.606,29844,0.00199999999999534,"C++",TRUE
4444,"A",1000,0,124,112.109,2,TRUE,153.035,1,1000,0,0,2,33326,153.035,28488,0.00100000000000477,"C++",TRUE
4445,"A",1000,0,125,156.656,2,TRUE,187.53,1,1000,0,0,1,15902,187.53,45455,0.00300000000000011,"C++",TRUE
4446,"A",1000,0,126,92.166,2,TRUE,123.339,1,1000,0,0,1,16880,123.339,27943,0.00199999999999534,"C++",TRUE
4447,"A",1000,0,127,69.364,2,TRUE,104.75,1,1000,0,0,1,12484,104.75,21755,0.00100000000000477,"C++",TRUE
4448,"A",1000,0,128,157.419,2,TRUE,183.254,1,1000,0,0,1,13401,183.254,48764,0.00300000000000011,"C++",TRUE
4449,"A",1000,0,129,89.328,2,TRUE,142.252,1,1000,0,0,1,31088,142.252,25964,0.000999999999997669,"C++",TRUE
4450,"A",1000,0,130,94.7,3,TRUE,117.161,2,0,1000,0,1,9613,117.161,24262,0.00200000000000244,"C++",TRUE
4451,"A",1000,0,131,74.254,2,TRUE,109.244,1,1000,0,0,1,14121,109.244,20935,0.000999999999997669,"C++",TRUE
4452,"A",1000,0,132,89.474,3,TRUE,100.254,2,0,1000,0,1,6889,100.254,20727,0.000999999999997669,"C++",TRUE
4453,"A",1000,0,133,82.74,2,TRUE,118.029,1,1000,0,0,1,17493,118.029,25749,0.00200000000000244,"C++",TRUE
4454,"A",1000,0,134,132.113,2,TRUE,180.606,1,1000,0,0,1,37796,180.606,37815,0.00199999999999534,"C++",TRUE
4455,"A",1000,0,135,65.328,2,TRUE,83.605,1,1000,0,0,1,6262,83.605,19392,0.00100000000000477,"C++",TRUE
4456,"A",1000,0,136,54.614,2,TRUE,75.559,1,1000,0,0,1,10297,75.559,17107,0.000999999999997669,"C++",TRUE
4457,"A",1000,0,137,161.87,2,TRUE,194.611,1,1000,0,0,1,20258,194.611,47419,0.00300000000000011,"C++",TRUE
4458,"A",1000,0,138,96.561,2,TRUE,123.615,1,1000,0,0,1,13712,123.615,29492,0.00200000000000244,"C++",TRUE
4459,"A",1000,0,139,73.231,2,TRUE,98.673,1,1000,0,0,1,14210,98.673,20750,0.000999999999997669,"C++",TRUE
4460,"A",1000,0,140,98.981,2,TRUE,135.393,1,1000,0,0,1,19988,135.393,30374,0.00200000000000244,"C++",TRUE
4461,"A",1000,0,141,122.188,2,TRUE,155.842,1,1000,0,0,2,21643,155.842,34805,0.00199999999999534,"C++",TRUE
4462,"A",1000,0,142,73.587,3,TRUE,97.728,2,0,1000,0,1,6197,97.728,20409,0.00100000000000477,"C++",TRUE
4463,"A",1000,0,143,112.657,2,TRUE,118.221,3,0,0,1000,1,15456,118.221,27689,0.000999999999997669,"C++",TRUE
4464,"A",1000,0,144,113.909,2,TRUE,160.528,1,1000,0,0,2,40856,160.528,31426,0.00200000000000244,"C++",TRUE
4465,"A",1000,0,145,50.959,3,TRUE,71.689,2,0,1000,0,0,0,71.689,13956,0.00200000000000244,"C++",TRUE
4466,"A",1000,0,146,144.152,2,TRUE,173.865,1,1000,0,0,2,21492,173.865,40199,0.00300000000000011,"C++",TRUE
4467,"A",1000,0,147,81.782,2,TRUE,121.848,1,1000,0,0,1,17036,121.848,23977,0.00199999999999534,"C++",TRUE
4468,"A",1000,0,148,152.859,2,TRUE,177.218,1,1000,0,0,1,21851,177.218,40759,0.00200000000000244,"C++",TRUE
4469,"A",1000,0,149,118.624,2,TRUE,135.089,1,1000,0,0,2,14533,135.089,34471,0.00200000000000244,"C++",TRUE
4470,"A",1000,0,150,137.521,2,TRUE,187.675,1,1000,0,0,2,39914,187.675,36248,0.00199999999999534,"C++",TRUE
4471,"A",1000,0,151,107.429,2,TRUE,136.134,1,1000,0,0,2,17499,136.134,30703,0.000999999999997669,"C++",TRUE
4472,"A",1000,0,152,94.019,2,TRUE,111.814,1,1000,0,0,1,10548,111.814,26155,0.00200000000000244,"C++",TRUE
4473,"A",1000,0,153,136.109,2,TRUE,166.856,1,1000,0,0,1,19508,166.856,39996,0.00199999999999534,"C++",TRUE
4474,"A",1000,0,154,64.714,2,TRUE,93.819,1,1000,0,0,1,12487,93.819,18959,0.000999999999997669,"C++",TRUE
4475,"A",1000,0,155,100.51,2,TRUE,129.892,1,1000,0,0,1,13150,129.892,29499,0.00200000000000244,"C++",TRUE
4476,"A",1000,0,156,72.099,1,TRUE,86.185,3,0,0,1000,1,11390,86.185,17399,0.000999999999997669,"C++",TRUE
4477,"A",1000,0,157,78.101,2,TRUE,105.207,1,1000,0,0,1,11222,105.207,23539,0.00200000000000244,"C++",TRUE
4478,"A",1000,0,158,77.757,3,TRUE,106.912,2,0,1000,0,1,9824,106.912,22247,0.00300000000000011,"C++",TRUE
4479,"A",1000,0,159,93.593,2,TRUE,126.609,1,1000,0,0,1,19896,126.609,26232,0.00200000000000244,"C++",TRUE
4480,"A",1000,0,160,89.059,3,TRUE,111.199,2,0,1000,0,1,7898,111.199,24054,0.00200000000000244,"C++",TRUE
4481,"A",1000,0,161,138.026,2,TRUE,191.934,1,1000,0,0,2,49498,191.934,37813,0.00300000000000011,"C++",TRUE
4482,"A",1000,0,162,60.229,2,TRUE,76.404,1,1000,0,0,1,9893,76.404,16734,0.000999999999997669,"C++",TRUE
4483,"A",1000,0,163,94.217,2,TRUE,121.686,1,1000,0,0,1,13177,121.686,28363,0.000999999999997669,"C++",TRUE
4484,"A",1000,0,164,95.183,2,TRUE,125.48,1,1000,0,0,1,16345,125.48,30452,0.00200000000000244,"C++",TRUE
4485,"A",1000,0,165,100.799,2,TRUE,132.054,1,1000,0,0,1,15086,132.054,30640,0.00200000000000244,"C++",TRUE
4486,"A",1000,0,166,85.233,2,TRUE,113.662,1,1000,0,0,1,16295,113.662,24099,0.000999999999997669,"C++",TRUE
4487,"A",1000,0,167,92.189,3,TRUE,97.81,2,0,1000,0,0,0,97.81,23595,0.00200000000000244,"C++",TRUE
4488,"A",1000,0,168,72.907,2,TRUE,89.073,1,1000,0,0,0,9411,89.073,21491,0.000999999999997669,"C++",TRUE
4489,"A",1000,0,169,96.321,3,TRUE,118.33,2,0,1000,0,0,1130,118.33,29691,0.00200000000000244,"C++",TRUE
4490,"A",1000,0,170,78.663,2,TRUE,119.328,1,1000,0,0,1,19643,119.328,22316,0.000999999999997669,"C++",TRUE
4491,"A",1000,0,171,82.209,2,TRUE,108.258,1,1000,0,0,1,6853,108.258,24972,0.00200000000000244,"C++",TRUE
4492,"A",1000,0,172,68.049,2,TRUE,87.269,1,1000,0,0,1,9980,87.269,20472,0.000999999999997669,"C++",TRUE
4493,"A",1000,0,173,91.774,3,TRUE,115.777,2,0,1000,0,0,6713,115.777,25996,0.00200000000000244,"C++",TRUE
4494,"A",1000,0,174,99.73,2,TRUE,124.191,1,1000,0,0,1,13269,124.191,29117,0.000999999999997669,"C++",TRUE
4495,"A",1000,0,175,75.482,3,TRUE,105.475,2,0,1000,0,1,8179,105.475,20733,0.00200000000000244,"C++",TRUE
4496,"A",1000,0,176,96.397,3,TRUE,127.027,2,0,1000,0,1,11135,127.027,26594,0.000999999999997669,"C++",TRUE
4497,"A",1000,0,177,92.784,2,TRUE,131.835,1,1000,0,0,1,21826,131.835,27148,0.00200000000000244,"C++",TRUE
4498,"A",1000,0,178,76.47,2,TRUE,107.792,1,1000,0,0,1,12667,107.792,23290,0.000999999999997669,"C++",TRUE
4499,"A",1000,0,179,75.085,2,TRUE,97.168,1,1000,0,0,1,11650,97.168,23611,0.00200000000000244,"C++",TRUE
4500,"A",1000,0,180,85.488,2,TRUE,95.356,1,1000,0,0,1,10831,95.356,22069,0.000999999999997669,"C++",TRUE
4501,"A",1000,0,181,109.025,3,TRUE,133.217,2,0,1000,0,0,0,133.217,31822,0.00200000000000244,"C++",TRUE
4502,"A",1000,0,182,96.401,2,TRUE,128.422,1,1000,0,0,1,10538,128.422,27936,0.000999999999997669,"C++",TRUE
4503,"A",1000,0,183,112.002,3,TRUE,148.804,2,0,1000,0,1,8468,148.804,31757,0.00100000000000477,"C++",TRUE
4504,"A",1000,0,184,156.109,3,TRUE,177.327,2,0,1000,0,1,8456,177.327,43599,0.00300000000000011,"C++",TRUE
4505,"A",1000,0,185,150.368,2,TRUE,186.832,1,1000,0,0,2,29917,186.832,41287,0.00199999999999534,"C++",TRUE
4506,"A",1000,0,186,191.559,2,TRUE,213.694,1,1000,0,0,2,17986,213.694,52323,0.00400000000000489,"C++",TRUE
4507,"A",1000,0,187,147.476,2,TRUE,188.743,1,1000,0,0,2,32784,188.743,35879,0.00199999999999534,"C++",TRUE
4508,"A",1000,0,188,46.2,2,TRUE,65.193,1,1000,0,0,1,11209,65.193,14268,0,"C++",TRUE
4509,"A",1000,0,189,127.646,2,TRUE,165.944,1,1000,0,0,2,36247,165.944,34362,0.00100000000000477,"C++",TRUE
4510,"A",1000,0,190,176.653,2,TRUE,203.26,1,1000,0,0,1,18170,203.26,51070,0.00499999999999545,"C++",TRUE
4511,"A",1000,0,191,72.85,2,TRUE,102.288,1,1000,0,0,1,13626,102.288,21033,0.00100000000000477,"C++",TRUE
4512,"A",1000,0,192,136.396,2,TRUE,177.859,1,1000,0,0,2,41964,177.859,33889,0.00399999999999778,"C++",TRUE
4513,"A",1000,0,193,139.348,2,TRUE,160.178,1,1000,0,0,2,13059,160.178,37508,0.00300000000000011,"C++",TRUE
4514,"A",1000,0,194,117.661,2,TRUE,156.755,1,1000,0,0,1,13315,156.755,36637,0.00200000000000244,"C++",TRUE
4515,"A",1000,0,195,120.924,2,TRUE,170.021,1,1000,0,0,1,33812,170.021,34736,0.00199999999999534,"C++",TRUE
4516,"A",1000,0,196,104.708,2,TRUE,135.376,1,1000,0,0,1,18377,135.376,31287,0.00200000000000244,"C++",TRUE
4517,"A",1000,0,197,76.068,3,TRUE,98.911,2,0,1000,0,1,3252,98.911,21866,0.00200000000000244,"C++",TRUE
4518,"A",1000,0,198,109.258,3,TRUE,127.472,2,0,1000,0,1,9986,127.472,25752,0.000999999999997669,"C++",TRUE
4519,"A",1000,0,199,87.379,3,TRUE,123.847,2,0,1000,0,1,9819,123.847,23599,0.00200000000000244,"C++",TRUE
4520,"A",1000,0,200,146.343,2,TRUE,177.85,1,1000,0,0,2,24261,177.85,39180,0.00199999999999534,"C++",TRUE
4521,"A",1000,0,201,143.014,3,TRUE,168.356,2,0,1000,0,1,11438,168.356,37456,0.00200000000000244,"C++",TRUE
4522,"A",1000,0,202,87.856,2,TRUE,109.32,1,1000,0,0,1,11859,109.32,26283,0.00200000000000244,"C++",TRUE
4523,"A",1000,0,203,71.11,2,TRUE,102.71,1,1000,0,0,1,15319,102.71,19969,0.000999999999997669,"C++",TRUE
4524,"A",1000,0,204,121.747,2,TRUE,153.336,1,1000,0,0,2,21224,153.336,33509,0.00300000000000011,"C++",TRUE
4525,"A",1000,0,205,94.221,2,TRUE,133.431,1,1000,0,0,1,33007,133.431,26818,0.00399999999999778,"C++",TRUE
4526,"A",1000,0,206,134.522,2,TRUE,147.501,1,1000,0,0,2,21867,147.501,34065,0.00300000000000011,"C++",TRUE
4527,"A",1000,0,207,90.272,2,TRUE,114.342,1,1000,0,0,1,10753,114.342,27475,0.00100000000000477,"C++",TRUE
4528,"A",1000,0,208,76.262,3,TRUE,100.086,2,0,1000,0,1,8286,100.086,20129,0.00199999999999534,"C++",TRUE
4529,"A",1000,0,209,90.216,2,TRUE,120.277,1,1000,0,0,1,18922,120.277,28567,0.00100000000000477,"C++",TRUE
4530,"A",1000,0,210,128.02,2,TRUE,155.151,1,1000,0,0,1,12901,155.151,34430,0.00199999999999534,"C++",TRUE
4531,"A",1000,0,211,67.807,2,TRUE,96.569,1,1000,0,0,1,12850,96.569,21481,0.00200000000000244,"C++",TRUE
4532,"A",1000,0,212,57.626,3,TRUE,81.439,2,0,1000,0,0,5031,81.439,16815,0.000999999999997669,"C++",TRUE
4533,"A",1000,0,213,107.735,3,TRUE,145.261,2,0,1000,0,1,8795,145.261,31365,0.00200000000000244,"C++",TRUE
4534,"A",1000,0,214,102.101,2,TRUE,131.653,1,1000,0,0,2,28329,131.653,26457,0.000999999999997669,"C++",TRUE
4535,"A",1000,0,215,63.548,3,TRUE,88.751,2,0,1000,0,1,2750,88.751,17935,0.00100000000000477,"C++",TRUE
4536,"A",1000,0,216,76.107,2,TRUE,113.633,1,1000,0,0,1,23455,113.633,21871,0.000999999999997669,"C++",TRUE
4537,"A",1000,0,217,81.073,2,TRUE,114.955,1,1000,0,0,1,16966,114.955,23788,0.00200000000000244,"C++",TRUE
4538,"A",1000,0,218,169.271,3,TRUE,201.032,2,0,1000,0,1,7838,201.032,49073,0.00399999999999778,"C++",TRUE
4539,"A",1000,0,219,90.013,2,TRUE,114.784,1,1000,0,0,1,15035,114.784,27341,0.000999999999997669,"C++",TRUE
4540,"A",1000,0,220,207.039,2,TRUE,258.994,1,1000,0,0,3,59168,258.994,50901,0.00300000000000011,"C++",TRUE
4541,"A",1000,0,221,90.792,3,TRUE,105.3,2,0,1000,0,1,4405,105.3,23295,0.00200000000000244,"C++",TRUE
4542,"A",1000,0,222,78.994,2,TRUE,104.157,1,1000,0,0,1,17012,104.157,22295,0.000999999999997669,"C++",TRUE
4543,"A",1000,0,223,96.055,3,TRUE,123.397,2,0,1000,0,1,9838,123.397,26597,0.00200000000000244,"C++",TRUE
4544,"A",1000,0,224,91.158,2,TRUE,115.858,1,1000,0,0,2,18034,115.858,26858,0.000999999999997669,"C++",TRUE
4545,"A",1000,0,225,101.162,2,TRUE,137.336,1,1000,0,0,1,17468,137.336,30030,0.00200000000000244,"C++",TRUE
4546,"A",1000,0,226,98.005,2,TRUE,139.895,1,1000,0,0,2,23136,139.895,27566,0.00300000000000011,"C++",TRUE
4547,"A",1000,0,227,78.231,2,TRUE,111.507,1,1000,0,0,1,13179,111.507,23779,0.000999999999997669,"C++",TRUE
4548,"A",1000,0,228,192.068,2,TRUE,220.544,1,1000,0,0,1,12416,220.544,57354,0.00399999999999778,"C++",TRUE
4549,"A",1000,0,229,66.947,2,TRUE,85.176,1,1000,0,0,1,12790,85.176,17827,0.00100000000000477,"C++",TRUE
4550,"A",1000,0,230,100.579,2,TRUE,136.675,1,1000,0,0,1,23316,136.675,29527,0.00199999999999534,"C++",TRUE
4551,"A",1000,0,231,86.051,2,TRUE,109.359,1,1000,0,0,1,9499,109.359,25930,0.00100000000000477,"C++",TRUE
4552,"A",1000,0,232,89.882,3,TRUE,107.464,2,0,1000,0,1,9214,107.464,23490,0.00199999999999534,"C++",TRUE
4553,"A",1000,0,233,71.121,2,TRUE,97.56,1,1000,0,0,1,11988,97.56,22902,0.00100000000000477,"C++",TRUE
4554,"A",1000,0,234,157.352,2,TRUE,198.25,1,1000,0,0,2,29545,198.25,43784,0.00300000000000011,"C++",TRUE
4555,"A",1000,0,235,92.124,3,TRUE,115.295,2,0,1000,0,1,9289,115.295,24117,0.000999999999997669,"C++",TRUE
4556,"A",1000,0,236,67.744,2,TRUE,96.226,1,1000,0,0,1,18705,96.226,20460,0.000999999999997669,"C++",TRUE
4557,"A",1000,0,237,87.762,3,TRUE,122.404,2,0,1000,0,1,5323,122.404,24500,0.00200000000000244,"C++",TRUE
4558,"A",1000,0,238,114.6,2,TRUE,179.953,1,1000,0,0,2,55476,179.953,30299,0.00200000000000244,"C++",TRUE
4559,"A",1000,0,239,113.896,2,TRUE,145.598,1,1000,0,0,1,23146,145.598,33715,0.00199999999999534,"C++",TRUE
4560,"A",1000,0,240,47.948,2,TRUE,74.193,1,1000,0,0,1,13180,74.193,14828,0,"C++",TRUE
4561,"A",1000,0,241,141.389,1,TRUE,148.903,3,0,0,1000,2,16987,148.903,35666,0.00300000000000011,"C++",TRUE
4562,"A",1000,0,242,103.226,2,TRUE,123.098,1,1000,0,0,1,15052,123.098,29119,0.00100000000000477,"C++",TRUE
4563,"A",1000,0,243,73.272,2,TRUE,97.756,1,1000,0,0,1,12964,97.756,22424,0.00199999999999534,"C++",TRUE
4564,"A",1000,0,244,66.133,2,TRUE,98.99,1,1000,0,0,1,15455,98.99,19088,0.00100000000000477,"C++",TRUE
4565,"A",1000,0,245,95.243,3,TRUE,118.65,2,0,1000,0,1,8843,118.65,24978,0.000999999999997669,"C++",TRUE
4566,"A",1000,0,246,59.088,2,TRUE,82.643,1,1000,0,0,1,14174,82.643,18264,0.000999999999997669,"C++",TRUE
4567,"A",1000,0,247,71.252,3,TRUE,93.608,2,0,1000,0,1,9912,93.608,17769,0.00100000000000477,"C++",TRUE
4568,"A",1000,0,248,113.091,2,TRUE,165.652,1,1000,0,0,2,40190,165.652,28754,0.00199999999999534,"C++",TRUE
4569,"A",1000,0,249,86.125,2,TRUE,114.011,1,1000,0,0,2,16680,114.011,25282,0.00100000000000477,"C++",TRUE
4570,"A",1000,0,250,83.948,2,TRUE,123.35,1,1000,0,0,1,28978,123.35,22192,0.00199999999999534,"C++",TRUE
4571,"A",1000,0,251,69.246,3,TRUE,78.942,2,0,1000,0,0,5815,78.942,17921,0.00100000000000477,"C++",TRUE
4572,"A",1000,0,252,147.095,1,TRUE,149.591,3,0,0,1000,2,12080,149.591,36999,0.00199999999999534,"C++",TRUE
4573,"A",1000,0,253,63.67,2,TRUE,89.536,1,1000,0,0,1,11885,89.536,19651,0.00100000000000477,"C++",TRUE
4574,"A",1000,0,254,85.144,2,TRUE,119.117,1,1000,0,0,1,11346,119.117,25505,0.00199999999999534,"C++",TRUE
4575,"A",1000,0,255,126.743,2,TRUE,165.52,1,1000,0,0,2,36191,165.52,32306,0.00100000000000477,"C++",TRUE
4576,"A",1000,0,256,94.933,2,TRUE,140.481,1,1000,0,0,1,23436,140.481,28501,0.00199999999999534,"C++",TRUE
4577,"A",1000,0,257,67.675,3,TRUE,103.695,2,0,1000,0,0,0,103.695,19512,0.000999999999997669,"C++",TRUE
4578,"A",1000,0,258,115.903,2,TRUE,149.477,1,1000,0,0,1,18991,149.477,35205,0.00200000000000244,"C++",TRUE
4579,"A",1000,0,259,81.694,1,TRUE,99.447,3,0,0,1000,1,10953,99.447,19796,0.000999999999997669,"C++",TRUE
4580,"A",1000,0,260,106.813,2,TRUE,139.051,1,1000,0,0,2,20010,139.051,31198,0.00200000000000244,"C++",TRUE
4581,"A",1000,0,261,44.092,2,TRUE,67.989,1,1000,0,0,1,11378,67.989,14514,0.000999999999997669,"C++",TRUE
4582,"A",1000,0,262,65.211,2,TRUE,94.978,1,1000,0,0,1,15193,94.978,20486,0.00100000000000477,"C++",TRUE
4583,"A",1000,0,263,80.899,2,TRUE,98.298,1,1000,0,0,1,13860,98.298,22364,0.00199999999999534,"C++",TRUE
4584,"A",1000,0,264,54.768,2,TRUE,68.573,1,1000,0,0,1,8697,68.573,15963,0.00100000000000477,"C++",TRUE
4585,"A",1000,0,265,132.151,2,TRUE,167.751,1,1000,0,0,1,19360,167.751,39974,0.00199999999999534,"C++",TRUE
4586,"A",1000,0,266,123.129,2,TRUE,135.882,1,1000,0,0,1,8146,135.882,33769,0.00200000000000244,"C++",TRUE
4587,"A",1000,0,267,144.716,2,TRUE,186.727,1,1000,0,0,2,36186,186.727,38983,0.00200000000000244,"C++",TRUE
4588,"A",1000,0,268,74.288,2,TRUE,107.148,1,1000,0,0,1,15276,107.148,22802,0.00199999999999534,"C++",TRUE
4589,"A",1000,0,269,67.031,2,TRUE,86.378,1,1000,0,0,1,12319,86.378,20171,0.00100000000000477,"C++",TRUE
4590,"A",1000,0,270,128.779,3,TRUE,154.706,2,0,1000,0,1,6725,154.706,36237,0.00199999999999534,"C++",TRUE
4591,"A",1000,0,271,94.052,2,TRUE,123.559,1,1000,0,0,1,18187,123.559,26256,0.00200000000000244,"C++",TRUE
4592,"A",1000,0,272,91.086,2,TRUE,118.663,1,1000,0,0,1,14639,118.663,26568,0.000999999999997669,"C++",TRUE
4593,"A",1000,0,273,136.569,2,TRUE,177.179,1,1000,0,0,2,29059,177.179,37810,0.00200000000000244,"C++",TRUE
4594,"A",1000,0,274,54.803,2,TRUE,85.553,1,1000,0,0,1,10905,85.553,17281,0.000999999999997669,"C++",TRUE
4595,"A",1000,0,275,88.994,2,TRUE,117.82,1,1000,0,0,1,19184,117.82,24894,0.00200000000000244,"C++",TRUE
4596,"A",1000,0,276,124.594,2,TRUE,158.345,1,1000,0,0,1,13931,158.345,36534,0.00200000000000244,"C++",TRUE
4597,"A",1000,0,277,93.999,3,TRUE,105.548,2,0,1000,0,1,7719,105.548,25284,0.00199999999999534,"C++",TRUE
4598,"A",1000,0,278,79.542,2,TRUE,113.934,1,1000,0,0,1,21963,113.934,23511,0.00100000000000477,"C++",TRUE
4599,"A",1000,0,279,103.356,2,TRUE,127.615,1,1000,0,0,1,20396,127.615,29547,0.00199999999999534,"C++",TRUE
4600,"A",1000,0,280,112.654,2,TRUE,128.183,1,1000,0,0,1,11316,128.183,30813,0.00200000000000244,"C++",TRUE
4601,"A",1000,0,281,101.502,3,TRUE,142.811,2,0,1000,0,1,11641,142.811,27272,0.000999999999997669,"C++",TRUE
4602,"A",1000,0,282,126.528,2,TRUE,154.05,1,1000,0,0,2,25157,154.05,33011,0.00200000000000244,"C++",TRUE
4603,"A",1000,0,283,75.891,2,TRUE,107.076,1,1000,0,0,1,20501,107.076,22507,0.000999999999997669,"C++",TRUE
4604,"A",1000,0,284,103.143,2,TRUE,127.728,1,1000,0,0,1,12955,127.728,30265,0.00200000000000244,"C++",TRUE
4605,"A",1000,0,285,80.526,2,TRUE,100.617,1,1000,0,0,1,15141,100.617,22144,0.000999999999997669,"C++",TRUE
4606,"A",1000,0,286,156.137,2,TRUE,186.706,1,1000,0,0,3,27869,186.706,41537,0.00300000000000011,"C++",TRUE
4607,"A",1000,0,287,109.188,2,TRUE,153.159,1,1000,0,0,2,35232,153.159,30125,0.00200000000000244,"C++",TRUE
4608,"A",1000,0,288,113.907,2,TRUE,142.777,1,1000,0,0,1,17164,142.777,33727,0.00200000000000244,"C++",TRUE
4609,"A",1000,0,289,107.99,2,TRUE,136.666,1,1000,0,0,2,20192,136.666,29280,0.000999999999997669,"C++",TRUE
4610,"A",1000,0,290,105.313,2,TRUE,130.898,1,1000,0,0,1,17169,130.898,30487,0.00200000000000244,"C++",TRUE
4611,"A",1000,0,291,84.14,2,TRUE,107.324,1,1000,0,0,1,13424,107.324,24645,0.00199999999999534,"C++",TRUE
4612,"A",1000,0,292,96.345,2,TRUE,126.905,1,1000,0,0,1,14242,126.905,28484,0.00100000000000477,"C++",TRUE
4613,"A",1000,0,293,91.45,2,TRUE,133.444,1,1000,0,0,1,33320,133.444,23375,0.00199999999999534,"C++",TRUE
4614,"A",1000,0,294,76.654,3,TRUE,107.946,2,0,1000,0,1,1675,107.946,23015,0.00100000000000477,"C++",TRUE
4615,"A",1000,0,295,123.207,2,TRUE,137.703,1,1000,0,0,1,15729,137.703,33274,0.00199999999999534,"C++",TRUE
4616,"A",1000,0,296,87.615,2,TRUE,111.124,1,1000,0,0,1,9290,111.124,25170,0.000999999999997669,"C++",TRUE
4617,"A",1000,0,297,75.205,2,TRUE,113.989,1,1000,0,0,1,22291,113.989,21498,0.00200000000000244,"C++",TRUE
4618,"A",1000,0,298,88.148,2,TRUE,127.367,1,1000,0,0,1,14926,127.367,26724,0.000999999999997669,"C++",TRUE
4619,"A",1000,0,299,103.913,2,TRUE,142.332,1,1000,0,0,2,32556,142.332,27864,0.00200000000000244,"C++",TRUE
4620,"A",1000,0,300,107.923,2,TRUE,138.424,1,1000,0,0,2,28057,138.424,30496,0.00200000000000244,"C++",TRUE
4621,"A",1000,0,301,142.604,2,TRUE,218.153,1,1000,0,0,2,59178,218.153,38629,0.00199999999999534,"C++",TRUE
4622,"A",1000,0,302,124.922,2,TRUE,166.97,1,1000,0,0,2,30116,166.97,33618,0.00200000000000244,"C++",TRUE
4623,"A",1000,0,303,115.072,2,TRUE,132.158,1,1000,0,0,1,7652,132.158,34908,0.00200000000000244,"C++",TRUE
4624,"A",1000,0,304,126.472,2,TRUE,153.788,1,1000,0,0,1,9215,153.788,37561,0.00199999999999534,"C++",TRUE
4625,"A",1000,0,305,91.302,2,TRUE,121.531,1,1000,0,0,2,23023,121.531,24014,0.00200000000000244,"C++",TRUE
4626,"A",1000,0,306,107.604,3,TRUE,129.022,2,0,1000,0,1,8034,129.022,29376,0.000999999999997669,"C++",TRUE
4627,"A",1000,0,307,83.462,2,TRUE,117.6,1,1000,0,0,2,20646,117.6,22721,0.00200000000000244,"C++",TRUE
4628,"A",1000,0,308,95.111,2,TRUE,130.318,1,1000,0,0,2,28328,130.318,25249,0.000999999999997669,"C++",TRUE
4629,"A",1000,0,309,97.478,2,TRUE,123.355,1,1000,0,0,1,15940,123.355,29989,0.00200000000000244,"C++",TRUE
4630,"A",1000,0,310,84.453,2,TRUE,103.129,1,1000,0,0,1,11209,103.129,25978,0.000999999999997669,"C++",TRUE
4631,"A",1000,0,311,131.153,2,TRUE,169.545,1,1000,0,0,1,22994,169.545,39509,0.00300000000000011,"C++",TRUE
4632,"A",1000,0,312,94.802,2,TRUE,115.023,1,1000,0,0,1,10389,115.023,28685,0.00100000000000477,"C++",TRUE
4633,"A",1000,0,313,97.636,1,TRUE,106.048,3,0,0,1000,1,11329,106.048,23083,0.00199999999999534,"C++",TRUE
4634,"A",1000,0,314,96.091,2,TRUE,129.963,1,1000,0,0,1,14697,129.963,29232,0.00200000000000244,"C++",TRUE
4635,"A",1000,0,315,63.622,2,TRUE,88.775,1,1000,0,0,1,10415,88.775,18967,0.000999999999997669,"C++",TRUE
4636,"A",1000,0,316,70.416,2,TRUE,104.374,1,1000,0,0,1,17611,104.374,20318,0.00100000000000477,"C++",TRUE
4637,"A",1000,0,317,97.48,2,TRUE,116.748,1,1000,0,0,1,10576,116.748,28970,0.00199999999999534,"C++",TRUE
4638,"A",1000,0,318,94.681,1,TRUE,108.793,3,0,0,1000,1,8107,108.793,26770,0.00100000000000477,"C++",TRUE
4639,"A",1000,0,319,76.53,2,TRUE,107.213,1,1000,0,0,1,23448,107.213,22143,0.00199999999999534,"C++",TRUE
4640,"A",1000,0,320,80.71,2,TRUE,100.886,1,1000,0,0,1,14864,100.886,22679,0.00100000000000477,"C++",TRUE
4641,"A",1000,0,321,121.522,2,TRUE,156.846,1,1000,0,0,2,35907,156.846,30230,0.00199999999999534,"C++",TRUE
4642,"A",1000,0,322,105.529,2,TRUE,131.466,1,1000,0,0,1,14873,131.466,29659,0.00100000000000477,"C++",TRUE
4643,"A",1000,0,323,114.525,1,TRUE,129.788,3,0,0,1000,2,17076,129.788,27123,0.00199999999999534,"C++",TRUE
4644,"A",1000,0,324,83.746,2,TRUE,119.257,1,1000,0,0,1,21172,119.257,24135,0.00100000000000477,"C++",TRUE
4645,"A",1000,0,325,52.852,2,TRUE,71.137,1,1000,0,0,1,11302,71.137,15753,0.000999999999997669,"C++",TRUE
4646,"A",1000,0,326,82.112,2,TRUE,105.666,1,1000,0,0,1,13022,105.666,24973,0.00200000000000244,"C++",TRUE
4647,"A",1000,0,327,80.502,2,TRUE,138.444,1,1000,0,0,1,46430,138.444,23996,0.000999999999997669,"C++",TRUE
4648,"A",1000,0,328,109.802,2,TRUE,130.641,1,1000,0,0,1,10160,130.641,31770,0.00200000000000244,"C++",TRUE
4649,"A",1000,0,329,81.196,2,TRUE,130.497,1,1000,0,0,1,28764,130.497,22787,0.000999999999997669,"C++",TRUE
4650,"A",1000,0,330,105.593,3,TRUE,133.886,2,0,1000,0,1,8285,133.886,29064,0.00200000000000244,"C++",TRUE
4651,"A",1000,0,331,77.122,2,TRUE,107.661,1,1000,0,0,1,14349,107.661,22011,0.000999999999997669,"C++",TRUE
4652,"A",1000,0,332,79.834,3,TRUE,102.504,2,0,1000,0,1,8427,102.504,22867,0.00200000000000244,"C++",TRUE
4653,"A",1000,0,333,105.471,2,TRUE,136.365,1,1000,0,0,1,14225,136.365,31756,0.00199999999999534,"C++",TRUE
4654,"A",1000,0,334,90.852,3,TRUE,115.494,2,0,1000,0,1,7219,115.494,24781,0.000999999999997669,"C++",TRUE
4655,"A",1000,0,335,97.155,3,TRUE,119.142,2,0,1000,0,1,5100,119.142,28106,0.00200000000000244,"C++",TRUE
4656,"A",1000,0,336,85.6,2,TRUE,118.478,1,1000,0,0,1,21025,118.478,25313,0.000999999999997669,"C++",TRUE
4657,"A",1000,0,337,153.738,3,TRUE,172.585,2,0,1000,0,1,8851,172.585,43786,0.00300000000000011,"C++",TRUE
4658,"A",1000,0,338,116.322,2,TRUE,141.292,1,1000,0,0,2,18371,141.292,32111,0.00200000000000244,"C++",TRUE
4659,"A",1000,0,339,92.085,2,TRUE,126.559,1,1000,0,0,1,20599,126.559,26160,0.000999999999997669,"C++",TRUE
4660,"A",1000,0,340,144.899,1,TRUE,159.902,3,0,0,1000,2,15090,159.902,38436,0.00300000000000011,"C++",TRUE
4661,"A",1000,0,341,99.236,1,TRUE,107.376,3,0,0,1000,2,12419,107.376,22997,0.00100000000000477,"C++",TRUE
4662,"A",1000,0,342,72.093,2,TRUE,85.771,1,1000,0,0,1,9328,85.771,21398,0.000999999999997669,"C++",TRUE
4663,"A",1000,0,343,102.798,2,TRUE,142.16,1,1000,0,0,1,24253,142.16,27578,0.00200000000000244,"C++",TRUE
4664,"A",1000,0,344,118.689,2,TRUE,147.978,1,1000,0,0,2,19925,147.978,32696,0.00199999999999534,"C++",TRUE
4665,"A",1000,0,345,87.986,2,TRUE,101.698,1,1000,0,0,1,8509,101.698,22100,0.00100000000000477,"C++",TRUE
4666,"A",1000,0,346,114.269,2,TRUE,145.769,1,1000,0,0,2,28515,145.769,31345,0.00199999999999534,"C++",TRUE
4667,"A",1000,0,347,68.002,2,TRUE,103.054,1,1000,0,0,1,26620,103.054,18740,0.00100000000000477,"C++",TRUE
4668,"A",1000,0,348,107.228,3,TRUE,144.858,2,0,1000,0,1,8714,144.858,29576,0.00199999999999534,"C++",TRUE
4669,"A",1000,0,349,102.383,2,TRUE,118.052,1,1000,0,0,1,9374,118.052,30092,0.00200000000000244,"C++",TRUE
4670,"A",1000,0,350,57.308,2,TRUE,78.399,1,1000,0,0,1,10591,78.399,14953,0,"C++",TRUE
4671,"A",1000,0,351,195.757,3,TRUE,209.838,2,0,1000,0,1,470,209.838,55548,0.00399999999999778,"C++",TRUE
4672,"A",1000,0,352,98.768,1,TRUE,112.764,3,0,0,1000,2,11415,112.764,23058,0.00100000000000477,"C++",TRUE
4673,"A",1000,0,353,68.743,2,TRUE,90.082,1,1000,0,0,1,13191,90.082,21013,0.000999999999997669,"C++",TRUE
4674,"A",1000,0,354,65.407,2,TRUE,85.149,1,1000,0,0,1,14011,85.149,19653,0.00200000000000244,"C++",TRUE
4675,"A",1000,0,355,88.574,2,TRUE,121.427,1,1000,0,0,1,18234,121.427,27606,0.000999999999997669,"C++",TRUE
4676,"A",1000,0,356,110.603,2,TRUE,127.979,1,1000,0,0,2,18621,127.979,27478,0.00200000000000244,"C++",TRUE
4677,"A",1000,0,357,94.134,2,TRUE,134.888,1,1000,0,0,1,31892,134.888,26530,0.000999999999997669,"C++",TRUE
4678,"A",1000,0,358,90.029,2,TRUE,130.007,1,1000,0,0,1,21759,130.007,27129,0.00200000000000244,"C++",TRUE
4679,"A",1000,0,359,96.978,3,TRUE,121.307,2,0,1000,0,1,11618,121.307,25196,0.000999999999997669,"C++",TRUE
4680,"A",1000,0,360,97.612,1,TRUE,103.695,3,0,0,1000,1,8316,103.695,25409,0.00200000000000244,"C++",TRUE
4681,"A",1000,0,361,88.981,3,TRUE,124.23,2,0,1000,0,1,10041,124.23,24095,0.000999999999997669,"C++",TRUE
4682,"A",1000,0,362,109.281,3,TRUE,140.186,2,0,1000,0,1,9197,140.186,28429,0.00200000000000244,"C++",TRUE
4683,"A",1000,0,363,105.104,3,TRUE,144.087,2,0,1000,0,1,3324,144.087,32706,0.00199999999999534,"C++",TRUE
4684,"A",1000,0,364,61.17,3,TRUE,89.101,2,0,1000,0,0,8287,89.101,16992,0.00100000000000477,"C++",TRUE
4685,"A",1000,0,365,86.7,2,TRUE,117.686,1,1000,0,0,1,13606,117.686,26563,0.00199999999999534,"C++",TRUE
4686,"A",1000,0,366,88.706,2,TRUE,138.15,1,1000,0,0,1,31888,138.15,26445,0.00100000000000477,"C++",TRUE
4687,"A",1000,0,367,114.582,2,TRUE,149.662,1,1000,0,0,2,27044,149.662,33410,0.00199999999999534,"C++",TRUE
4688,"A",1000,0,368,151.343,2,TRUE,193.217,1,1000,0,0,2,30698,193.217,41481,0.00200000000000244,"C++",TRUE
4689,"A",1000,0,369,102.934,2,TRUE,142,1,1000,0,0,2,25901,142,28207,0.00200000000000244,"C++",TRUE
4690,"A",1000,0,370,154.712,2,TRUE,185.836,1,1000,0,0,1,22969,185.836,46215,0.00399999999999778,"C++",TRUE
4691,"A",1000,0,371,122.643,2,TRUE,145.63,1,1000,0,0,1,16557,145.63,36779,0.00399999999999778,"C++",TRUE
4692,"A",1000,0,372,84.397,2,TRUE,117.281,1,1000,0,0,1,20944,117.281,25332,0.00300000000000011,"C++",TRUE
4693,"A",1000,0,373,133.69,2,TRUE,159.783,1,1000,0,0,1,13829,159.783,39455,0.00300000000000011,"C++",TRUE
4694,"A",1000,0,374,132.029,2,TRUE,159.424,1,1000,0,0,2,21577,159.424,38832,0.00200000000000244,"C++",TRUE
4695,"A",1000,0,375,122.469,2,TRUE,133.412,1,1000,0,0,1,9310,133.412,34099,0.00199999999999534,"C++",TRUE
4696,"A",1000,0,376,114.507,2,TRUE,147.136,1,1000,0,0,2,29400,147.136,31981,0.00200000000000244,"C++",TRUE
4697,"A",1000,0,377,84.142,3,TRUE,102.815,2,0,1000,0,1,10280,102.815,22138,0.000999999999997669,"C++",TRUE
4698,"A",1000,0,378,74.126,2,TRUE,103.694,1,1000,0,0,1,11000,103.694,23721,0.00200000000000244,"C++",TRUE
4699,"A",1000,0,379,102.202,2,TRUE,137.475,1,1000,0,0,1,31253,137.475,27569,0.000999999999997669,"C++",TRUE
4700,"A",1000,0,380,93.604,2,TRUE,123.685,3,0,0,1000,1,37631,123.685,23443,0.00200000000000244,"C++",TRUE
4701,"A",1000,0,381,93.943,3,TRUE,115.399,2,0,1000,0,1,6684,115.399,25479,0.000999999999997669,"C++",TRUE
4702,"A",1000,0,382,84.594,3,TRUE,124.73,2,0,1000,0,1,9907,124.73,22241,0.00200000000000244,"C++",TRUE
4703,"A",1000,0,383,123.758,2,TRUE,157.154,1,1000,0,0,2,23382,157.154,36071,0.00200000000000244,"C++",TRUE
4704,"A",1000,0,384,155.16,2,TRUE,187.345,1,1000,0,0,1,12399,187.345,45987,0.00300000000000011,"C++",TRUE
4705,"A",1000,0,385,112.116,2,TRUE,152.47,1,1000,0,0,2,33996,152.47,29394,0.000999999999997669,"C++",TRUE
4706,"A",1000,0,386,160.087,2,TRUE,193.346,1,1000,0,0,1,24984,193.346,43688,0.00300000000000011,"C++",TRUE
4707,"A",1000,0,387,94.926,2,TRUE,127.535,1,1000,0,0,1,19830,127.535,27644,0.000999999999997669,"C++",TRUE
4708,"A",1000,0,388,93.325,2,TRUE,125.739,1,1000,0,0,1,14714,125.739,27827,0.00200000000000244,"C++",TRUE
4709,"A",1000,0,389,90.203,2,TRUE,123.513,1,1000,0,0,2,24293,123.513,25063,0.00200000000000244,"C++",TRUE
4710,"A",1000,0,390,58.045,3,TRUE,85.673,2,0,1000,0,0,6884,85.673,16092,0,"C++",TRUE
4711,"A",1000,0,391,52.278,3,TRUE,81.287,2,0,1000,0,1,7839,81.287,13591,0.000999999999997669,"C++",TRUE
4712,"A",1000,0,392,104.184,3,TRUE,115.043,2,0,1000,0,1,10477,115.043,26480,0.00200000000000244,"C++",TRUE
4713,"A",1000,0,393,112.258,2,TRUE,138.931,1,1000,0,0,1,12430,138.931,32539,0.00199999999999534,"C++",TRUE
4714,"A",1000,0,394,108.906,3,TRUE,127.297,2,0,1000,0,1,1086,127.297,31408,0.00200000000000244,"C++",TRUE
4715,"A",1000,0,395,111.635,2,TRUE,143.279,1,1000,0,0,1,9325,143.279,32417,0.00200000000000244,"C++",TRUE
4716,"A",1000,0,396,57.219,3,TRUE,74.146,2,0,1000,0,1,3929,74.146,15819,0.000999999999997669,"C++",TRUE
4717,"A",1000,0,397,122.671,2,TRUE,173.952,1,1000,0,0,2,38387,173.952,33525,0.00200000000000244,"C++",TRUE
4718,"A",1000,0,398,294.212,2,TRUE,314.838,1,1000,0,0,1,17010,314.838,86239,0.00499999999999545,"C++",TRUE
4719,"A",1000,0,399,95.078,2,TRUE,145.505,1,1000,0,0,1,25883,145.505,28112,0.00200000000000244,"C++",TRUE
4720,"A",1000,0,400,78.088,2,TRUE,110.479,1,1000,0,0,1,22665,110.479,21212,0.000999999999997669,"C++",TRUE
4721,"A",1000,0,401,108.752,3,TRUE,129.515,2,0,1000,0,1,9770,129.515,29053,0.00200000000000244,"C++",TRUE
4722,"A",1000,0,402,87.65,2,TRUE,95.022,1,1000,0,0,1,4908,95.022,22902,0.000999999999997669,"C++",TRUE
4723,"A",1000,0,403,88.73,2,TRUE,106.709,1,1000,0,0,1,10305,106.709,23639,0.00100000000000477,"C++",TRUE
4724,"A",1000,0,404,104.16,1,TRUE,109.597,3,0,0,1000,2,17366,109.597,25039,0.00199999999999534,"C++",TRUE
4725,"A",1000,0,405,87.775,3,TRUE,117.183,2,0,1000,0,1,8739,117.183,25028,0.000999999999997669,"C++",TRUE
4726,"A",1000,0,406,83.213,3,TRUE,102.687,2,0,1000,0,0,0,102.687,24857,0.00200000000000244,"C++",TRUE
4727,"A",1000,0,407,73.937,3,TRUE,95.318,2,0,1000,0,1,4697,95.318,20050,0.000999999999997669,"C++",TRUE
4728,"A",1000,0,408,83.535,2,TRUE,111.168,1,1000,0,0,1,17227,111.168,24009,0.00100000000000477,"C++",TRUE
4729,"A",1000,0,409,55.427,2,TRUE,78.891,1,1000,0,0,1,13153,78.891,17242,0.000999999999997669,"C++",TRUE
4730,"A",1000,0,410,98.919,2,TRUE,125.25,1,1000,0,0,1,11168,125.25,29840,0.00200000000000244,"C++",TRUE
4731,"A",1000,0,411,83.468,2,TRUE,144.064,1,1000,0,0,1,43191,144.064,23571,0.00199999999999534,"C++",TRUE
4732,"A",1000,0,412,135.605,2,TRUE,146.764,1,1000,0,0,1,10272,146.764,37104,0.00200000000000244,"C++",TRUE
4733,"A",1000,0,413,67.959,2,TRUE,115.322,1,1000,0,0,1,32612,115.322,20046,0.000999999999997669,"C++",TRUE
4734,"A",1000,0,414,114.589,2,TRUE,163.024,1,1000,0,0,1,28383,163.024,34166,0.00200000000000244,"C++",TRUE
4735,"A",1000,0,415,122.756,2,TRUE,145.195,1,1000,0,0,2,17489,145.195,32467,0.00200000000000244,"C++",TRUE
4736,"A",1000,0,416,82.11,2,TRUE,106.86,1,1000,0,0,1,8977,106.86,23293,0.000999999999997669,"C++",TRUE
4737,"A",1000,0,417,83.117,3,TRUE,108.817,2,0,1000,0,0,0,108.817,23834,0.00200000000000244,"C++",TRUE
4738,"A",1000,0,418,201.735,2,TRUE,235.343,1,1000,0,0,2,23491,235.343,57539,0.00300000000000011,"C++",TRUE
4739,"A",1000,0,419,55.177,2,TRUE,81.69,1,1000,0,0,1,17712,81.69,16772,0.000999999999997669,"C++",TRUE
4740,"A",1000,0,420,168.357,2,TRUE,189.19,1,1000,0,0,1,10835,189.19,47743,0.00300000000000011,"C++",TRUE
4741,"A",1000,0,421,122.896,2,TRUE,141.786,1,1000,0,0,1,20708,141.786,33605,0.00200000000000244,"C++",TRUE
4742,"A",1000,0,422,96.721,2,TRUE,131.042,1,1000,0,0,1,28230,131.042,25723,0.000999999999997669,"C++",TRUE
4743,"A",1000,0,423,131.566,2,TRUE,162.842,1,1000,0,0,2,25227,162.842,34522,0.00200000000000244,"C++",TRUE
4744,"A",1000,0,424,68.973,2,TRUE,98.215,1,1000,0,0,1,18292,98.215,21058,0.00199999999999534,"C++",TRUE
4745,"A",1000,0,425,110.049,3,TRUE,132.44,2,0,1000,0,1,12512,132.44,25474,0.00100000000000477,"C++",TRUE
4746,"A",1000,0,426,74.318,2,TRUE,102.803,1,1000,0,0,1,13479,102.803,22449,0.000999999999997669,"C++",TRUE
4747,"A",1000,0,427,74.241,2,TRUE,100.172,1,1000,0,0,1,9085,100.172,22695,0.00200000000000244,"C++",TRUE
4748,"A",1000,0,428,68.721,2,TRUE,100.502,1,1000,0,0,1,20832,100.502,20139,0.000999999999997669,"C++",TRUE
4749,"A",1000,0,429,102.27,2,TRUE,137.455,1,1000,0,0,2,20221,137.455,26992,0.00200000000000244,"C++",TRUE
4750,"A",1000,0,430,83.246,3,TRUE,101.008,2,0,1000,0,1,10537,101.008,21993,0.000999999999997669,"C++",TRUE
4751,"A",1000,0,431,129.455,3,TRUE,151.112,2,0,1000,0,1,5666,151.112,38184,0.00200000000000244,"C++",TRUE
4752,"A",1000,0,432,71.551,2,TRUE,111.732,1,1000,0,0,1,16957,111.732,22009,0.000999999999997669,"C++",TRUE
4753,"A",1000,0,433,75.787,2,TRUE,94.259,1,1000,0,0,1,12372,94.259,22660,0.00200000000000244,"C++",TRUE
4754,"A",1000,0,434,70.222,2,TRUE,87.65,1,1000,0,0,1,11043,87.65,19939,0.000999999999997669,"C++",TRUE
4755,"A",1000,0,435,120.209,2,TRUE,162.579,1,1000,0,0,2,26055,162.579,33880,0.00200000000000244,"C++",TRUE
4756,"A",1000,0,436,108.173,2,TRUE,129.083,1,1000,0,0,1,18257,129.083,30460,0.00199999999999534,"C++",TRUE
4757,"A",1000,0,437,99.21,2,TRUE,119.806,1,1000,0,0,2,13108,119.806,28018,0.00100000000000477,"C++",TRUE
4758,"A",1000,0,438,109.176,2,TRUE,146.9,1,1000,0,0,2,34518,146.9,30064,0.00199999999999534,"C++",TRUE
4759,"A",1000,0,439,118.62,2,TRUE,146.205,1,1000,0,0,1,15273,146.205,32876,0.00200000000000244,"C++",TRUE
4760,"A",1000,0,440,143.993,2,TRUE,174.109,1,1000,0,0,1,22294,174.109,41502,0.00300000000000011,"C++",TRUE
4761,"A",1000,0,441,62.552,3,TRUE,81.547,2,0,1000,0,0,5083,81.547,15360,0,"C++",TRUE
4762,"A",1000,0,442,125.235,2,TRUE,153.743,1,1000,0,0,1,13315,153.743,34873,0.00300000000000011,"C++",TRUE
4763,"A",1000,0,443,108.883,2,TRUE,137.223,1,1000,0,0,1,17303,137.223,30135,0.000999999999997669,"C++",TRUE
4764,"A",1000,0,444,105.588,3,TRUE,160.67,2,0,1000,0,1,7663,160.67,30551,0.00200000000000244,"C++",TRUE
4765,"A",1000,0,445,101.48,2,TRUE,126.3,1,1000,0,0,1,12742,126.3,32282,0.00199999999999534,"C++",TRUE
4766,"A",1000,0,446,68.675,2,TRUE,97.937,1,1000,0,0,1,12907,97.937,21203,0.00100000000000477,"C++",TRUE
4767,"A",1000,0,447,93.033,2,TRUE,115.339,1,1000,0,0,1,12062,115.339,27808,0.00199999999999534,"C++",TRUE
4768,"A",1000,0,448,113.147,2,TRUE,141.13,1,1000,0,0,1,24288,141.13,31936,0.00200000000000244,"C++",TRUE
4769,"A",1000,0,449,105.925,2,TRUE,142.376,1,1000,0,0,2,23255,142.376,29275,0.00200000000000244,"C++",TRUE
4770,"A",1000,0,450,106.01,3,TRUE,125.987,2,0,1000,0,1,10551,125.987,26948,0.000999999999997669,"C++",TRUE
4771,"A",1000,0,451,77.225,1,TRUE,102.349,3,0,0,1000,1,10692,102.349,19195,0.000999999999997669,"C++",TRUE
4772,"A",1000,0,452,118.07,2,TRUE,152.208,1,1000,0,0,2,21911,152.208,32307,0.00200000000000244,"C++",TRUE
4773,"A",1000,0,453,134.296,2,TRUE,159.909,1,1000,0,0,1,10560,159.909,39475,0.00300000000000011,"C++",TRUE
4774,"A",1000,0,454,102.195,2,TRUE,125.498,1,1000,0,0,1,12337,125.498,31639,0.00200000000000244,"C++",TRUE
4775,"A",1000,0,455,94.833,2,TRUE,138.169,1,1000,0,0,1,19707,138.169,28668,0.000999999999997669,"C++",TRUE
4776,"A",1000,0,456,101.076,1,TRUE,111.079,3,0,0,1000,2,15209,111.079,22895,0.00200000000000244,"C++",TRUE
4777,"A",1000,0,457,111.855,2,TRUE,146.979,1,1000,0,0,2,28458,146.979,30404,0.000999999999997669,"C++",TRUE
4778,"A",1000,0,458,91.172,2,TRUE,101.414,1,1000,0,0,1,8556,101.414,26416,0.00200000000000244,"C++",TRUE
4779,"A",1000,0,459,91.474,3,TRUE,111.041,2,0,1000,0,1,7117,111.041,24356,0.000999999999997669,"C++",TRUE
4780,"A",1000,0,460,116.547,3,TRUE,148.614,2,0,1000,0,1,13321,148.614,28754,0.00200000000000244,"C++",TRUE
4781,"A",1000,0,461,124.689,2,TRUE,163.581,1,1000,0,0,2,37691,163.581,33072,0.00199999999999534,"C++",TRUE
4782,"A",1000,0,462,66.961,3,TRUE,100.537,2,0,1000,0,1,4414,100.537,19065,0.00100000000000477,"C++",TRUE
4783,"A",1000,0,463,86.756,2,TRUE,112.171,1,1000,0,0,2,19952,112.171,23563,0.000999999999997669,"C++",TRUE
4784,"A",1000,0,464,95.293,3,TRUE,114.059,2,0,1000,0,1,5083,114.059,26233,0.00200000000000244,"C++",TRUE
4785,"A",1000,0,465,95.465,3,TRUE,121.455,2,0,1000,0,1,10374,121.455,25942,0.000999999999997669,"C++",TRUE
4786,"A",1000,0,466,63.53,2,TRUE,86.553,1,1000,0,0,1,20160,86.553,16110,0.000999999999997669,"C++",TRUE
4787,"A",1000,0,467,88.289,2,TRUE,138.473,1,1000,0,0,1,31760,138.473,27008,0.00200000000000244,"C++",TRUE
4788,"A",1000,0,468,86.706,2,TRUE,126.495,1,1000,0,0,1,19189,126.495,23485,0.000999999999997669,"C++",TRUE
4789,"A",1000,0,469,110.249,2,TRUE,133.844,1,1000,0,0,2,24378,133.844,31893,0.00200000000000244,"C++",TRUE
4790,"A",1000,0,470,74.764,2,TRUE,101.229,1,1000,0,0,1,14075,101.229,23474,0.000999999999997669,"C++",TRUE
4791,"A",1000,0,471,91.542,2,TRUE,118.017,1,1000,0,0,1,11878,118.017,29312,0.00200000000000244,"C++",TRUE
4792,"A",1000,0,472,60.462,2,TRUE,74.401,1,1000,0,0,1,8197,74.401,17323,0.000999999999997669,"C++",TRUE
4793,"A",1000,0,473,88.317,2,TRUE,98.626,1,1000,0,0,1,9342,98.626,24840,0.00200000000000244,"C++",TRUE
4794,"A",1000,0,474,67.674,3,TRUE,98.752,2,0,1000,0,0,4107,98.752,20670,0.000999999999997669,"C++",TRUE
4795,"A",1000,0,475,138.635,2,TRUE,184.152,1,1000,0,0,2,44839,184.152,33242,0.00200000000000244,"C++",TRUE
4796,"A",1000,0,476,106.514,3,TRUE,135.664,2,0,1000,0,1,9262,135.664,28526,0.00200000000000244,"C++",TRUE
4797,"A",1000,0,477,104.894,2,TRUE,136.818,1,1000,0,0,2,22334,136.818,28294,0.000999999999997669,"C++",TRUE
4798,"A",1000,0,478,100.713,3,TRUE,120.347,2,0,1000,0,1,8719,120.347,22671,0.00200000000000244,"C++",TRUE
4799,"A",1000,0,479,64.864,2,TRUE,81.806,1,1000,0,0,1,11768,81.806,20081,0.000999999999997669,"C++",TRUE
4800,"A",1000,0,480,77.649,2,TRUE,105.236,1,1000,0,0,1,16244,105.236,22908,0.000999999999997669,"C++",TRUE
4801,"A",1000,0,481,89.395,2,TRUE,101.603,1,1000,0,0,1,14664,101.603,21798,0.00100000000000477,"C++",TRUE
4802,"A",1000,0,482,148.869,2,TRUE,193.34,1,1000,0,0,2,37550,193.34,41779,0.00299999999999301,"C++",TRUE
4803,"A",1000,0,483,71.477,3,TRUE,99.125,2,0,1000,0,1,4910,99.125,19655,0.00100000000000477,"C++",TRUE
4804,"A",1000,0,484,57.695,2,TRUE,81.732,1,1000,0,0,1,8377,81.732,15675,0.000999999999997669,"C++",TRUE
4805,"A",1000,0,485,108.459,2,TRUE,143.49,1,1000,0,0,2,16965,143.49,31983,0.00200000000000244,"C++",TRUE
4806,"A",1000,0,486,72.63,2,TRUE,87.701,1,1000,0,0,0,7362,87.701,22245,0.000999999999997669,"C++",TRUE
4807,"A",1000,0,487,85.522,3,TRUE,115.207,2,0,1000,0,1,8649,115.207,21098,0.000999999999997669,"C++",TRUE
4808,"A",1000,0,488,66.139,2,TRUE,93.65,1,1000,0,0,1,11922,93.65,18606,0.00100000000000477,"C++",TRUE
4809,"A",1000,0,489,128.202,2,TRUE,129.802,3,0,0,1000,2,14749,129.802,31749,0.00199999999999534,"C++",TRUE
4810,"A",1000,0,490,117.021,2,TRUE,160.057,1,1000,0,0,2,28812,160.057,33657,0.00200000000000244,"C++",TRUE
4811,"A",1000,0,491,75.834,3,TRUE,100.278,2,0,1000,0,1,6280,100.278,20412,0.000999999999997669,"C++",TRUE
4812,"A",1000,0,492,120.526,3,TRUE,148.172,2,0,1000,0,1,10173,148.172,33749,0.00200000000000244,"C++",TRUE
4813,"A",1000,0,493,108.583,2,TRUE,152.822,1,1000,0,0,1,29235,152.822,29338,0.00200000000000244,"C++",TRUE
4814,"A",1000,0,494,169.676,2,TRUE,188.512,1,1000,0,0,1,11812,188.512,51256,0.00300000000000011,"C++",TRUE
4815,"A",1000,0,495,120.986,2,TRUE,175.568,1,1000,0,0,2,39475,175.568,31439,0.00199999999999534,"C++",TRUE
4816,"A",1000,0,496,47.532,2,TRUE,71.848,1,1000,0,0,1,10589,71.848,15074,0.00100000000000477,"C++",TRUE
4817,"A",1000,0,497,137.563,2,TRUE,176.185,1,1000,0,0,1,10201,176.185,42543,0.00300000000000011,"C++",TRUE
4818,"A",1000,0,498,115.381,2,TRUE,165.476,1,1000,0,0,1,40789,165.476,29452,0.000999999999997669,"C++",TRUE
4819,"A",1000,0,499,61.579,2,TRUE,100.459,1,1000,0,0,1,14838,100.459,18832,0.000999999999997669,"C++",TRUE
4820,"A",1000,0,500,82.911,3,TRUE,112.667,2,0,1000,0,1,10361,112.667,23154,0.00200000000000244,"C++",TRUE
4821,"A",1000,0,501,140.968,2,TRUE,164.208,1,1000,0,0,1,12506,164.208,41250,0.00200000000000244,"C++",TRUE
4822,"A",1000,0,502,133.246,3,TRUE,157.907,2,0,1000,0,2,19690,157.907,33259,0.00199999999999534,"C++",TRUE
4823,"A",1000,0,503,113.74,2,TRUE,125.141,1,1000,0,0,1,11882,125.141,30759,0.00200000000000244,"C++",TRUE
4824,"A",1000,0,504,88.705,2,TRUE,113.71,1,1000,0,0,1,12020,113.71,27115,0.00200000000000244,"C++",TRUE
4825,"A",1000,0,505,90.765,3,TRUE,113.571,2,0,1000,0,0,4087,113.571,26707,0.000999999999997669,"C++",TRUE
4826,"A",1000,0,506,105.57,2,TRUE,126.947,1,1000,0,0,1,14377,126.947,31015,0.00200000000000244,"C++",TRUE
4827,"A",1000,0,507,92.704,2,TRUE,129.469,1,1000,0,0,1,20687,129.469,27171,0.00199999999999534,"C++",TRUE
4828,"A",1000,0,508,69.628,2,TRUE,100.106,1,1000,0,0,1,9261,100.106,21043,0.00100000000000477,"C++",TRUE
4829,"A",1000,0,509,107.588,2,TRUE,137.247,1,1000,0,0,1,17032,137.247,31281,0.00199999999999534,"C++",TRUE
4830,"A",1000,0,510,83.936,2,TRUE,105.305,1,1000,0,0,1,14554,105.305,23553,0.00100000000000477,"C++",TRUE
4831,"A",1000,0,511,118.756,2,TRUE,155.263,1,1000,0,0,1,27077,155.263,31797,0.00199999999999534,"C++",TRUE
4832,"A",1000,0,512,97.09,2,TRUE,111.603,1,1000,0,0,2,17585,111.603,24654,0.00100000000000477,"C++",TRUE
4833,"A",1000,0,513,113.996,2,TRUE,144.647,1,1000,0,0,1,15455,144.647,33237,0.00199999999999534,"C++",TRUE
4834,"A",1000,0,514,90.864,3,TRUE,119.106,2,0,1000,0,0,6895,119.106,25526,0.00200000000000244,"C++",TRUE
4835,"A",1000,0,515,61.601,2,TRUE,90.857,1,1000,0,0,1,11752,90.857,17748,0.000999999999997669,"C++",TRUE
4836,"A",1000,0,516,108.034,2,TRUE,126.515,1,1000,0,0,1,14037,126.515,30964,0.00200000000000244,"C++",TRUE
4837,"A",1000,0,517,97.552,2,TRUE,120.394,1,1000,0,0,1,10624,120.394,28657,0.00200000000000244,"C++",TRUE
4838,"A",1000,0,518,91.321,3,TRUE,123.238,2,0,1000,0,1,7993,123.238,26128,0.000999999999997669,"C++",TRUE
4839,"A",1000,0,519,140.755,3,TRUE,179.743,2,0,1000,0,2,17619,179.743,35708,0.00199999999999534,"C++",TRUE
4840,"A",1000,0,520,88.045,2,TRUE,115.667,1,1000,0,0,1,16851,115.667,25633,0.00200000000000244,"C++",TRUE
4841,"A",1000,0,521,98.107,2,TRUE,136.241,1,1000,0,0,1,14721,136.241,29407,0.000999999999997669,"C++",TRUE
4842,"A",1000,0,522,101.987,2,TRUE,135.796,1,1000,0,0,2,23755,135.796,28233,0.00200000000000244,"C++",TRUE
4843,"A",1000,0,523,115.625,2,TRUE,143.874,1,1000,0,0,1,15308,143.874,34778,0.00200000000000244,"C++",TRUE
4844,"A",1000,0,524,105.003,3,TRUE,127.745,2,0,1000,0,1,10319,127.745,29192,0.00199999999999534,"C++",TRUE
4845,"A",1000,0,525,125.831,2,TRUE,165.839,1,1000,0,0,2,39796,165.839,31832,0.00200000000000244,"C++",TRUE
4846,"A",1000,0,526,147.126,2,TRUE,181.002,1,1000,0,0,2,27160,181.002,41768,0.00200000000000244,"C++",TRUE
4847,"A",1000,0,527,82.742,2,TRUE,90.909,1,1000,0,0,1,10351,90.909,20605,0.000999999999997669,"C++",TRUE
4848,"A",1000,0,528,62.865,2,TRUE,91.535,1,1000,0,0,1,15575,91.535,18524,0.000999999999997669,"C++",TRUE
4849,"A",1000,0,529,93.162,1,TRUE,100.957,3,0,0,1000,1,14601,100.957,19504,0.00200000000000244,"C++",TRUE
4850,"A",1000,0,530,84.906,2,TRUE,120.261,1,1000,0,0,1,17107,120.261,25579,0.000999999999997669,"C++",TRUE
4851,"A",1000,0,531,131.415,2,TRUE,164.087,1,1000,0,0,2,26136,164.087,36624,0.00200000000000244,"C++",TRUE
4852,"A",1000,0,532,106.527,2,TRUE,160.37,1,1000,0,0,2,41174,160.37,28444,0.00200000000000244,"C++",TRUE
4853,"A",1000,0,533,77.535,2,TRUE,110.2,1,1000,0,0,1,21256,110.2,22703,0.000999999999997669,"C++",TRUE
4854,"A",1000,0,534,64.261,2,TRUE,80.513,1,1000,0,0,1,9755,80.513,19864,0.000999999999997669,"C++",TRUE
4855,"A",1000,0,535,88.996,3,TRUE,119.296,2,0,1000,0,1,11703,119.296,25423,0.00200000000000244,"C++",TRUE
4856,"A",1000,0,536,247.465,2,TRUE,305.877,1,1000,0,0,2,42098,305.877,70344,0.00399999999999778,"C++",TRUE
4857,"A",1000,0,537,83.463,2,TRUE,102.642,1,1000,0,0,1,8043,102.642,24593,0.00200000000000244,"C++",TRUE
4858,"A",1000,0,538,129.453,2,TRUE,184.388,1,1000,0,0,2,34243,184.388,33900,0.00200000000000244,"C++",TRUE
4859,"A",1000,0,539,99.132,2,TRUE,118.361,1,1000,0,0,2,19296,118.361,27075,0.000999999999997669,"C++",TRUE
4860,"A",1000,0,540,61.383,2,TRUE,89.551,1,1000,0,0,1,16858,89.551,18314,0.000999999999997669,"C++",TRUE
4861,"A",1000,0,541,75.736,2,TRUE,93.984,1,1000,0,0,1,9864,93.984,22096,0.00200000000000244,"C++",TRUE
4862,"A",1000,0,542,75.015,2,TRUE,97.494,1,1000,0,0,1,10715,97.494,23142,0.000999999999997669,"C++",TRUE
4863,"A",1000,0,543,94.41,2,TRUE,129.524,1,1000,0,0,2,28595,129.524,23594,0.00100000000000477,"C++",TRUE
4864,"A",1000,0,544,103.816,1,TRUE,144.871,3,0,0,1000,2,18126,144.871,23680,0.00199999999999534,"C++",TRUE
4865,"A",1000,0,545,95.481,2,TRUE,128.594,1,1000,0,0,2,24903,128.594,26343,0.00100000000000477,"C++",TRUE
4866,"A",1000,0,546,75.375,2,TRUE,92.815,1,1000,0,0,1,9614,92.815,21080,0.000999999999997669,"C++",TRUE
4867,"A",1000,0,547,126.233,3,TRUE,153.034,2,0,1000,0,2,17831,153.034,31492,0.00200000000000244,"C++",TRUE
4868,"A",1000,0,548,156.494,1,TRUE,168.856,3,0,0,1000,1,14646,168.856,42731,0.00300000000000011,"C++",TRUE
4869,"A",1000,0,549,58.881,2,TRUE,94.776,1,1000,0,0,1,19547,94.776,19348,0.000999999999997669,"C++",TRUE
4870,"A",1000,0,550,94.165,2,TRUE,113.049,1,1000,0,0,1,11997,113.049,28472,0.00200000000000244,"C++",TRUE
4871,"A",1000,0,551,95.3,1,TRUE,111.526,3,0,0,1000,1,7341,111.526,24877,0.000999999999997669,"C++",TRUE
4872,"A",1000,0,552,163.315,2,TRUE,206.548,1,1000,0,0,2,30274,206.548,47753,0.00300000000000011,"C++",TRUE
4873,"A",1000,0,553,68.168,2,TRUE,101.724,1,1000,0,0,1,11208,101.724,20453,0.000999999999997669,"C++",TRUE
4874,"A",1000,0,554,65.91,2,TRUE,87.102,1,1000,0,0,1,10901,87.102,19842,0.00100000000000477,"C++",TRUE
4875,"A",1000,0,555,82.061,2,TRUE,122.084,1,1000,0,0,1,26609,122.084,25659,0.00199999999999534,"C++",TRUE
4876,"A",1000,0,556,136.288,2,TRUE,170.281,1,1000,0,0,2,18562,170.281,37963,0.00200000000000244,"C++",TRUE
4877,"A",1000,0,557,159.43,2,TRUE,190.55,1,1000,0,0,1,19700,190.55,48262,0.00300000000000011,"C++",TRUE
4878,"A",1000,0,558,86.928,2,TRUE,103.053,1,1000,0,0,1,10208,103.053,25322,0.000999999999997669,"C++",TRUE
4879,"A",1000,0,559,128.6,3,TRUE,155.85,2,0,1000,0,1,10343,155.85,36104,0.00200000000000244,"C++",TRUE
4880,"A",1000,0,560,82.739,2,TRUE,119.451,1,1000,0,0,1,25381,119.451,22947,0.00199999999999534,"C++",TRUE
4881,"A",1000,0,561,118.4,2,TRUE,161.739,1,1000,0,0,1,26816,161.739,33423,0.00200000000000244,"C++",TRUE
4882,"A",1000,0,562,127.505,2,TRUE,165.476,1,1000,0,0,2,39572,165.476,31286,0.000999999999997669,"C++",TRUE
4883,"A",1000,0,563,59.775,2,TRUE,79.461,1,1000,0,0,1,11312,79.461,17751,0.00100000000000477,"C++",TRUE
4884,"A",1000,0,564,100.979,2,TRUE,122.674,1,1000,0,0,1,12019,122.674,28156,0.00199999999999534,"C++",TRUE
4885,"A",1000,0,565,146.878,2,TRUE,164.26,1,1000,0,0,1,13236,164.26,42617,0.00300000000000011,"C++",TRUE
4886,"A",1000,0,566,93.34,2,TRUE,117.834,1,1000,0,0,1,13973,117.834,28946,0.00100000000000477,"C++",TRUE
4887,"A",1000,0,567,99.124,2,TRUE,128.605,1,1000,0,0,1,13270,128.605,30434,0.00199999999999534,"C++",TRUE
4888,"A",1000,0,568,145.871,3,TRUE,162.954,2,0,1000,0,1,6608,162.954,41047,0.00200000000000244,"C++",TRUE
4889,"A",1000,0,569,79.357,2,TRUE,113.897,1,1000,0,0,1,19238,113.897,23400,0.00200000000000244,"C++",TRUE
4890,"A",1000,0,570,108.539,2,TRUE,146.672,1,1000,0,0,2,35724,146.672,26370,0.000999999999997669,"C++",TRUE
4891,"A",1000,0,571,107.856,2,TRUE,152.22,1,1000,0,0,1,32095,152.22,32197,0.00200000000000244,"C++",TRUE
4892,"A",1000,0,572,50.28,2,TRUE,68.972,1,1000,0,0,1,9415,68.972,13936,0.000999999999997669,"C++",TRUE
4893,"A",1000,0,573,132.439,2,TRUE,166.045,1,1000,0,0,1,13827,166.045,41699,0.00200000000000244,"C++",TRUE
4894,"A",1000,0,574,84.081,2,TRUE,104.792,1,1000,0,0,1,12652,104.792,24482,0.00199999999999534,"C++",TRUE
4895,"A",1000,0,575,67.266,2,TRUE,93.09,1,1000,0,0,1,16924,93.09,20202,0.00100000000000477,"C++",TRUE
4896,"A",1000,0,576,128.988,2,TRUE,164.226,1,1000,0,0,2,22611,164.226,37606,0.00199999999999534,"C++",TRUE
4897,"A",1000,0,577,153.255,2,TRUE,187.836,1,1000,0,0,1,21913,187.836,47021,0.00300000000000011,"C++",TRUE
4898,"A",1000,0,578,145.812,2,TRUE,165.362,1,1000,0,0,2,10941,165.362,41833,0.00200000000000244,"C++",TRUE
4899,"A",1000,0,579,89.081,2,TRUE,115.362,1,1000,0,0,1,11418,115.362,26425,0.00200000000000244,"C++",TRUE
4900,"A",1000,0,580,65.644,2,TRUE,87.979,1,1000,0,0,1,12498,87.979,19689,0.000999999999997669,"C++",TRUE
4901,"A",1000,0,581,89.689,2,TRUE,101.603,1,1000,0,0,1,14738,101.603,22190,0.000999999999997669,"C++",TRUE
4902,"A",1000,0,582,113.826,2,TRUE,181.286,1,1000,0,0,2,54428,181.286,31059,0.00200000000000244,"C++",TRUE
4903,"A",1000,0,583,150.535,1,TRUE,160.611,3,0,0,1000,2,18857,160.611,38058,0.00200000000000244,"C++",TRUE
4904,"A",1000,0,584,144.729,2,TRUE,175.116,1,1000,0,0,2,26916,175.116,36956,0.00199999999999534,"C++",TRUE
4905,"A",1000,0,585,81.897,2,TRUE,103.345,1,1000,0,0,1,11556,103.345,22724,0.00100000000000477,"C++",TRUE
4906,"A",1000,0,586,65.947,2,TRUE,89.942,1,1000,0,0,1,16836,89.942,19320,0.000999999999997669,"C++",TRUE
4907,"A",1000,0,587,66.358,2,TRUE,89.878,1,1000,0,0,1,10134,89.878,19376,0.000999999999997669,"C++",TRUE
4908,"A",1000,0,588,120.751,3,TRUE,143.404,2,0,1000,0,1,6741,143.404,35037,0.00200000000000244,"C++",TRUE
4909,"A",1000,0,589,134.928,1,TRUE,154.297,3,0,0,1000,2,20753,154.297,34469,0.00200000000000244,"C++",TRUE
4910,"A",1000,0,590,119.36,2,TRUE,148.256,1,1000,0,0,1,19657,148.256,35003,0.00199999999999534,"C++",TRUE
4911,"A",1000,0,591,92.878,2,TRUE,150.986,1,1000,0,0,1,42784,150.986,26207,0.00200000000000244,"C++",TRUE
4912,"A",1000,0,592,88.137,2,TRUE,125.574,1,1000,0,0,1,15865,125.574,26250,0.000999999999997669,"C++",TRUE
4913,"A",1000,0,593,137.546,3,TRUE,168.369,2,0,1000,0,2,17020,168.369,37095,0.00200000000000244,"C++",TRUE
4914,"A",1000,0,594,57.434,3,TRUE,81.073,2,0,1000,0,0,1410,81.073,15872,0.000999999999997669,"C++",TRUE
4915,"A",1000,0,595,100.51,2,TRUE,155.624,1,1000,0,0,1,37766,155.624,26616,0.000999999999997669,"C++",TRUE
4916,"A",1000,0,596,90.89,1,TRUE,101.185,3,0,0,1000,1,19545,101.185,19539,0.00100000000000477,"C++",TRUE
4917,"A",1000,0,597,81.774,2,TRUE,116.615,1,1000,0,0,1,22460,116.615,23608,0.00199999999999534,"C++",TRUE
4918,"A",1000,0,598,79.263,2,TRUE,113.861,1,1000,0,0,1,15469,113.861,24213,0.00100000000000477,"C++",TRUE
4919,"A",1000,0,599,82.907,3,TRUE,109.815,2,0,1000,0,1,9863,109.815,18923,0.000999999999997669,"C++",TRUE
4920,"A",1000,0,600,65.266,2,TRUE,95.24,1,1000,0,0,1,15200,95.24,20513,0.000999999999997669,"C++",TRUE
4921,"A",1000,0,601,144.567,3,TRUE,165.9,2,0,1000,0,1,12586,165.9,38175,0.00200000000000244,"C++",TRUE
4922,"A",1000,0,602,129.803,3,TRUE,155.867,2,0,1000,0,1,8537,155.867,35428,0.00200000000000244,"C++",TRUE
4923,"A",1000,0,603,93.999,2,TRUE,121.638,1,1000,0,0,1,16529,121.638,29326,0.00199999999999534,"C++",TRUE
4924,"A",1000,0,604,70.659,3,TRUE,98.084,2,0,1000,0,0,395,98.084,19694,0.00100000000000477,"C++",TRUE
4925,"A",1000,0,605,119.264,2,TRUE,173.916,1,1000,0,0,2,39861,173.916,31902,0.00199999999999534,"C++",TRUE
4926,"A",1000,0,606,171.867,2,TRUE,213.752,1,1000,0,0,2,32556,213.752,47747,0.00200000000000244,"C++",TRUE
4927,"A",1000,0,607,86.005,2,TRUE,109.448,1,1000,0,0,1,20401,109.448,24355,0.00200000000000244,"C++",TRUE
4928,"A",1000,0,608,104.373,3,TRUE,151.332,2,0,1000,0,1,8913,151.332,28818,0.000999999999997669,"C++",TRUE
4929,"A",1000,0,609,64.62,2,TRUE,82.194,1,1000,0,0,1,12027,82.194,18599,0.000999999999997669,"C++",TRUE
4930,"A",1000,0,610,82.581,1,TRUE,90.576,3,0,0,1000,1,7607,90.576,19941,0.00100000000000477,"C++",TRUE
4931,"A",1000,0,611,161.46,3,TRUE,199.026,2,0,1000,0,1,8251,199.026,47552,0.00300000000000011,"C++",TRUE
4932,"A",1000,0,612,122.151,2,TRUE,150.458,1,1000,0,0,1,16208,150.458,37281,0.00300000000000011,"C++",TRUE
4933,"A",1000,0,613,100.148,3,TRUE,118.924,2,0,1000,0,1,11774,118.924,24760,0.000999999999997669,"C++",TRUE
4934,"A",1000,0,614,58.769,3,TRUE,90.78,2,0,1000,0,1,7935,90.78,16675,0.000999999999997669,"C++",TRUE
4935,"A",1000,0,615,86.663,2,TRUE,120.154,1,1000,0,0,1,18213,120.154,26282,0.00200000000000244,"C++",TRUE
4936,"A",1000,0,616,137.935,2,TRUE,179.226,1,1000,0,0,2,31160,179.226,38582,0.00200000000000244,"C++",TRUE
4937,"A",1000,0,617,151.668,2,TRUE,185.865,1,1000,0,0,2,24657,185.865,42344,0.00199999999999534,"C++",TRUE
4938,"A",1000,0,618,88.149,2,TRUE,113.865,1,1000,0,0,1,13754,113.865,23242,0.00200000000000244,"C++",TRUE
4939,"A",1000,0,619,104.785,2,TRUE,138.202,1,1000,0,0,1,19495,138.202,30938,0.00200000000000244,"C++",TRUE
4940,"A",1000,0,620,137.021,2,TRUE,179.551,1,1000,0,0,1,23469,179.551,38820,0.00199999999999534,"C++",TRUE
4941,"A",1000,0,621,70.135,2,TRUE,98.229,1,1000,0,0,1,12165,98.229,21833,0.00100000000000477,"C++",TRUE
4942,"A",1000,0,622,107.318,2,TRUE,128.634,1,1000,0,0,1,11268,128.634,30864,0.00199999999999534,"C++",TRUE
4943,"A",1000,0,623,130.474,2,TRUE,165.285,1,1000,0,0,1,18627,165.285,38954,0.00200000000000244,"C++",TRUE
4944,"A",1000,0,624,89.541,2,TRUE,131.777,1,1000,0,0,1,28766,131.777,24934,0.00200000000000244,"C++",TRUE
4945,"A",1000,0,625,102.304,2,TRUE,144.623,1,1000,0,0,2,25567,144.623,30751,0.00199999999999534,"C++",TRUE
4946,"A",1000,0,626,108.343,2,TRUE,145.665,1,1000,0,0,2,27950,145.665,29318,0.00100000000000477,"C++",TRUE
4947,"A",1000,0,627,89.572,2,TRUE,110.995,1,1000,0,0,1,11659,110.995,25645,0.00199999999999534,"C++",TRUE
4948,"A",1000,0,628,85.746,3,TRUE,110.016,2,0,1000,0,1,10016,110.016,23284,0.00100000000000477,"C++",TRUE
4949,"A",1000,0,629,73.763,2,TRUE,102.448,1,1000,0,0,1,19255,102.448,21139,0.000999999999997669,"C++",TRUE
4950,"A",1000,0,630,131.913,2,TRUE,169.279,1,1000,0,0,2,28036,169.279,34942,0.00200000000000244,"C++",TRUE
4951,"A",1000,0,631,176.912,2,TRUE,217.223,1,1000,0,0,2,29917,217.223,51442,0.00399999999999778,"C++",TRUE
4952,"A",1000,0,632,149.308,2,TRUE,171.19,1,1000,0,0,3,15362,171.19,43106,0.00199999999999534,"C++",TRUE
4953,"A",1000,0,633,125.842,3,TRUE,146.083,2,0,1000,0,1,4671,146.083,36569,0.00200000000000244,"C++",TRUE
4954,"A",1000,0,634,107.058,3,TRUE,138.621,2,0,1000,0,1,10546,138.621,27847,0.00200000000000244,"C++",TRUE
4955,"A",1000,0,635,162.962,2,TRUE,201.77,1,1000,0,0,2,26754,201.77,43562,0.00199999999999534,"C++",TRUE
4956,"A",1000,0,636,141.145,2,TRUE,183.237,1,1000,0,0,1,22148,183.237,41348,0.00300000000000011,"C++",TRUE
4957,"A",1000,0,637,103.471,2,TRUE,158.346,1,1000,0,0,1,34058,158.346,30276,0.00200000000000244,"C++",TRUE
4958,"A",1000,0,638,132.562,3,TRUE,152.026,2,0,1000,0,1,8792,152.026,37255,0.00200000000000244,"C++",TRUE
4959,"A",1000,0,639,124.411,2,TRUE,164.862,1,1000,0,0,1,20671,164.862,37034,0.00199999999999534,"C++",TRUE
4960,"A",1000,0,640,46.03,2,TRUE,68.731,1,1000,0,0,1,6893,68.731,14014,0.00100000000000477,"C++",TRUE
4961,"A",1000,0,641,76.223,3,TRUE,114.544,2,0,1000,0,1,11044,114.544,21952,0.000999999999997669,"C++",TRUE
4962,"A",1000,0,642,154.052,2,TRUE,171.263,1,1000,0,0,2,27581,171.263,38278,0.00300000000000011,"C++",TRUE
4963,"A",1000,0,643,150.263,2,TRUE,187.189,1,1000,0,0,1,16255,187.189,46913,0.00200000000000244,"C++",TRUE
4964,"A",1000,0,644,107.733,2,TRUE,151.361,1,1000,0,0,1,22024,151.361,32246,0.00199999999999534,"C++",TRUE
4965,"A",1000,0,645,94.48,2,TRUE,126.377,1,1000,0,0,1,21236,126.377,25867,0.00200000000000244,"C++",TRUE
4966,"A",1000,0,646,135.073,2,TRUE,154.519,1,1000,0,0,1,8002,154.519,39990,0.00200000000000244,"C++",TRUE
4967,"A",1000,0,647,149.834,2,TRUE,188.186,1,1000,0,0,1,25642,188.186,46233,0.00300000000000011,"C++",TRUE
4968,"A",1000,0,648,77.201,2,TRUE,93.781,1,1000,0,0,0,8514,93.781,22611,0.000999999999997669,"C++",TRUE
4969,"A",1000,0,649,118.548,2,TRUE,153.231,1,1000,0,0,2,19105,153.231,35774,0.00300000000000011,"C++",TRUE
4970,"A",1000,0,650,90.912,2,TRUE,128.813,1,1000,0,0,2,20919,128.813,25908,0.000999999999997669,"C++",TRUE
4971,"A",1000,0,651,107.023,2,TRUE,141.873,1,1000,0,0,1,22274,141.873,33598,0.00200000000000244,"C++",TRUE
4972,"A",1000,0,652,113.936,2,TRUE,148.419,1,1000,0,0,1,21844,148.419,34859,0.00200000000000244,"C++",TRUE
4973,"A",1000,0,653,97.12,3,TRUE,120.931,2,0,1000,0,1,5846,120.931,26355,0.00199999999999534,"C++",TRUE
4974,"A",1000,0,654,107.675,2,TRUE,140.066,1,1000,0,0,1,10919,140.066,32073,0.00200000000000244,"C++",TRUE
4975,"A",1000,0,655,113.267,3,TRUE,144.995,2,0,1000,0,1,11754,144.995,30254,0.00200000000000244,"C++",TRUE
4976,"A",1000,0,656,77.155,2,TRUE,100.029,1,1000,0,0,1,14837,100.029,22618,0.000999999999997669,"C++",TRUE
4977,"A",1000,0,657,97.34,2,TRUE,122.284,1,1000,0,0,1,15234,122.284,30012,0.00200000000000244,"C++",TRUE
4978,"A",1000,0,658,121.427,2,TRUE,156.173,1,1000,0,0,2,30398,156.173,34467,0.00199999999999534,"C++",TRUE
4979,"A",1000,0,659,77.663,2,TRUE,94.114,1,1000,0,0,1,11707,94.114,21543,0.00100000000000477,"C++",TRUE
4980,"A",1000,0,660,186.651,2,TRUE,218.193,1,1000,0,0,1,12630,218.193,55801,0.00399999999999778,"C++",TRUE
4981,"A",1000,0,661,103.161,2,TRUE,162.733,1,1000,0,0,2,41435,162.733,26280,0.000999999999997669,"C++",TRUE
4982,"A",1000,0,662,123.748,3,TRUE,158.124,2,0,1000,0,1,9901,158.124,34268,0.00200000000000244,"C++",TRUE
4983,"A",1000,0,663,116.11,2,TRUE,142.907,1,1000,0,0,2,19002,142.907,33491,0.00199999999999534,"C++",TRUE
4984,"A",1000,0,664,71.901,3,TRUE,95.988,2,0,1000,0,0,6167,95.988,19743,0.00100000000000477,"C++",TRUE
4985,"A",1000,0,665,62.246,2,TRUE,103.643,1,1000,0,0,1,25190,103.643,19418,0.000999999999997669,"C++",TRUE
4986,"A",1000,0,666,212.668,2,TRUE,233.027,1,1000,0,0,2,10499,233.027,63657,0.00399999999999778,"C++",TRUE
4987,"A",1000,0,667,68.647,3,TRUE,99.839,2,0,1000,0,1,10171,99.839,17903,0.00100000000000477,"C++",TRUE
4988,"A",1000,0,668,92.551,2,TRUE,133.279,1,1000,0,0,1,23873,133.279,24377,0.00199999999999534,"C++",TRUE
4989,"A",1000,0,669,135.833,2,TRUE,150.543,1,1000,0,0,1,11769,150.543,39593,0.00200000000000244,"C++",TRUE
4990,"A",1000,0,670,216.716,3,TRUE,216.813,1,1000,0,0,1,11895,216.813,59998,0.00399999999999778,"C++",TRUE
4991,"A",1000,0,671,132.524,2,TRUE,169.401,1,1000,0,0,2,32489,169.401,36805,0.00200000000000244,"C++",TRUE
4992,"A",1000,0,672,87.256,2,TRUE,111.974,1,1000,0,0,1,13291,111.974,26774,0.000999999999997669,"C++",TRUE
4993,"A",1000,0,673,89.533,1,TRUE,101.285,3,0,0,1000,2,12351,101.285,21302,0.00200000000000244,"C++",TRUE
4994,"A",1000,0,674,90.411,2,TRUE,127.431,1,1000,0,0,1,24942,127.431,26290,0.000999999999997669,"C++",TRUE
4995,"A",1000,0,675,124.247,2,TRUE,162.553,1,1000,0,0,2,22921,162.553,34628,0.00200000000000244,"C++",TRUE
4996,"A",1000,0,676,83.524,2,TRUE,97.966,1,1000,0,0,1,7925,97.966,23554,0.000999999999997669,"C++",TRUE
4997,"A",1000,0,677,84.572,1,TRUE,86.647,3,0,0,1000,1,9139,86.647,18591,0.00200000000000244,"C++",TRUE
4998,"A",1000,0,678,87.225,2,TRUE,115.672,1,1000,0,0,1,18472,115.672,24917,0.000999999999997669,"C++",TRUE
4999,"A",1000,0,679,92.385,2,TRUE,125.465,1,1000,0,0,1,17749,125.465,27195,0.00200000000000244,"C++",TRUE
5000,"A",1000,0,680,137.389,2,TRUE,180.966,1,1000,0,0,1,27163,180.966,40032,0.00200000000000244,"C++",TRUE
5001,"A",1000,0,681,108.64,2,TRUE,147.688,1,1000,0,0,1,25295,147.688,32120,0.00199999999999534,"C++",TRUE
5002,"A",1000,0,682,81.419,2,TRUE,118.647,1,1000,0,0,1,15439,118.647,23664,0.00100000000000477,"C++",TRUE
5003,"A",1000,0,683,102.026,2,TRUE,144.094,1,1000,0,0,2,36611,144.094,26478,0.00199999999999534,"C++",TRUE
5004,"A",1000,0,684,93.893,2,TRUE,138.377,1,1000,0,0,2,36231,138.377,25941,0.00100000000000477,"C++",TRUE
5005,"A",1000,0,685,100.316,2,TRUE,124.874,1,1000,0,0,1,12220,124.874,30359,0.00199999999999534,"C++",TRUE
5006,"A",1000,0,686,131.044,2,TRUE,180.513,1,1000,0,0,2,44773,180.513,34262,0.00200000000000244,"C++",TRUE
5007,"A",1000,0,687,200.543,2,TRUE,220.969,1,1000,0,0,1,16006,220.969,57372,0.00300000000000011,"C++",TRUE
5008,"A",1000,0,688,82.435,2,TRUE,128.918,1,1000,0,0,1,35107,128.918,24016,0.000999999999997669,"C++",TRUE
5009,"A",1000,0,689,80.174,2,TRUE,106.166,1,1000,0,0,0,8888,106.166,24690,0.00200000000000244,"C++",TRUE
5010,"A",1000,0,690,135.068,2,TRUE,179.242,1,1000,0,0,1,29573,179.242,39798,0.00200000000000244,"C++",TRUE
5011,"A",1000,0,691,112.317,2,TRUE,146.978,1,1000,0,0,2,26225,146.978,31303,0.00199999999999534,"C++",TRUE
5012,"A",1000,0,692,96.346,2,TRUE,135.05,1,1000,0,0,1,15998,135.05,29724,0.00100000000000477,"C++",TRUE
5013,"A",1000,0,693,116.946,2,TRUE,168.334,1,1000,0,0,1,38886,168.334,32487,0.00199999999999534,"C++",TRUE
5014,"A",1000,0,694,96.259,2,TRUE,117.188,1,1000,0,0,1,10849,117.188,28680,0.00200000000000244,"C++",TRUE
5015,"A",1000,0,695,63.869,2,TRUE,81.348,1,1000,0,0,1,12234,81.348,18639,0.000999999999997669,"C++",TRUE
5016,"A",1000,0,696,148.109,2,TRUE,186.088,1,1000,0,0,2,26900,186.088,41508,0.00200000000000244,"C++",TRUE
5017,"A",1000,0,697,90.698,3,TRUE,124.799,2,0,1000,0,1,8468,124.799,25724,0.00199999999999534,"C++",TRUE
5018,"A",1000,0,698,103.956,2,TRUE,147.286,1,1000,0,0,2,29779,147.286,27665,0.00100000000000477,"C++",TRUE
5019,"A",1000,0,699,59.718,2,TRUE,75.48,1,1000,0,0,1,7869,75.48,17083,0.000999999999997669,"C++",TRUE
5020,"A",1000,0,700,69.646,3,TRUE,112.576,2,0,1000,0,1,7637,112.576,20467,0.00200000000000244,"C++",TRUE
5021,"A",1000,0,701,93.633,2,TRUE,117.486,1,1000,0,0,1,10671,117.486,29034,0.000999999999997669,"C++",TRUE
5022,"A",1000,0,702,101.87,2,TRUE,116.425,1,1000,0,0,1,7194,116.425,30580,0.00200000000000244,"C++",TRUE
5023,"A",1000,0,703,100.833,2,TRUE,131.894,1,1000,0,0,2,17770,131.894,27820,0.00199999999999534,"C++",TRUE
5024,"A",1000,0,704,106.057,2,TRUE,130.078,1,1000,0,0,2,15966,130.078,30417,0.00200000000000244,"C++",TRUE
5025,"A",1000,0,705,207.237,2,TRUE,238.21,1,1000,0,0,2,25130,238.21,62048,0.00399999999999778,"C++",TRUE
5026,"A",1000,0,706,67.102,2,TRUE,90.217,1,1000,0,0,1,13177,90.217,20816,0.00100000000000477,"C++",TRUE
5027,"A",1000,0,707,130.89,2,TRUE,158.283,1,1000,0,0,2,18327,158.283,35601,0.00199999999999534,"C++",TRUE
5028,"A",1000,0,708,82.292,2,TRUE,105.39,1,1000,0,0,1,8961,105.39,25478,0.00100000000000477,"C++",TRUE
5029,"A",1000,0,709,97.725,2,TRUE,123.888,1,1000,0,0,1,13708,123.888,29778,0.00199999999999534,"C++",TRUE
5030,"A",1000,0,710,113.062,2,TRUE,154.107,1,1000,0,0,1,42351,154.107,24975,0.00100000000000477,"C++",TRUE
5031,"A",1000,0,711,72.194,3,TRUE,95.331,2,0,1000,0,1,4206,95.331,20445,0.00199999999999534,"C++",TRUE
5032,"A",1000,0,712,146.38,2,TRUE,170.094,1,1000,0,0,2,21602,170.094,41902,0.00200000000000244,"C++",TRUE
5033,"A",1000,0,713,58.623,2,TRUE,81.113,1,1000,0,0,1,10108,81.113,17456,0.000999999999997669,"C++",TRUE
5034,"A",1000,0,714,91.547,2,TRUE,151.517,1,1000,0,0,1,45906,151.517,25150,0.00200000000000244,"C++",TRUE
5035,"A",1000,0,715,128.985,2,TRUE,161.339,1,1000,0,0,1,16470,161.339,38608,0.00200000000000244,"C++",TRUE
5036,"A",1000,0,716,88.34,2,TRUE,108.302,1,1000,0,0,1,10499,108.302,26759,0.00199999999999534,"C++",TRUE
5037,"A",1000,0,717,167.357,2,TRUE,193.648,1,1000,0,0,1,11763,193.648,51956,0.00300000000000011,"C++",TRUE
5038,"A",1000,0,718,81.326,2,TRUE,112.252,1,1000,0,0,2,21389,112.252,23933,0.00100000000000477,"C++",TRUE
5039,"A",1000,0,719,83.768,2,TRUE,107.784,1,1000,0,0,1,9515,107.784,25545,0.00199999999999534,"C++",TRUE
5040,"A",1000,0,720,121.61,3,TRUE,144.399,2,0,1000,0,0,6206,144.399,35281,0.00200000000000244,"C++",TRUE
5041,"A",1000,0,721,93.372,2,TRUE,124.825,1,1000,0,0,1,15404,124.825,26607,0.00200000000000244,"C++",TRUE
5042,"A",1000,0,722,117.974,3,TRUE,140.696,2,0,1000,0,1,10975,140.696,32093,0.000999999999997669,"C++",TRUE
5043,"A",1000,0,723,146.363,2,TRUE,185.733,1,1000,0,0,2,35718,185.733,38339,0.00300000000000011,"C++",TRUE
5044,"A",1000,0,724,70.72,2,TRUE,97.512,1,1000,0,0,1,8856,97.512,21780,0.000999999999997669,"C++",TRUE
5045,"A",1000,0,725,125.471,2,TRUE,148.925,1,1000,0,0,1,17225,148.925,34920,0.00200000000000244,"C++",TRUE
5046,"A",1000,0,726,121.729,2,TRUE,174.864,1,1000,0,0,2,46290,174.864,29985,0.00200000000000244,"C++",TRUE
5047,"A",1000,0,727,84.988,2,TRUE,105.004,1,1000,0,0,1,10159,105.004,25688,0.000999999999997669,"C++",TRUE
5048,"A",1000,0,728,125.31,2,TRUE,166.245,1,1000,0,0,2,33816,166.245,31616,0.00200000000000244,"C++",TRUE
5049,"A",1000,0,729,89.662,2,TRUE,114.569,1,1000,0,0,1,16849,114.569,24743,0.000999999999997669,"C++",TRUE
5050,"A",1000,0,730,68.978,3,TRUE,91.403,2,0,1000,0,1,4673,91.403,17249,0.00100000000000477,"C++",TRUE
5051,"A",1000,0,731,89.709,2,TRUE,157.619,1,1000,0,0,1,63337,157.619,22746,0.000999999999997669,"C++",TRUE
5052,"A",1000,0,732,118.858,2,TRUE,138.3,1,1000,0,0,1,9538,138.3,37064,0.00199999999999534,"C++",TRUE
5053,"A",1000,0,733,84.949,2,TRUE,131.472,1,1000,0,0,1,26624,131.472,25171,0.00200000000000244,"C++",TRUE
5054,"A",1000,0,734,87.577,2,TRUE,100.27,1,1000,0,0,1,10015,100.27,24919,0.000999999999997669,"C++",TRUE
5055,"A",1000,0,735,128.736,2,TRUE,151.009,1,1000,0,0,1,12810,151.009,39195,0.00200000000000244,"C++",TRUE
5056,"A",1000,0,736,74.984,2,TRUE,92.841,1,1000,0,0,1,13706,92.841,21633,0.00200000000000244,"C++",TRUE
5057,"A",1000,0,737,89.568,3,TRUE,93.746,1,1000,0,0,0,5877,93.746,23094,0.000999999999997669,"C++",TRUE
5058,"A",1000,0,738,121.952,2,TRUE,151.557,1,1000,0,0,2,29197,151.557,34083,0.00200000000000244,"C++",TRUE
5059,"A",1000,0,739,83.852,2,TRUE,108.458,1,1000,0,0,1,15707,108.458,23805,0.00199999999999534,"C++",TRUE
5060,"A",1000,0,740,89.419,2,TRUE,124.482,1,1000,0,0,1,20135,124.482,26722,0.00100000000000477,"C++",TRUE
5061,"A",1000,0,741,87.669,1,TRUE,101.304,3,0,0,1000,1,14160,101.304,20705,0.000999999999997669,"C++",TRUE
5062,"A",1000,0,742,61.653,2,TRUE,80.377,1,1000,0,0,1,11758,80.377,17919,0.000999999999997669,"C++",TRUE
5063,"A",1000,0,743,87.948,2,TRUE,104,1,1000,0,0,1,6723,104,25272,0.00200000000000244,"C++",TRUE
5064,"A",1000,0,744,216.482,3,TRUE,232.304,2,0,1000,0,1,7634,232.304,61623,0.00399999999999778,"C++",TRUE
5065,"A",1000,0,745,60.133,3,TRUE,81.993,2,0,1000,0,1,7624,81.993,16745,0.00100000000000477,"C++",TRUE
5066,"A",1000,0,746,64.995,2,TRUE,81.821,1,1000,0,0,1,7378,81.821,18179,0.000999999999997669,"C++",TRUE
5067,"A",1000,0,747,135.531,1,TRUE,145.832,3,0,0,1000,1,10173,145.832,33854,0.00200000000000244,"C++",TRUE
5068,"A",1000,0,748,88.572,3,TRUE,112.136,2,0,1000,0,1,11867,112.136,24063,0.000999999999997669,"C++",TRUE
5069,"A",1000,0,749,81.81,2,TRUE,116.444,1,1000,0,0,1,13117,116.444,23899,0.00200000000000244,"C++",TRUE
5070,"A",1000,0,750,82.486,2,TRUE,119.268,1,1000,0,0,1,18888,119.268,23436,0.000999999999997669,"C++",TRUE
5071,"A",1000,0,751,96.856,2,TRUE,123.554,1,1000,0,0,1,11977,123.554,26414,0.000999999999997669,"C++",TRUE
5072,"A",1000,0,752,98.11,2,TRUE,127.816,1,1000,0,0,1,13835,127.816,29577,0.00200000000000244,"C++",TRUE
5073,"A",1000,0,753,56.898,3,TRUE,81.718,2,0,1000,0,0,8194,81.718,14811,0.000999999999997669,"C++",TRUE
5074,"A",1000,0,754,133.911,3,TRUE,156.602,2,0,1000,0,1,10365,156.602,37687,0.00200000000000244,"C++",TRUE
5075,"A",1000,0,755,60.056,2,TRUE,99.035,1,1000,0,0,1,23490,99.035,17591,0.000999999999997669,"C++",TRUE
5076,"A",1000,0,756,76.011,2,TRUE,100.09,1,1000,0,0,1,12976,100.09,21905,0.00200000000000244,"C++",TRUE
5077,"A",1000,0,757,163.577,3,TRUE,179.342,2,0,1000,0,1,5266,179.342,47318,0.00300000000000011,"C++",TRUE
5078,"A",1000,0,758,123.257,2,TRUE,192.693,1,1000,0,0,2,64550,192.693,34529,0.00200000000000244,"C++",TRUE
5079,"A",1000,0,759,75.221,3,TRUE,104.44,2,0,1000,0,1,10103,104.44,19604,0.000999999999997669,"C++",TRUE
5080,"A",1000,0,760,140.058,3,TRUE,166.509,2,0,1000,0,1,13588,166.509,36716,0.00200000000000244,"C++",TRUE
5081,"A",1000,0,761,78.757,2,TRUE,124.064,1,1000,0,0,1,25558,124.064,23153,0.000999999999997669,"C++",TRUE
5082,"A",1000,0,762,94.639,2,TRUE,120.387,1,1000,0,0,1,10935,120.387,26103,0.00200000000000244,"C++",TRUE
5083,"A",1000,0,763,58.524,2,TRUE,89.317,1,1000,0,0,1,13179,89.317,18251,0.000999999999997669,"C++",TRUE
5084,"A",1000,0,764,72.293,2,TRUE,96.342,1,1000,0,0,1,12018,96.342,22554,0.000999999999997669,"C++",TRUE
5085,"A",1000,0,765,81.309,2,TRUE,114.07,1,1000,0,0,1,16343,114.07,24794,0.00200000000000244,"C++",TRUE
5086,"A",1000,0,766,101.395,2,TRUE,133.865,1,1000,0,0,1,17423,133.865,25007,0.000999999999997669,"C++",TRUE
5087,"A",1000,0,767,91.135,3,TRUE,112.507,2,0,1000,0,0,8328,112.507,26236,0.00200000000000244,"C++",TRUE
5088,"A",1000,0,768,91.758,2,TRUE,128.24,1,1000,0,0,1,20372,128.24,27794,0.000999999999997669,"C++",TRUE
5089,"A",1000,0,769,84.552,2,TRUE,115.099,1,1000,0,0,1,16830,115.099,23938,0.00200000000000244,"C++",TRUE
5090,"A",1000,0,770,82.782,2,TRUE,101.965,1,1000,0,0,1,14124,101.965,23738,0.000999999999997669,"C++",TRUE
5091,"A",1000,0,771,113.04,2,TRUE,140.249,1,1000,0,0,2,15042,140.249,31659,0.00200000000000244,"C++",TRUE
5092,"A",1000,0,772,81.022,2,TRUE,109.147,1,1000,0,0,1,11876,109.147,22359,0.000999999999997669,"C++",TRUE
5093,"A",1000,0,773,76.948,3,TRUE,100.712,2,0,1000,0,0,6320,100.712,22881,0.000999999999997669,"C++",TRUE
5094,"A",1000,0,774,153.726,2,TRUE,166.713,1,1000,0,0,2,18521,166.713,39681,0.00300000000000011,"C++",TRUE
5095,"A",1000,0,775,72.67,2,TRUE,104.678,1,1000,0,0,1,16086,104.678,22679,0.00100000000000477,"C++",TRUE
5096,"A",1000,0,776,140.428,2,TRUE,192.252,1,1000,0,0,2,31642,192.252,36580,0.00199999999999534,"C++",TRUE
5097,"A",1000,0,777,110.55,2,TRUE,134.025,1,1000,0,0,1,15584,134.025,31427,0.00200000000000244,"C++",TRUE
5098,"A",1000,0,778,71.608,3,TRUE,80.627,2,0,1000,0,0,5385,80.627,15629,0.000999999999997669,"C++",TRUE
5099,"A",1000,0,779,84.731,2,TRUE,115.252,1,1000,0,0,1,17708,115.252,25935,0.00100000000000477,"C++",TRUE
5100,"A",1000,0,780,80.623,2,TRUE,117.408,1,1000,0,0,1,24164,117.408,21170,0.000999999999997669,"C++",TRUE
5101,"A",1000,0,781,82.271,3,TRUE,103.633,2,0,1000,0,1,6352,103.633,22649,0.00200000000000244,"C++",TRUE
5102,"A",1000,0,782,102.15,3,TRUE,149.987,2,0,1000,0,1,6461,149.987,28897,0.000999999999997669,"C++",TRUE
5103,"A",1000,0,783,68.679,2,TRUE,90.263,1,1000,0,0,1,9505,90.263,21323,0.00200000000000244,"C++",TRUE
5104,"A",1000,0,784,53.643,2,TRUE,72.226,1,1000,0,0,1,11281,72.226,16441,0.000999999999997669,"C++",TRUE
5105,"A",1000,0,785,118.334,2,TRUE,159.872,1,1000,0,0,2,25736,159.872,34522,0.00200000000000244,"C++",TRUE
5106,"A",1000,0,786,71.714,2,TRUE,99.556,1,1000,0,0,1,15462,99.556,22109,0.000999999999997669,"C++",TRUE
5107,"A",1000,0,787,108.378,3,TRUE,127.581,2,0,1000,0,1,8086,127.581,28679,0.00200000000000244,"C++",TRUE
5108,"A",1000,0,788,91.075,2,TRUE,125.887,1,1000,0,0,2,26203,125.887,25282,0.000999999999997669,"C++",TRUE
5109,"A",1000,0,789,97.574,2,TRUE,124.199,1,1000,0,0,2,18310,124.199,27976,0.00200000000000244,"C++",TRUE
5110,"A",1000,0,790,88.867,2,TRUE,120.143,1,1000,0,0,2,19773,120.143,24008,0.000999999999997669,"C++",TRUE
5111,"A",1000,0,791,98.836,2,TRUE,129.353,1,1000,0,0,2,15307,129.353,27836,0.00200000000000244,"C++",TRUE
5112,"A",1000,0,792,117.298,2,TRUE,148.91,1,1000,0,0,1,11715,148.91,35791,0.00300000000000011,"C++",TRUE
5113,"A",1000,0,793,89.595,2,TRUE,135.416,1,1000,0,0,1,35098,135.416,25272,0.00199999999999534,"C++",TRUE
5114,"A",1000,0,794,109.776,2,TRUE,154.792,1,1000,0,0,2,38989,154.792,29940,0.00200000000000244,"C++",TRUE
5115,"A",1000,0,795,69.115,2,TRUE,96.365,1,1000,0,0,1,15148,96.365,21596,0.000999999999997669,"C++",TRUE
5116,"A",1000,0,796,104.116,2,TRUE,131.279,1,1000,0,0,1,18950,131.279,30505,0.00100000000000477,"C++",TRUE
5117,"A",1000,0,797,114.578,2,TRUE,151.766,1,1000,0,0,2,33842,151.766,31162,0.00199999999999534,"C++",TRUE
5118,"A",1000,0,798,101.436,2,TRUE,135.901,1,1000,0,0,2,21226,135.901,27093,0.00200000000000244,"C++",TRUE
5119,"A",1000,0,799,134.401,2,TRUE,161.407,1,1000,0,0,1,14354,161.407,39786,0.00200000000000244,"C++",TRUE
5120,"A",1000,0,800,87.248,2,TRUE,126.414,1,1000,0,0,1,13375,126.414,28008,0.00199999999999534,"C++",TRUE
5121,"A",1000,0,801,80.67,2,TRUE,117.154,1,1000,0,0,1,13265,117.154,24838,0.00100000000000477,"C++",TRUE
5122,"A",1000,0,802,136.93,2,TRUE,177.034,1,1000,0,0,2,26296,177.034,38079,0.00300000000000011,"C++",TRUE
5123,"A",1000,0,803,106.754,2,TRUE,150.749,1,1000,0,0,1,30769,150.749,28771,0.000999999999997669,"C++",TRUE
5124,"A",1000,0,804,143.173,3,TRUE,172.468,2,0,1000,0,2,16485,172.468,36826,0.00200000000000244,"C++",TRUE
5125,"A",1000,0,805,121.482,2,TRUE,153.711,1,1000,0,0,1,18421,153.711,34295,0.00199999999999534,"C++",TRUE
5126,"A",1000,0,806,129.25,2,TRUE,164.19,1,1000,0,0,2,19208,164.19,36196,0.00200000000000244,"C++",TRUE
5127,"A",1000,0,807,81.431,2,TRUE,123.061,1,1000,0,0,1,29687,123.061,25623,0.00200000000000244,"C++",TRUE
5128,"A",1000,0,808,81.43,2,TRUE,91.89,3,0,0,1000,1,24322,91.89,16679,0.000999999999997669,"C++",TRUE
5129,"A",1000,0,809,68.885,2,TRUE,92.344,1,1000,0,0,1,9621,92.344,19574,0.000999999999997669,"C++",TRUE
5130,"A",1000,0,810,53.416,2,TRUE,72.26,1,1000,0,0,1,10245,72.26,15936,0.000999999999997669,"C++",TRUE
5131,"A",1000,0,811,84.164,2,TRUE,105.237,1,1000,0,0,1,13133,105.237,22142,0.00100000000000477,"C++",TRUE
5132,"A",1000,0,812,85.705,3,TRUE,109.378,2,0,1000,0,1,7767,109.378,24474,0.00199999999999534,"C++",TRUE
5133,"A",1000,0,813,181.41,2,TRUE,205.2,1,1000,0,0,2,30867,205.2,44375,0.00200000000000244,"C++",TRUE
5134,"A",1000,0,814,187.766,3,TRUE,217.228,2,0,1000,0,1,10716,217.228,54060,0.00300000000000011,"C++",TRUE
5135,"A",1000,0,815,121.58,2,TRUE,144.4,1,1000,0,0,1,14744,144.4,33924,0.00200000000000244,"C++",TRUE
5136,"A",1000,0,816,74.739,3,TRUE,90.703,2,0,1000,0,1,4875,90.703,21374,0.00199999999999534,"C++",TRUE
5137,"A",1000,0,817,93.286,3,TRUE,109.796,2,0,1000,0,1,9375,109.796,25192,0.00100000000000477,"C++",TRUE
5138,"A",1000,0,818,100.58,2,TRUE,148.649,1,1000,0,0,2,37269,148.649,28878,0.00199999999999534,"C++",TRUE
5139,"A",1000,0,819,84.723,2,TRUE,117.669,1,1000,0,0,1,13675,117.669,25392,0.00100000000000477,"C++",TRUE
5140,"A",1000,0,820,123.203,3,TRUE,141.572,2,0,1000,0,1,6153,141.572,34564,0.00199999999999534,"C++",TRUE
5141,"A",1000,0,821,93.458,3,TRUE,131.169,2,0,1000,0,1,5428,131.169,25209,0.00200000000000244,"C++",TRUE
5142,"A",1000,0,822,77.757,3,TRUE,87.402,2,0,1000,0,1,5838,87.402,20104,0.000999999999997669,"C++",TRUE
5143,"A",1000,0,823,99.391,2,TRUE,128.712,1,1000,0,0,1,11686,128.712,29727,0.00200000000000244,"C++",TRUE
5144,"A",1000,0,824,70.918,3,TRUE,93.597,2,0,1000,0,0,2347,93.597,18276,0.000999999999997669,"C++",TRUE
5145,"A",1000,0,825,103.761,2,TRUE,150.086,1,1000,0,0,1,20135,150.086,30467,0.00200000000000244,"C++",TRUE
5146,"A",1000,0,826,109.693,2,TRUE,125.05,1,1000,0,0,1,9763,125.05,32283,0.00200000000000244,"C++",TRUE
5147,"A",1000,0,827,87.593,2,TRUE,111.511,1,1000,0,0,1,13762,111.511,24015,0.000999999999997669,"C++",TRUE
5148,"A",1000,0,828,97.788,3,TRUE,131.45,2,0,1000,0,1,9087,131.45,25564,0.000999999999997669,"C++",TRUE
5149,"A",1000,0,829,65.407,2,TRUE,88.321,1,1000,0,0,1,16121,88.321,17727,0.000999999999997669,"C++",TRUE
5150,"A",1000,0,830,137.694,2,TRUE,191.602,1,1000,0,0,2,48688,191.602,37315,0.00200000000000244,"C++",TRUE
5151,"A",1000,0,831,66.749,2,TRUE,92.186,1,1000,0,0,1,11405,92.186,20494,0.000999999999997669,"C++",TRUE
5152,"A",1000,0,832,90.576,3,TRUE,121.475,2,0,1000,0,1,9603,121.475,26273,0.000999999999997669,"C++",TRUE
5153,"A",1000,0,833,98.913,3,TRUE,124.777,2,0,1000,0,1,11136,124.777,24823,0.00200000000000244,"C++",TRUE
5154,"A",1000,0,834,65.262,2,TRUE,88.975,1,1000,0,0,1,11224,88.975,20345,0.000999999999997669,"C++",TRUE
5155,"A",1000,0,835,146.821,3,TRUE,172.634,2,0,1000,0,1,10592,172.634,41156,0.00300000000000011,"C++",TRUE
5156,"A",1000,0,836,97.259,2,TRUE,125.932,1,1000,0,0,2,25868,125.932,25835,0.00100000000000477,"C++",TRUE
5157,"A",1000,0,837,97.426,3,TRUE,111.184,2,0,1000,0,1,7978,111.184,26067,0.00199999999999534,"C++",TRUE
5158,"A",1000,0,838,99.722,2,TRUE,131.044,1,1000,0,0,1,17422,131.044,28979,0.00100000000000477,"C++",TRUE
5159,"A",1000,0,839,127.398,1,TRUE,139.493,3,0,0,1000,1,7769,139.493,33502,0.00199999999999534,"C++",TRUE
5160,"A",1000,0,840,72.629,2,TRUE,92.984,1,1000,0,0,1,12729,92.984,22064,0.00200000000000244,"C++",TRUE
5161,"A",1000,0,841,121.457,3,TRUE,151.439,2,0,1000,0,1,11260,151.439,33046,0.00200000000000244,"C++",TRUE
5162,"A",1000,0,842,76.274,2,TRUE,94.973,1,1000,0,0,1,9441,94.973,23524,0.000999999999997669,"C++",TRUE
5163,"A",1000,0,843,106.25,2,TRUE,145.473,1,1000,0,0,1,23616,145.473,29658,0.00200000000000244,"C++",TRUE
5164,"A",1000,0,844,136.846,2,TRUE,167.156,1,1000,0,0,1,14818,167.156,42430,0.00199999999999534,"C++",TRUE
5165,"A",1000,0,845,76.791,2,TRUE,106.544,1,1000,0,0,1,16412,106.544,21124,0.00200000000000244,"C++",TRUE
5166,"A",1000,0,846,61.572,3,TRUE,95.109,2,0,1000,0,1,10389,95.109,17763,0.000999999999997669,"C++",TRUE
5167,"A",1000,0,847,95.536,2,TRUE,158.344,1,1000,0,0,1,50006,158.344,26211,0.00100000000000477,"C++",TRUE
5168,"A",1000,0,848,117.659,2,TRUE,160.634,1,1000,0,0,1,28179,160.634,33519,0.00199999999999534,"C++",TRUE
5169,"A",1000,0,849,98.983,3,TRUE,119.412,2,0,1000,0,1,10399,119.412,24936,0.00200000000000244,"C++",TRUE
5170,"A",1000,0,850,63.954,2,TRUE,83.595,1,1000,0,0,1,9611,83.595,19861,0.000999999999997669,"C++",TRUE
5171,"A",1000,0,851,99.794,3,TRUE,145.314,2,0,1000,0,1,10930,145.314,25512,0.000999999999997669,"C++",TRUE
5172,"A",1000,0,852,84.821,2,TRUE,114.843,1,1000,0,0,2,19771,114.843,24743,0.00200000000000244,"C++",TRUE
5173,"A",1000,0,853,60.792,3,TRUE,87.181,2,0,1000,0,0,6521,87.181,16736,0.000999999999997669,"C++",TRUE
5174,"A",1000,0,854,103.096,3,TRUE,139.565,2,0,1000,0,1,7344,139.565,29854,0.00200000000000244,"C++",TRUE
5175,"A",1000,0,855,93.357,2,TRUE,121.22,1,1000,0,0,1,18702,121.22,28042,0.000999999999997669,"C++",TRUE
5176,"A",1000,0,856,133.668,2,TRUE,158.425,1,1000,0,0,2,18170,158.425,40054,0.00300000000000011,"C++",TRUE
5177,"A",1000,0,857,80.648,2,TRUE,116.325,1,1000,0,0,1,29199,116.325,21025,0.00100000000000477,"C++",TRUE
5178,"A",1000,0,858,63.728,2,TRUE,88.755,1,1000,0,0,1,11193,88.755,20633,0.000999999999997669,"C++",TRUE
5179,"A",1000,0,859,79.094,1,TRUE,83.852,3,0,0,1000,1,8917,83.852,18637,0.000999999999997669,"C++",TRUE
5180,"A",1000,0,860,94.627,2,TRUE,136.663,1,1000,0,0,1,28034,136.663,27337,0.00200000000000244,"C++",TRUE
5181,"A",1000,0,861,129.8,3,TRUE,157.656,2,0,1000,0,1,8492,157.656,38790,0.00200000000000244,"C++",TRUE
5182,"A",1000,0,862,117.422,2,TRUE,143.064,1,1000,0,0,1,17364,143.064,32943,0.00199999999999534,"C++",TRUE
5183,"A",1000,0,863,100.623,2,TRUE,145.559,1,1000,0,0,1,27241,145.559,27962,0.00200000000000244,"C++",TRUE
5184,"A",1000,0,864,117.311,2,TRUE,141.032,1,1000,0,0,2,17937,141.032,31799,0.00200000000000244,"C++",TRUE
5185,"A",1000,0,865,111.467,2,TRUE,146.888,1,1000,0,0,1,24284,146.888,31639,0.00199999999999534,"C++",TRUE
5186,"A",1000,0,866,150.887,2,TRUE,180.084,1,1000,0,0,2,19646,180.084,41289,0.00200000000000244,"C++",TRUE
5187,"A",1000,0,867,164.486,1,TRUE,170.361,3,0,0,1000,2,15493,170.361,42790,0.00300000000000011,"C++",TRUE
5188,"A",1000,0,868,104.717,2,TRUE,145.816,1,1000,0,0,1,22228,145.816,30293,0.000999999999997669,"C++",TRUE
5189,"A",1000,0,869,74.381,3,TRUE,92.301,2,0,1000,0,1,8281,92.301,18840,0.00100000000000477,"C++",TRUE
5190,"A",1000,0,870,64.468,2,TRUE,95.602,1,1000,0,0,1,15587,95.602,19337,0.000999999999997669,"C++",TRUE
5191,"A",1000,0,871,125.531,2,TRUE,151.944,1,1000,0,0,1,18474,151.944,34739,0.00200000000000244,"C++",TRUE
5192,"A",1000,0,872,88.778,2,TRUE,124.067,1,1000,0,0,1,22470,124.067,25574,0.00199999999999534,"C++",TRUE
5193,"A",1000,0,873,96.09,2,TRUE,119.409,1,1000,0,0,1,15738,119.409,26852,0.00200000000000244,"C++",TRUE
5194,"A",1000,0,874,140.209,2,TRUE,162.072,1,1000,0,0,1,13991,162.072,42197,0.00200000000000244,"C++",TRUE
5195,"A",1000,0,875,74.043,2,TRUE,97.075,1,1000,0,0,1,12839,97.075,21236,0.000999999999997669,"C++",TRUE
5196,"A",1000,0,876,71.39,3,TRUE,92.893,2,0,1000,0,1,5834,92.893,21025,0.00200000000000244,"C++",TRUE
5197,"A",1000,0,877,141.814,1,TRUE,163.134,3,0,0,1000,2,17349,163.134,34755,0.00199999999999534,"C++",TRUE
5198,"A",1000,0,878,82.768,2,TRUE,93.186,1,1000,0,0,1,11377,93.186,21806,0.00100000000000477,"C++",TRUE
5199,"A",1000,0,879,61.066,2,TRUE,84.908,1,1000,0,0,1,12192,84.908,17703,0.000999999999997669,"C++",TRUE
5200,"A",1000,0,880,72.92,3,TRUE,116.678,2,0,1000,0,1,6193,116.678,20191,0.000999999999997669,"C++",TRUE
5201,"A",1000,0,881,68.409,2,TRUE,91.735,1,1000,0,0,1,9867,91.735,20605,0.00100000000000477,"C++",TRUE
5202,"A",1000,0,882,109.085,2,TRUE,145.663,1,1000,0,0,1,11154,145.663,31792,0.00199999999999534,"C++",TRUE
5203,"A",1000,0,883,107.783,2,TRUE,134.858,1,1000,0,0,2,20241,134.858,29848,0.00200000000000244,"C++",TRUE
5204,"A",1000,0,884,127.663,2,TRUE,161.158,1,1000,0,0,2,21582,161.158,38573,0.00200000000000244,"C++",TRUE
5205,"A",1000,0,885,76.957,3,TRUE,110.947,2,0,1000,0,0,0,110.947,22238,0.00199999999999534,"C++",TRUE
5206,"A",1000,0,886,83.3,2,TRUE,120.816,1,1000,0,0,1,22517,120.816,25100,0.000999999999997669,"C++",TRUE
5207,"A",1000,0,887,91.609,2,TRUE,109.186,1,1000,0,0,1,11446,109.186,27799,0.00200000000000244,"C++",TRUE
5208,"A",1000,0,888,151.514,2,TRUE,190.286,1,1000,0,0,2,26030,190.286,40915,0.00200000000000244,"C++",TRUE
5209,"A",1000,0,889,99.365,2,TRUE,131.195,1,1000,0,0,2,12086,131.195,29083,0.00199999999999534,"C++",TRUE
5210,"A",1000,0,890,96.065,1,TRUE,110.048,3,0,0,1000,1,12939,110.048,22710,0.00100000000000477,"C++",TRUE
5211,"A",1000,0,891,83.807,2,TRUE,110.716,1,1000,0,0,1,16522,110.716,24701,0.00199999999999534,"C++",TRUE
5212,"A",1000,0,892,123.179,1,TRUE,138.315,3,0,0,1000,2,18180,138.315,29875,0.00100000000000477,"C++",TRUE
5213,"A",1000,0,893,89.856,3,TRUE,155.19,2,0,1000,0,1,13322,155.19,23539,0.00199999999999534,"C++",TRUE
5214,"A",1000,0,894,96.356,2,TRUE,135.806,1,1000,0,0,2,26927,135.806,27491,0.00100000000000477,"C++",TRUE
5215,"A",1000,0,895,82.211,2,TRUE,104.988,1,1000,0,0,1,10373,104.988,24590,0.00199999999999534,"C++",TRUE
5216,"A",1000,0,896,83.039,2,TRUE,97.162,1,1000,0,0,1,9666,97.162,22983,0.00100000000000477,"C++",TRUE
5217,"A",1000,0,897,83.752,2,TRUE,107.25,1,1000,0,0,1,13108,107.25,23525,0.00199999999999534,"C++",TRUE
5218,"A",1000,0,898,104.196,2,TRUE,152.052,1,1000,0,0,1,20632,152.052,32467,0.00200000000000244,"C++",TRUE
5219,"A",1000,0,899,119.551,3,TRUE,140.456,2,0,1000,0,1,8853,140.456,33198,0.000999999999997669,"C++",TRUE
5220,"A",1000,0,900,134.237,3,TRUE,162.807,2,0,1000,0,1,12550,162.807,37464,0.00199999999999534,"C++",TRUE
5221,"A",1000,0,901,78.089,3,TRUE,96.293,2,0,1000,0,0,0,96.293,23671,0.00100000000000477,"C++",TRUE
5222,"A",1000,0,902,87.427,2,TRUE,116.007,1,1000,0,0,1,15014,116.007,25981,0.00199999999999534,"C++",TRUE
5223,"A",1000,0,903,88.244,2,TRUE,116.801,1,1000,0,0,1,14725,116.801,27159,0.00100000000000477,"C++",TRUE
5224,"A",1000,0,904,97.872,2,TRUE,126.743,1,1000,0,0,1,11976,126.743,28492,0.00199999999999534,"C++",TRUE
5225,"A",1000,0,905,116.293,3,TRUE,156.505,2,0,1000,0,1,12990,156.505,31505,0.00100000000000477,"C++",TRUE
5226,"A",1000,0,906,152.334,2,TRUE,209.748,1,1000,0,0,2,45688,209.748,43239,0.00300000000000011,"C++",TRUE
5227,"A",1000,0,907,123.361,2,TRUE,149.223,1,1000,0,0,1,13751,149.223,37885,0.00199999999999534,"C++",TRUE
5228,"A",1000,0,908,101.207,2,TRUE,131.31,1,1000,0,0,1,19187,131.31,28364,0.00200000000000244,"C++",TRUE
5229,"A",1000,0,909,73.883,3,TRUE,89.453,2,0,1000,0,1,4739,89.453,20977,0.000999999999997669,"C++",TRUE
5230,"A",1000,0,910,117.323,3,TRUE,129.713,2,0,1000,0,1,10656,129.713,29391,0.00200000000000244,"C++",TRUE
5231,"A",1000,0,911,78.615,2,TRUE,98.995,1,1000,0,0,1,13183,98.995,24190,0.000999999999997669,"C++",TRUE
5232,"A",1000,0,912,82.78,2,TRUE,117.059,1,1000,0,0,1,14217,117.059,24347,0.00100000000000477,"C++",TRUE
5233,"A",1000,0,913,70.228,3,TRUE,85.899,2,0,1000,0,0,4256,85.899,16336,0.000999999999997669,"C++",TRUE
5234,"A",1000,0,914,132.18,3,TRUE,160.445,2,0,1000,0,1,6648,160.445,37455,0.00300000000000011,"C++",TRUE
5235,"A",1000,0,915,146.709,2,TRUE,181.364,1,1000,0,0,2,22219,181.364,42748,0.00200000000000244,"C++",TRUE
5236,"A",1000,0,916,101.233,3,TRUE,119.445,2,0,1000,0,1,7140,119.445,25764,0.00199999999999534,"C++",TRUE
5237,"A",1000,0,917,109.232,3,TRUE,135.857,2,0,1000,0,1,10633,135.857,29750,0.00100000000000477,"C++",TRUE
5238,"A",1000,0,918,160.112,2,TRUE,201.503,1,1000,0,0,2,38684,201.503,41391,0.00300000000000011,"C++",TRUE
5239,"A",1000,0,919,185.586,2,TRUE,206.87,1,1000,0,0,1,11479,206.87,56593,0.00300000000000011,"C++",TRUE
5240,"A",1000,0,920,129.586,2,TRUE,159.884,1,1000,0,0,2,36095,159.884,32494,0.00199999999999534,"C++",TRUE
5241,"A",1000,0,921,72.186,2,TRUE,93.417,1,1000,0,0,1,13146,93.417,21914,0.00100000000000477,"C++",TRUE
5242,"A",1000,0,922,59.368,2,TRUE,81.008,1,1000,0,0,1,8734,81.008,17527,0.000999999999997669,"C++",TRUE
5243,"A",1000,0,923,73.308,2,TRUE,102.195,1,1000,0,0,1,12867,102.195,22836,0.00199999999999534,"C++",TRUE
5244,"A",1000,0,924,68.795,2,TRUE,100.009,1,1000,0,0,1,10774,100.009,20597,0.00100000000000477,"C++",TRUE
5245,"A",1000,0,925,110.653,2,TRUE,142.383,1,1000,0,0,2,27871,142.383,28901,0.00199999999999534,"C++",TRUE
5246,"A",1000,0,926,77.447,2,TRUE,108.36,1,1000,0,0,1,16169,108.36,24140,0.00100000000000477,"C++",TRUE
5247,"A",1000,0,927,115.537,2,TRUE,150.245,1,1000,0,0,1,22651,150.245,33590,0.00199999999999534,"C++",TRUE
5248,"A",1000,0,928,124.233,1,TRUE,136.236,3,0,0,1000,2,13985,136.236,30865,0.00200000000000244,"C++",TRUE
5249,"A",1000,0,929,80.211,2,TRUE,116.998,1,1000,0,0,1,13137,116.998,24043,0.000999999999997669,"C++",TRUE
5250,"A",1000,0,930,123.675,3,TRUE,161.654,2,0,1000,0,1,9287,161.654,34916,0.00200000000000244,"C++",TRUE
5251,"A",1000,0,931,87.465,3,TRUE,116.532,2,0,1000,0,1,8047,116.532,24083,0.00200000000000244,"C++",TRUE
5252,"A",1000,0,932,81.442,3,TRUE,107.825,2,0,1000,0,0,8493,107.825,21977,0.000999999999997669,"C++",TRUE
5253,"A",1000,0,933,116.723,2,TRUE,152.865,1,1000,0,0,2,27665,152.865,33899,0.00200000000000244,"C++",TRUE
5254,"A",1000,0,934,134.82,2,TRUE,173.306,1,1000,0,0,1,26997,173.306,38075,0.00199999999999534,"C++",TRUE
5255,"A",1000,0,935,107.907,2,TRUE,132.856,1,1000,0,0,1,15387,132.856,32710,0.00200000000000244,"C++",TRUE
5256,"A",1000,0,936,46.306,3,TRUE,72.272,2,0,1000,0,1,4501,72.272,13539,0,"C++",TRUE
5257,"A",1000,0,937,45.596,2,TRUE,66.457,1,1000,0,0,1,12435,66.457,13669,0.000999999999997669,"C++",TRUE
5258,"A",1000,0,938,159.23,2,TRUE,199.556,1,1000,0,0,2,38998,199.556,40580,0.00200000000000244,"C++",TRUE
5259,"A",1000,0,939,110.781,3,TRUE,129.304,2,0,1000,0,1,6973,129.304,28200,0.00200000000000244,"C++",TRUE
5260,"A",1000,0,940,56.985,2,TRUE,92.486,1,1000,0,0,1,16820,92.486,17964,0.000999999999997669,"C++",TRUE
5261,"A",1000,0,941,91.701,2,TRUE,123.57,1,1000,0,0,1,13334,123.57,27589,0.000999999999997669,"C++",TRUE
5262,"A",1000,0,942,89.432,3,TRUE,110.414,2,0,1000,0,1,95,110.414,26095,0.00200000000000244,"C++",TRUE
5263,"A",1000,0,943,99.599,2,TRUE,130.335,1,1000,0,0,1,16525,130.335,30130,0.00200000000000244,"C++",TRUE
5264,"A",1000,0,944,80.754,3,TRUE,99.89,2,0,1000,0,1,10170,99.89,20908,0.000999999999997669,"C++",TRUE
5265,"A",1000,0,945,98.339,3,TRUE,116.334,2,0,1000,0,1,8454,116.334,25240,0.000999999999997669,"C++",TRUE
5266,"A",1000,0,946,70.061,2,TRUE,119.162,1,1000,0,0,1,33913,119.162,21000,0.00100000000000477,"C++",TRUE
5267,"A",1000,0,947,125.591,2,TRUE,153.826,1,1000,0,0,1,16659,153.826,37898,0.00199999999999534,"C++",TRUE
5268,"A",1000,0,948,115.469,2,TRUE,131.582,1,1000,0,0,1,11382,131.582,34112,0.00200000000000244,"C++",TRUE
5269,"A",1000,0,949,106.04,1,TRUE,119.772,3,0,0,1000,2,18129,119.772,24886,0.00200000000000244,"C++",TRUE
5270,"A",1000,0,950,90.622,2,TRUE,130.2,1,1000,0,0,1,24855,130.2,26830,0.000999999999997669,"C++",TRUE
5271,"A",1000,0,951,126.247,1,TRUE,138.815,3,0,0,1000,1,10873,138.815,33386,0.00200000000000244,"C++",TRUE
5272,"A",1000,0,952,95.94,3,TRUE,112.835,2,0,1000,0,1,7073,112.835,25172,0.000999999999997669,"C++",TRUE
5273,"A",1000,0,953,131.321,2,TRUE,172.555,1,1000,0,0,2,28020,172.555,36354,0.00200000000000244,"C++",TRUE
5274,"A",1000,0,954,99.589,3,TRUE,117.204,2,0,1000,0,1,11387,117.204,24391,0.00199999999999534,"C++",TRUE
5275,"A",1000,0,955,68.741,2,TRUE,89.762,1,1000,0,0,1,10545,89.762,21181,0.00100000000000477,"C++",TRUE
5276,"A",1000,0,956,110.141,2,TRUE,142.691,1,1000,0,0,1,23928,142.691,30347,0.000999999999997669,"C++",TRUE
5277,"A",1000,0,957,118.164,2,TRUE,144.11,1,1000,0,0,1,17102,144.11,32708,0.00200000000000244,"C++",TRUE
5278,"A",1000,0,958,82.175,1,TRUE,104.899,3,0,0,1000,2,16888,104.899,20305,0.000999999999997669,"C++",TRUE
5279,"A",1000,0,959,155.876,2,TRUE,179.987,1,1000,0,0,1,16589,179.987,46130,0.00300000000000011,"C++",TRUE
5280,"A",1000,0,960,127.696,2,TRUE,179.821,1,1000,0,0,2,45120,179.821,33255,0.00200000000000244,"C++",TRUE
5281,"A",1000,0,961,83.787,2,TRUE,121.54,1,1000,0,0,1,23057,121.54,25038,0.000999999999997669,"C++",TRUE
5282,"A",1000,0,962,97.116,2,TRUE,129.661,1,1000,0,0,1,17175,129.661,30483,0.00199999999999534,"C++",TRUE
5283,"A",1000,0,963,130.124,1,TRUE,139.017,3,0,0,1000,1,9868,139.017,33603,0.00200000000000244,"C++",TRUE
5284,"A",1000,0,964,96.364,2,TRUE,128.05,1,1000,0,0,2,19852,128.05,26332,0.000999999999997669,"C++",TRUE
5285,"A",1000,0,965,142.522,2,TRUE,192.988,1,1000,0,0,2,40881,192.988,37310,0.00200000000000244,"C++",TRUE
5286,"A",1000,0,966,106.422,2,TRUE,143.729,1,1000,0,0,1,23103,143.729,32092,0.00200000000000244,"C++",TRUE
5287,"A",1000,0,967,86.156,2,TRUE,119.789,1,1000,0,0,1,16266,119.789,24296,0.000999999999997669,"C++",TRUE
5288,"A",1000,0,968,78.074,2,TRUE,96.557,1,1000,0,0,1,8953,96.557,22762,0.000999999999997669,"C++",TRUE
5289,"A",1000,0,969,96.828,3,TRUE,127.844,2,0,1000,0,1,3317,127.844,24553,0.00200000000000244,"C++",TRUE
5290,"A",1000,0,970,101.121,2,TRUE,120.907,1,1000,0,0,1,9014,120.907,31666,0.00200000000000244,"C++",TRUE
5291,"A",1000,0,971,144.122,3,TRUE,160.811,2,0,1000,0,1,8758,160.811,40245,0.00199999999999534,"C++",TRUE
5292,"A",1000,0,972,186.147,2,TRUE,201.508,1,1000,0,0,1,11746,201.508,54289,0.00300000000000011,"C++",TRUE
5293,"A",1000,0,973,172.265,2,TRUE,206.198,1,1000,0,0,2,27076,206.198,48106,0.00300000000000011,"C++",TRUE
5294,"A",1000,0,974,98.05,3,TRUE,127.795,2,0,1000,0,1,9074,127.795,28010,0.00100000000000477,"C++",TRUE
5295,"A",1000,0,975,99.749,2,TRUE,131.735,1,1000,0,0,2,16798,131.735,29715,0.00199999999999534,"C++",TRUE
5296,"A",1000,0,976,92.995,2,TRUE,112.602,1,1000,0,0,1,15194,112.602,26960,0.00200000000000244,"C++",TRUE
5297,"A",1000,0,977,67.606,1,TRUE,87.456,3,0,0,1000,1,11624,87.456,16129,0,"C++",TRUE
5298,"A",1000,0,978,119.046,3,TRUE,155.251,2,0,1000,0,2,18512,155.251,30665,0.00200000000000244,"C++",TRUE
5299,"A",1000,0,979,177.51,2,TRUE,204.197,1,1000,0,0,1,15622,204.197,55031,0.00300000000000011,"C++",TRUE
5300,"A",1000,0,980,80.386,2,TRUE,122.162,1,1000,0,0,1,28965,122.162,22713,0.000999999999997669,"C++",TRUE
5301,"A",1000,0,981,93.708,2,TRUE,121.153,1,1000,0,0,1,14325,121.153,29146,0.00200000000000244,"C++",TRUE
5302,"A",1000,0,982,73.162,2,TRUE,97.998,1,1000,0,0,1,11381,97.998,21195,0.000999999999997669,"C++",TRUE
5303,"A",1000,0,983,66.557,3,TRUE,104.375,2,0,1000,0,1,9292,104.375,18441,0.000999999999997669,"C++",TRUE
5304,"A",1000,0,984,105.175,2,TRUE,148.502,1,1000,0,0,2,35679,148.502,28835,0.00200000000000244,"C++",TRUE
5305,"A",1000,0,985,59.963,2,TRUE,82.65,1,1000,0,0,1,10216,82.65,19020,0.000999999999997669,"C++",TRUE
5306,"A",1000,0,986,145.103,2,TRUE,172.911,1,1000,0,0,2,28082,172.911,39352,0.00200000000000244,"C++",TRUE
5307,"A",1000,0,987,159.883,2,TRUE,187.126,1,1000,0,0,2,24511,187.126,46023,0.00300000000000011,"C++",TRUE
5308,"A",1000,0,988,93.134,3,TRUE,115.616,2,0,1000,0,1,7430,115.616,24247,0.000999999999997669,"C++",TRUE
5309,"A",1000,0,989,80.31,2,TRUE,93.744,1,1000,0,0,1,14511,93.744,21798,0.00100000000000477,"C++",TRUE
5310,"A",1000,0,990,143.018,2,TRUE,173.918,1,1000,0,0,1,18338,173.918,43725,0.00300000000000011,"C++",TRUE
5311,"A",1000,0,991,75.735,2,TRUE,100.152,1,1000,0,0,1,10993,100.152,22233,0.000999999999997669,"C++",TRUE
5312,"A",1000,0,992,114.976,2,TRUE,157.537,1,1000,0,0,2,35046,157.537,32134,0.00200000000000244,"C++",TRUE
5313,"A",1000,0,993,63.382,2,TRUE,90.068,1,1000,0,0,1,14117,90.068,18421,0.000999999999997669,"C++",TRUE
5314,"A",1000,0,994,91.63,2,TRUE,121.641,1,1000,0,0,1,19319,121.641,27435,0.000999999999997669,"C++",TRUE
5315,"A",1000,0,995,112.082,2,TRUE,159.042,1,1000,0,0,1,37091,159.042,30234,0.00200000000000244,"C++",TRUE
5316,"A",1000,0,996,126.964,2,TRUE,149.082,1,1000,0,0,1,12015,149.082,39589,0.00200000000000244,"C++",TRUE
5317,"A",1000,0,997,84.655,2,TRUE,122.289,1,1000,0,0,1,18132,122.289,27678,0.00199999999999534,"C++",TRUE
5318,"A",1000,0,998,76.386,2,TRUE,120.285,1,1000,0,0,1,20823,120.285,23271,0.00100000000000477,"C++",TRUE
5319,"A",1000,0,999,119.944,2,TRUE,140.344,1,1000,0,0,1,13322,140.344,34163,0.00199999999999534,"C++",TRUE
5320,"A",1000,0,1000,75.515,1,TRUE,83.619,3,0,0,1000,1,8035,83.619,18830,0.000999999999997669,"C++",TRUE
5321,"A",300,0,1,69.3266666666667,2,TRUE,94.12,1,300,0,0,1,3380,94.12,6591,0,"C++",TRUE
5322,"A",300,0,2,56.2533333333333,2,TRUE,81.6633333333333,1,300,0,0,1,4683,81.6633333333333,5636,0,"C++",TRUE
5323,"A",300,0,3,81.13,1,TRUE,101.733333333333,3,0,0,300,1,2481,101.733333333333,6113,0.00100000000000477,"C++",TRUE
5324,"A",300,0,4,50.0633333333333,2,TRUE,68.48,1,300,0,0,1,1911,68.48,4582,0,"C++",TRUE
5325,"A",300,0,5,46.7933333333333,3,TRUE,74.2866666666667,2,0,300,0,1,2547,74.2866666666667,3980,0,"C++",TRUE
5326,"A",300,0,6,91.0966666666667,2,TRUE,133.38,1,300,0,0,2,11525,133.38,7494,0.000999999999997669,"C++",TRUE
5327,"A",300,0,7,86.87,3,TRUE,100.323333333333,2,0,300,0,0,0,100.323333333333,8085,0,"C++",TRUE
5328,"A",300,0,8,102.933333333333,1,TRUE,109.45,3,0,0,300,2,4944,109.45,7211,0.000999999999997669,"C++",TRUE
5329,"A",300,0,9,58.83,2,TRUE,81.5033333333333,1,300,0,0,1,3474,81.5033333333333,5485,0,"C++",TRUE
5330,"A",300,0,10,28.26,3,TRUE,49.4833333333333,2,0,300,0,0,0,49.4833333333333,2516,0,"C++",TRUE
5331,"A",300,0,11,63.1833333333333,2,TRUE,93.4166666666667,1,300,0,0,1,4036,93.4166666666667,5798,0,"C++",TRUE
5332,"A",300,0,12,93.83,2,TRUE,112.04,1,300,0,0,2,5713,112.04,7499,0.00100000000000477,"C++",TRUE
5333,"A",300,0,13,28.2833333333333,2,TRUE,52.8066666666667,1,300,0,0,0,2550,52.8066666666667,3040,0,"C++",TRUE
5334,"A",300,0,14,81.9433333333333,2,TRUE,118.98,1,300,0,0,2,7291,118.98,6640,0,"C++",TRUE
5335,"A",300,0,15,52.6333333333333,2,TRUE,68.6933333333333,1,300,0,0,1,3295,68.6933333333333,4715,0.000999999999997669,"C++",TRUE
5336,"A",300,0,16,65.28,2,TRUE,83.7433333333333,1,300,0,0,1,3196,83.7433333333333,5316,0,"C++",TRUE
5337,"A",300,0,17,46.1466666666667,2,TRUE,66.15,1,300,0,0,0,1743,66.15,4421,0,"C++",TRUE
5338,"A",300,0,18,34.4533333333333,3,TRUE,57.5266666666667,2,0,300,0,0,0,57.5266666666667,3372,0,"C++",TRUE
5339,"A",300,0,19,35.2833333333333,2,TRUE,52.6233333333333,1,300,0,0,0,0,52.6233333333333,3442,0.000999999999997669,"C++",TRUE
5340,"A",300,0,20,48.0966666666667,2,TRUE,79.4266666666667,1,300,0,0,1,3875,79.4266666666667,5003,0,"C++",TRUE
5341,"A",300,0,21,107.126666666667,2,TRUE,148.376666666667,1,300,0,0,1,8172,148.376666666667,10326,0,"C++",TRUE
5342,"A",300,0,22,71.66,2,TRUE,86.78,1,300,0,0,1,2782,86.78,6809,0.00100000000000477,"C++",TRUE
5343,"A",300,0,23,77.2366666666667,3,TRUE,98.8066666666667,2,0,300,0,1,2906,98.8066666666667,5410,0,"C++",TRUE
5344,"A",300,0,24,55.9733333333333,2,TRUE,72.7266666666667,1,300,0,0,1,2414,72.7266666666667,4977,0,"C++",TRUE
5345,"A",300,0,25,53.5633333333333,3,TRUE,93.91,2,0,300,0,0,1314,93.91,5243,0.000999999999997669,"C++",TRUE
5346,"A",300,0,26,58.9266666666667,2,TRUE,90.93,1,300,0,0,1,4664,90.93,6049,0,"C++",TRUE
5347,"A",300,0,27,67.69,2,TRUE,96.86,1,300,0,0,1,6033,96.86,6041,0,"C++",TRUE
5348,"A",300,0,28,63.98,2,TRUE,82.0233333333333,1,300,0,0,1,3598,82.0233333333333,5881,0.000999999999997669,"C++",TRUE
5349,"A",300,0,29,37.53,3,TRUE,49.1066666666667,2,0,300,0,0,0,49.1066666666667,3275,0,"C++",TRUE
5350,"A",300,0,30,46.2733333333333,3,TRUE,57.44,2,0,300,0,0,0,57.44,3751,0,"C++",TRUE
5351,"A",300,0,31,43.43,2,TRUE,69.4166666666667,1,300,0,0,1,5394,69.4166666666667,3849,0,"C++",TRUE
5352,"A",300,0,32,70.93,3,TRUE,96.5,2,0,300,0,0,2575,96.5,5377,0.00100000000000477,"C++",TRUE
5353,"A",300,0,33,30.85,3,TRUE,51.1666666666667,2,0,300,0,0,0,51.1666666666667,3115,0,"C++",TRUE
5354,"A",300,0,34,37.4066666666667,2,TRUE,76.05,1,300,0,0,1,8071,76.05,3963,0,"C++",TRUE
5355,"A",300,0,35,74.9533333333333,1,TRUE,76.2866666666667,3,0,0,300,1,2288,76.2866666666667,5735,0,"C++",TRUE
5356,"A",300,0,36,49.6433333333333,2,TRUE,84.81,1,300,0,0,1,7246,84.81,4856,0.000999999999997669,"C++",TRUE
5357,"A",300,0,37,64.52,2,TRUE,79.75,1,300,0,0,1,1939,79.75,5839,0,"C++",TRUE
5358,"A",300,0,38,103.816666666667,2,TRUE,120.956666666667,1,300,0,0,1,3416,120.956666666667,9798,0.000999999999997669,"C++",TRUE
5359,"A",300,0,39,66.8766666666667,2,TRUE,87.7633333333333,1,300,0,0,1,5127,87.7633333333333,5430,0,"C++",TRUE
5360,"A",300,0,40,53.4433333333333,1,TRUE,65.3833333333333,3,0,0,300,1,2222,65.3833333333333,3785,0,"C++",TRUE
5361,"A",300,0,41,73.5833333333333,2,TRUE,113.136666666667,1,300,0,0,1,7144,113.136666666667,6026,0,"C++",TRUE
5362,"A",300,0,42,52.7333333333333,1,TRUE,67.24,3,0,0,300,1,2525,67.24,4494,0.00100000000000477,"C++",TRUE
5363,"A",300,0,43,83.1733333333333,2,TRUE,119.876666666667,1,300,0,0,2,8093,119.876666666667,6579,0,"C++",TRUE
5364,"A",300,0,44,61.04,2,TRUE,89.4633333333333,1,300,0,0,1,3446,89.4633333333333,6145,0,"C++",TRUE
5365,"A",300,0,45,35.52,2,TRUE,59.2666666666667,1,300,0,0,1,3505,59.2666666666667,3614,0.000999999999997669,"C++",TRUE
5366,"A",300,0,46,82.1433333333333,2,TRUE,85.4833333333333,3,0,0,300,1,6765,85.4833333333333,5315,0,"C++",TRUE
5367,"A",300,0,47,71.1833333333333,2,TRUE,97.62,1,300,0,0,1,3131,97.62,6544,0,"C++",TRUE
5368,"A",300,0,48,106.916666666667,2,TRUE,132.116666666667,1,300,0,0,2,4335,132.116666666667,9471,0.000999999999997669,"C++",TRUE
5369,"A",300,0,49,75.1066666666667,2,TRUE,86.57,1,300,0,0,2,1729,86.57,6141,0,"C++",TRUE
5370,"A",300,0,50,42.7033333333333,3,TRUE,59.63,2,0,300,0,0,954,59.63,3979,0,"C++",TRUE
5371,"A",300,0,51,95.5366666666667,1,TRUE,110.596666666667,3,0,0,300,1,3484,110.596666666667,7069,0.00100000000000477,"C++",TRUE
5372,"A",300,0,52,43.5233333333333,2,TRUE,73.9066666666667,1,300,0,0,1,4261,73.9066666666667,4662,0,"C++",TRUE
5373,"A",300,0,53,165.636666666667,2,TRUE,193.526666666667,1,300,0,0,3,11147,193.526666666667,13317,0.000999999999997669,"C++",TRUE
5374,"A",300,0,54,105.39,2,TRUE,135.566666666667,1,300,0,0,1,3860,135.566666666667,9727,0,"C++",TRUE
5375,"A",300,0,55,74.1566666666667,2,TRUE,108.776666666667,1,300,0,0,1,8439,108.776666666667,6248,0.000999999999997669,"C++",TRUE
5376,"A",300,0,56,57.3,2,TRUE,80.4366666666667,1,300,0,0,1,3332,80.4366666666667,5640,0,"C++",TRUE
5377,"A",300,0,57,51.2566666666667,3,TRUE,79.3733333333333,2,0,300,0,0,0,79.3733333333333,4390,0,"C++",TRUE
5378,"A",300,0,58,77.1033333333333,2,TRUE,111.473333333333,1,300,0,0,1,7972,111.473333333333,7049,0.00100000000000477,"C++",TRUE
5379,"A",300,0,59,47.3066666666667,3,TRUE,89.8,2,0,300,0,1,1607,89.8,4456,0,"C++",TRUE
5380,"A",300,0,60,110.333333333333,2,TRUE,141.303333333333,1,300,0,0,1,6003,141.303333333333,10309,0.000999999999997669,"C++",TRUE
5381,"A",300,0,61,62.43,3,TRUE,98.58,2,0,300,0,1,1869,98.58,5415,0,"C++",TRUE
5382,"A",300,0,62,49.1833333333333,2,TRUE,74.42,1,300,0,0,0,2367,74.42,4556,0,"C++",TRUE
5383,"A",300,0,63,27.3466666666667,2,TRUE,45.4633333333333,1,300,0,0,1,3532,45.4633333333333,2998,0,"C++",TRUE
5384,"A",300,0,64,33.3366666666667,2,TRUE,47.2133333333333,1,300,0,0,1,2008,47.2133333333333,3521,0.000999999999997669,"C++",TRUE
5385,"A",300,0,65,39.4733333333333,2,TRUE,64.4233333333333,1,300,0,0,1,4660,64.4233333333333,3742,0,"C++",TRUE
5386,"A",300,0,66,90.41,2,TRUE,126.613333333333,1,300,0,0,1,5764,126.613333333333,8564,0,"C++",TRUE
5387,"A",300,0,67,47.29,2,TRUE,66.3266666666667,1,300,0,0,1,2154,66.3266666666667,4262,0,"C++",TRUE
5388,"A",300,0,68,79.9333333333333,2,TRUE,102.626666666667,1,300,0,0,2,5960,102.626666666667,6494,0.00100000000000477,"C++",TRUE
5389,"A",300,0,69,66.2933333333333,2,TRUE,101.91,1,300,0,0,1,4523,101.91,6378,0,"C++",TRUE
5390,"A",300,0,70,33.9833333333333,3,TRUE,46.9966666666667,2,0,300,0,0,0,46.9966666666667,2523,0,"C++",TRUE
5391,"A",300,0,71,42.8066666666667,2,TRUE,70.9333333333333,1,300,0,0,0,1023,70.9333333333333,4370,0.000999999999997669,"C++",TRUE
5392,"A",300,0,72,70.5966666666667,3,TRUE,81.7566666666667,2,0,300,0,0,0,81.7566666666667,6209,0,"C++",TRUE
5393,"A",300,0,73,78.68,2,TRUE,100.68,1,300,0,0,1,4166,100.68,7515,0,"C++",TRUE
5394,"A",300,0,74,57.2733333333333,2,TRUE,80.6833333333333,1,300,0,0,1,3557,80.6833333333333,5137,0.000999999999997669,"C++",TRUE
5395,"A",300,0,75,35.9333333333333,3,TRUE,47.4866666666667,2,0,300,0,0,0,47.4866666666667,2485,0,"C++",TRUE
5396,"A",300,0,76,65.5066666666667,2,TRUE,86.1233333333333,1,300,0,0,1,3576,86.1233333333333,5972,0,"C++",TRUE
5397,"A",300,0,77,84.2833333333333,2,TRUE,112.356666666667,1,300,0,0,2,5208,112.356666666667,7194,0.00100000000000477,"C++",TRUE
5398,"A",300,0,78,70.5833333333333,2,TRUE,95.48,1,300,0,0,1,4215,95.48,6807,0,"C++",TRUE
5399,"A",300,0,79,37.84,3,TRUE,64.0266666666667,2,0,300,0,0,9,64.0266666666667,3404,0,"C++",TRUE
5400,"A",300,0,80,100.023333333333,2,TRUE,118.56,1,300,0,0,1,2792,118.56,8920,0.000999999999997669,"C++",TRUE
5401,"A",300,0,81,75.02,2,TRUE,102.606666666667,1,300,0,0,1,4352,102.606666666667,7135,0,"C++",TRUE
5402,"A",300,0,82,55.1766666666667,3,TRUE,72.46,2,0,300,0,1,1629,72.46,4870,0,"C++",TRUE
5403,"A",300,0,83,45.2,3,TRUE,70.8133333333333,2,0,300,0,0,260,70.8133333333333,3869,0.000999999999997669,"C++",TRUE
5404,"A",300,0,84,44.7733333333333,2,TRUE,68.3266666666667,1,300,0,0,1,4041,68.3266666666667,4465,0,"C++",TRUE
5405,"A",300,0,85,30.8,2,TRUE,57.62,1,300,0,0,0,3546,57.62,3535,0,"C++",TRUE
5406,"A",300,0,86,78.8033333333333,2,TRUE,102.333333333333,1,300,0,0,1,4394,102.333333333333,7255,0,"C++",TRUE
5407,"A",300,0,87,62.57,2,TRUE,94.4533333333333,1,300,0,0,1,6027,94.4533333333333,5466,0.00100000000000477,"C++",TRUE
5408,"A",300,0,88,86.7133333333333,2,TRUE,108.253333333333,1,300,0,0,1,3677,108.253333333333,7946,0,"C++",TRUE
5409,"A",300,0,89,71.3933333333333,2,TRUE,98.2033333333333,1,300,0,0,1,4636,98.2033333333333,6768,0.000999999999997669,"C++",TRUE
5410,"A",300,0,90,105.2,2,TRUE,123.356666666667,1,300,0,0,2,5655,123.356666666667,8278,0,"C++",TRUE
5411,"A",300,0,91,34.2066666666667,3,TRUE,65.6566666666667,2,0,300,0,0,0,65.6566666666667,3189,0,"C++",TRUE
5412,"A",300,0,92,101.776666666667,2,TRUE,132.913333333333,1,300,0,0,2,5731,132.913333333333,8713,0.000999999999997669,"C++",TRUE
5413,"A",300,0,93,106.466666666667,2,TRUE,131.076666666667,1,300,0,0,1,5334,131.076666666667,9326,0,"C++",TRUE
5414,"A",300,0,94,78.2333333333333,3,TRUE,86.4166666666667,2,0,300,0,0,0,86.4166666666667,6676,0.00100000000000477,"C++",TRUE
5415,"A",300,0,95,82.7733333333333,2,TRUE,106.073333333333,1,300,0,0,1,3115,106.073333333333,7334,0,"C++",TRUE
5416,"A",300,0,96,83.55,2,TRUE,114.983333333333,1,300,0,0,1,5781,114.983333333333,7842,0,"C++",TRUE
5417,"A",300,0,97,94.1433333333333,2,TRUE,117.916666666667,1,300,0,0,2,7290,117.916666666667,8569,0,"C++",TRUE
5418,"A",300,0,98,95.2233333333333,2,TRUE,119.246666666667,1,300,0,0,1,3155,119.246666666667,7294,0,"C++",TRUE
5419,"A",300,0,99,49.48,2,TRUE,69.7,1,300,0,0,1,3347,69.7,4765,0.000999999999997669,"C++",TRUE
5420,"A",300,0,100,104.206666666667,2,TRUE,126.963333333333,1,300,0,0,1,4886,126.963333333333,9604,0,"C++",TRUE
5421,"A",300,0,101,49.4,3,TRUE,72.82,2,0,300,0,0,28,72.82,4591,0.00100000000000477,"C++",TRUE
5422,"A",300,0,102,109.596666666667,2,TRUE,138.946666666667,1,300,0,0,1,6265,138.946666666667,10010,0,"C++",TRUE
5423,"A",300,0,103,86.6733333333333,2,TRUE,112.673333333333,1,300,0,0,1,4992,112.673333333333,7738,0.000999999999997669,"C++",TRUE
5424,"A",300,0,104,45.7666666666667,2,TRUE,60.8066666666667,1,300,0,0,1,2651,60.8066666666667,4027,0,"C++",TRUE
5425,"A",300,0,105,55.15,2,TRUE,68.91,1,300,0,0,1,3892,68.91,5182,0,"C++",TRUE
5426,"A",300,0,106,45.5666666666667,2,TRUE,71.4566666666667,1,300,0,0,1,2385,71.4566666666667,4636,0,"C++",TRUE
5427,"A",300,0,107,55.3666666666667,2,TRUE,78.0733333333333,1,300,0,0,1,2663,78.0733333333333,5269,0.000999999999997669,"C++",TRUE
5428,"A",300,0,108,29.56,2,TRUE,51.72,1,300,0,0,0,2177,51.72,3252,0,"C++",TRUE
5429,"A",300,0,109,77.6433333333333,2,TRUE,102.396666666667,1,300,0,0,1,5007,102.396666666667,6927,0,"C++",TRUE
5430,"A",300,0,110,38.8333333333333,2,TRUE,66.0233333333333,1,300,0,0,1,4282,66.0233333333333,3829,0,"C++",TRUE
5431,"A",300,0,111,57,2,TRUE,71.6933333333333,1,300,0,0,1,1530,71.6933333333333,5065,0.00100000000000477,"C++",TRUE
5432,"A",300,0,112,44.2266666666667,3,TRUE,58.5966666666667,2,0,300,0,0,0,58.5966666666667,3967,0,"C++",TRUE
5433,"A",300,0,113,37.5566666666667,2,TRUE,67.7166666666667,1,300,0,0,1,4152,67.7166666666667,3916,0,"C++",TRUE
5434,"A",300,0,114,39.13,2,TRUE,62.2966666666667,1,300,0,0,1,3834,62.2966666666667,3960,0,"C++",TRUE
5435,"A",300,0,115,97.36,2,TRUE,137.103333333333,1,300,0,0,1,9979,137.103333333333,9296,0.000999999999997669,"C++",TRUE
5436,"A",300,0,116,84.52,3,TRUE,101.52,2,0,300,0,1,1659,101.52,6697,0,"C++",TRUE
5437,"A",300,0,117,55.99,3,TRUE,83.0033333333333,2,0,300,0,0,0,83.0033333333333,4970,0.000999999999997669,"C++",TRUE
5438,"A",300,0,118,45.6333333333333,1,TRUE,57.9066666666667,3,0,0,300,1,2399,57.9066666666667,3505,0,"C++",TRUE
5439,"A",300,0,119,37.1433333333333,2,TRUE,86.5,1,300,0,0,1,5071,86.5,3770,0,"C++",TRUE
5440,"A",300,0,120,40.18,2,TRUE,85.96,1,300,0,0,1,11415,85.96,4186,0,"C++",TRUE
5441,"A",300,0,121,89,3,TRUE,102.816666666667,2,0,300,0,1,1366,102.816666666667,7962,0.00100000000000477,"C++",TRUE
5442,"A",300,0,122,100.78,2,TRUE,123.633333333333,1,300,0,0,2,6057,123.633333333333,7971,0,"C++",TRUE
5443,"A",300,0,123,89.1233333333333,2,TRUE,139.346666666667,1,300,0,0,1,10331,139.346666666667,8592,0.000999999999997669,"C++",TRUE
5444,"A",300,0,124,36.6366666666667,2,TRUE,55.6066666666667,1,300,0,0,1,4130,55.6066666666667,3196,0,"C++",TRUE
5445,"A",300,0,125,60.2966666666667,3,TRUE,86.7433333333333,2,0,300,0,0,1126,86.7433333333333,5307,0,"C++",TRUE
5446,"A",300,0,126,82.05,2,TRUE,106.123333333333,1,300,0,0,1,4163,106.123333333333,7387,0.000999999999997669,"C++",TRUE
5447,"A",300,0,127,38.3066666666667,3,TRUE,60.7766666666667,2,0,300,0,0,2189,60.7766666666667,3484,0,"C++",TRUE
5448,"A",300,0,128,43.9,3,TRUE,58.4766666666667,2,0,300,0,0,0,58.4766666666667,3656,0,"C++",TRUE
5449,"A",300,0,129,55.9533333333333,2,TRUE,77.0133333333333,1,300,0,0,1,2994,77.0133333333333,4864,0,"C++",TRUE
5450,"A",300,0,130,96.2866666666667,2,TRUE,125.866666666667,1,300,0,0,1,5886,125.866666666667,9379,0.00100000000000477,"C++",TRUE
5451,"A",300,0,131,84.0333333333333,2,TRUE,108.506666666667,1,300,0,0,2,2238,108.506666666667,7383,0,"C++",TRUE
5452,"A",300,0,132,40.8133333333333,2,TRUE,63.7266666666667,1,300,0,0,1,3631,63.7266666666667,4441,0,"C++",TRUE
5453,"A",300,0,133,68.1,3,TRUE,87.4966666666667,2,0,300,0,1,2274,87.4966666666667,5216,0.000999999999997669,"C++",TRUE
5454,"A",300,0,134,60.9633333333333,2,TRUE,69.8766666666667,1,300,0,0,0,0,69.8766666666667,5159,0,"C++",TRUE
5455,"A",300,0,135,51.55,2,TRUE,70.8333333333333,1,300,0,0,1,1294,70.8333333333333,4777,0,"C++",TRUE
5456,"A",300,0,136,51.9533333333333,3,TRUE,66.9433333333333,2,0,300,0,1,2889,66.9433333333333,4348,0.000999999999997669,"C++",TRUE
5457,"A",300,0,137,86.9166666666667,2,TRUE,106.036666666667,1,300,0,0,1,3571,106.036666666667,7180,0,"C++",TRUE
5458,"A",300,0,138,38.4166666666667,2,TRUE,75.6233333333333,1,300,0,0,1,6991,75.6233333333333,3797,0,"C++",TRUE
5459,"A",300,0,139,60.5766666666667,3,TRUE,95.55,2,0,300,0,1,3227,95.55,5632,0,"C++",TRUE
5460,"A",300,0,140,74.3433333333333,2,TRUE,101.926666666667,1,300,0,0,2,4651,101.926666666667,7113,0.00100000000000477,"C++",TRUE
5461,"A",300,0,141,70.7533333333333,3,TRUE,92.2366666666667,2,0,300,0,1,2457,92.2366666666667,5649,0,"C++",TRUE
5462,"A",300,0,142,48.52,3,TRUE,69.9833333333333,2,0,300,0,0,0,69.9833333333333,4749,0,"C++",TRUE
5463,"A",300,0,143,72.4066666666667,1,TRUE,83.3566666666667,3,0,0,300,2,3983,83.3566666666667,5092,0.000999999999997669,"C++",TRUE
5464,"A",300,0,144,89.1,2,TRUE,104.613333333333,1,300,0,0,1,3095,104.613333333333,8251,0,"C++",TRUE
5465,"A",300,0,145,85.7133333333333,2,TRUE,106.603333333333,1,300,0,0,1,3802,106.603333333333,7787,0.000999999999997669,"C++",TRUE
5466,"A",300,0,146,96.65,1,TRUE,107.503333333333,3,0,0,300,2,5180,107.503333333333,6850,0,"C++",TRUE
5467,"A",300,0,147,83.4266666666667,2,TRUE,118.473333333333,1,300,0,0,1,6298,118.473333333333,7523,0,"C++",TRUE
5468,"A",300,0,148,34.4566666666667,2,TRUE,51.08,1,300,0,0,0,2841,51.08,3603,0.00100000000000477,"C++",TRUE
5469,"A",300,0,149,46.68,2,TRUE,102.326666666667,1,300,0,0,1,10855,102.326666666667,4567,0,"C++",TRUE
5470,"A",300,0,150,41.8433333333333,2,TRUE,59.0133333333333,1,300,0,0,1,2590,59.0133333333333,3966,0,"C++",TRUE
5471,"A",300,0,151,86.3733333333333,2,TRUE,108.65,1,300,0,0,1,4239,108.65,7357,0.000999999999997669,"C++",TRUE
5472,"A",300,0,152,37.2966666666667,2,TRUE,53.7633333333333,1,300,0,0,0,772,53.7633333333333,3708,0,"C++",TRUE
5473,"A",300,0,153,49.7633333333333,3,TRUE,62.6766666666667,2,0,300,0,0,0,62.6766666666667,4290,0,"C++",TRUE
5474,"A",300,0,154,174.103333333333,3,TRUE,188.01,2,0,300,0,2,3385,188.01,13886,0.000999999999997669,"C++",TRUE
5475,"A",300,0,155,36.0433333333333,2,TRUE,58.7633333333333,1,300,0,0,1,4746,58.7633333333333,3589,0,"C++",TRUE
5476,"A",300,0,156,46.9766666666667,2,TRUE,81.4166666666667,1,300,0,0,1,3320,81.4166666666667,4507,0,"C++",TRUE
5477,"A",300,0,157,101.133333333333,2,TRUE,127.716666666667,1,300,0,0,1,3750,127.716666666667,9007,0.00100000000000477,"C++",TRUE
5478,"A",300,0,158,64.1266666666667,2,TRUE,89.8933333333333,1,300,0,0,1,4902,89.8933333333333,6137,0,"C++",TRUE
5479,"A",300,0,159,63.6466666666667,2,TRUE,83.66,1,300,0,0,1,4451,83.66,6037,0.000999999999997669,"C++",TRUE
5480,"A",300,0,160,56.5066666666667,3,TRUE,88.6333333333333,2,0,300,0,0,1112,88.6333333333333,5437,0,"C++",TRUE
5481,"A",300,0,161,27.5166666666667,2,TRUE,44.04,1,300,0,0,0,1835,44.04,2823,0,"C++",TRUE
5482,"A",300,0,162,70.8166666666667,2,TRUE,79.7966666666667,1,300,0,0,1,437,79.7966666666667,6345,0,"C++",TRUE
5483,"A",300,0,163,80.5866666666667,2,TRUE,112.986666666667,1,300,0,0,1,3586,112.986666666667,7122,0.000999999999997669,"C++",TRUE
5484,"A",300,0,164,106.833333333333,3,TRUE,129.206666666667,2,0,300,0,1,1875,129.206666666667,9030,0,"C++",TRUE
5485,"A",300,0,165,79.5633333333333,2,TRUE,119.276666666667,1,300,0,0,1,8091,119.276666666667,7388,0.00100000000000477,"C++",TRUE
5486,"A",300,0,166,58.7666666666667,2,TRUE,81.47,1,300,0,0,1,4028,81.47,5567,0,"C++",TRUE
5487,"A",300,0,167,78.48,2,TRUE,110.146666666667,1,300,0,0,1,5304,110.146666666667,7130,0,"C++",TRUE
5488,"A",300,0,168,61.36,2,TRUE,95.6566666666667,1,300,0,0,1,4259,95.6566666666667,5800,0.000999999999997669,"C++",TRUE
5489,"A",300,0,169,45.1,2,TRUE,63.6733333333333,1,300,0,0,0,1536,63.6733333333333,4157,0,"C++",TRUE
5490,"A",300,0,170,110.406666666667,3,TRUE,127.663333333333,2,0,300,0,0,0,127.663333333333,9418,0.000999999999997669,"C++",TRUE
5491,"A",300,0,171,40.5833333333333,2,TRUE,55.5166666666667,1,300,0,0,1,2574,55.5166666666667,3814,0,"C++",TRUE
5492,"A",300,0,172,197.9,2,TRUE,217.653333333333,1,300,0,0,2,5124,217.653333333333,15533,0.00100000000000477,"C++",TRUE
5493,"A",300,0,173,85.6966666666667,2,TRUE,118.77,1,300,0,0,1,6436,118.77,7223,0,"C++",TRUE
5494,"A",300,0,174,60.9133333333333,2,TRUE,99.7233333333333,1,300,0,0,1,10250,99.7233333333333,5350,0,"C++",TRUE
5495,"A",300,0,175,52.6766666666667,2,TRUE,84.7566666666667,1,300,0,0,1,5901,84.7566666666667,5486,0.000999999999997669,"C++",TRUE
5496,"A",300,0,176,53.5866666666667,2,TRUE,80.6433333333333,1,300,0,0,1,3450,80.6433333333333,4877,0,"C++",TRUE
5497,"A",300,0,177,113.706666666667,3,TRUE,141.933333333333,2,0,300,0,2,1615,141.933333333333,9536,0,"C++",TRUE
5498,"A",300,0,178,30.7266666666667,2,TRUE,59.3733333333333,1,300,0,0,0,3858,59.3733333333333,3388,0.000999999999997669,"C++",TRUE
5499,"A",300,0,179,40.3966666666667,2,TRUE,67,1,300,0,0,1,4218,67,3939,0,"C++",TRUE
5500,"A",300,0,180,52.9533333333333,3,TRUE,67.5866666666667,2,0,300,0,0,0,67.5866666666667,5029,0,"C++",TRUE
5501,"A",300,0,181,71.36,2,TRUE,104.753333333333,1,300,0,0,1,7427,104.753333333333,6409,0.000999999999997669,"C++",TRUE
5502,"A",300,0,182,73.8333333333333,3,TRUE,94.66,2,0,300,0,0,1944,94.66,6688,0,"C++",TRUE
5503,"A",300,0,183,51.2333333333333,2,TRUE,67.0533333333333,1,300,0,0,1,2572,67.0533333333333,4285,0,"C++",TRUE
5504,"A",300,0,184,43.8066666666667,2,TRUE,57.71,1,300,0,0,1,1616,57.71,4056,0,"C++",TRUE
5505,"A",300,0,185,28.8633333333333,2,TRUE,40.9533333333333,1,300,0,0,1,3341,40.9533333333333,2812,0.00100000000000477,"C++",TRUE
5506,"A",300,0,186,40.5833333333333,2,TRUE,62.9333333333333,1,300,0,0,1,3111,62.9333333333333,4252,0,"C++",TRUE
5507,"A",300,0,187,70.1133333333333,2,TRUE,107.943333333333,1,300,0,0,1,5685,107.943333333333,7150,0,"C++",TRUE
5508,"A",300,0,188,44.4933333333333,2,TRUE,57.5,1,300,0,0,0,1423,57.5,4405,0,"C++",TRUE
5509,"A",300,0,189,77.7733333333333,2,TRUE,92.5233333333333,1,300,0,0,1,3063,92.5233333333333,6942,0.000999999999997669,"C++",TRUE
5510,"A",300,0,190,41.38,2,TRUE,55.3933333333333,1,300,0,0,1,2336,55.3933333333333,3466,0,"C++",TRUE
5511,"A",300,0,191,64.5133333333333,3,TRUE,85.51,2,0,300,0,0,940,85.51,5913,0,"C++",TRUE
5512,"A",300,0,192,74.0333333333333,2,TRUE,83.6933333333333,1,300,0,0,1,519,83.6933333333333,6115,0.000999999999997669,"C++",TRUE
5513,"A",300,0,193,74.9433333333333,2,TRUE,90.4933333333333,1,300,0,0,2,3659,90.4933333333333,6522,0,"C++",TRUE
5514,"A",300,0,194,32.8433333333333,3,TRUE,45.75,2,0,300,0,0,0,45.75,3185,0,"C++",TRUE
5515,"A",300,0,195,38.12,3,TRUE,60.97,2,0,300,0,0,0,60.97,3438,0.00100000000000477,"C++",TRUE
5516,"A",300,0,196,68.7533333333333,3,TRUE,93.8766666666667,2,0,300,0,0,0,93.8766666666667,6066,0,"C++",TRUE
5517,"A",300,0,197,51.3633333333333,2,TRUE,72.2666666666667,1,300,0,0,1,2039,72.2666666666667,4890,0,"C++",TRUE
5518,"A",300,0,198,51.69,3,TRUE,70.9766666666667,2,0,300,0,1,816,70.9766666666667,4742,0,"C++",TRUE
5519,"A",300,0,199,56.48,1,TRUE,64.7666666666667,3,0,0,300,1,2414,64.7666666666667,4362,0.000999999999997669,"C++",TRUE
5520,"A",300,0,200,62.85,2,TRUE,74.6033333333333,1,300,0,0,0,0,74.6033333333333,5634,0,"C++",TRUE
5521,"A",300,0,201,48.3,2,TRUE,73.99,1,300,0,0,1,2916,73.99,4371,0,"C++",TRUE
5522,"A",300,0,202,50.87,3,TRUE,78.7566666666667,2,0,300,0,1,1316,78.7566666666667,4826,0.000999999999997669,"C++",TRUE
5523,"A",300,0,203,107.363333333333,2,TRUE,117.596666666667,3,0,0,300,1,5883,117.596666666667,7626,0,"C++",TRUE
5524,"A",300,0,204,47.0866666666667,2,TRUE,61.3533333333333,1,300,0,0,1,2708,61.3533333333333,4018,0,"C++",TRUE
5525,"A",300,0,205,80.31,2,TRUE,85.4133333333333,1,300,0,0,1,1319,85.4133333333333,7207,0.00100000000000477,"C++",TRUE
5526,"A",300,0,206,60.17,2,TRUE,93.96,1,300,0,0,1,4663,93.96,5687,0,"C++",TRUE
5527,"A",300,0,207,75.5666666666667,2,TRUE,100.433333333333,1,300,0,0,1,3062,100.433333333333,7364,0,"C++",TRUE
5528,"A",300,0,208,66.45,2,TRUE,94.6366666666667,1,300,0,0,1,5759,94.6366666666667,5946,0.000999999999997669,"C++",TRUE
5529,"A",300,0,209,105.623333333333,2,TRUE,122.796666666667,1,300,0,0,2,5137,122.796666666667,9289,0,"C++",TRUE
5530,"A",300,0,210,82.83,3,TRUE,109.036666666667,2,0,300,0,1,29,109.036666666667,7335,0.000999999999997669,"C++",TRUE
5531,"A",300,0,211,108.436666666667,3,TRUE,133.09,2,0,300,0,0,0,133.09,9888,0,"C++",TRUE
5532,"A",300,0,212,203.38,2,TRUE,238.033333333333,1,300,0,0,3,8771,238.033333333333,17769,0.00100000000000477,"C++",TRUE
5533,"A",300,0,213,67.0033333333333,2,TRUE,68.8866666666667,1,300,0,0,1,2929,68.8866666666667,4514,0.000999999999997669,"C++",TRUE
5534,"A",300,0,214,83.26,1,TRUE,89.5233333333333,3,0,0,300,1,2093,89.5233333333333,6842,0,"C++",TRUE
5535,"A",300,0,215,57.82,2,TRUE,85.83,1,300,0,0,1,4665,85.83,5807,0,"C++",TRUE
5536,"A",300,0,216,71.6633333333333,1,TRUE,88.1666666666667,3,0,0,300,1,2659,88.1666666666667,5517,0.000999999999997669,"C++",TRUE
5537,"A",300,0,217,77.52,2,TRUE,112.383333333333,1,300,0,0,1,8480,112.383333333333,6933,0,"C++",TRUE
5538,"A",300,0,218,90.5366666666667,1,TRUE,96.56,3,0,0,300,1,1764,96.56,7581,0,"C++",TRUE
5539,"A",300,0,219,53.9766666666667,2,TRUE,72.4566666666667,1,300,0,0,1,3611,72.4566666666667,4688,0.00100000000000477,"C++",TRUE
5540,"A",300,0,220,46.84,3,TRUE,68.6366666666667,2,0,300,0,0,1001,68.6366666666667,4145,0,"C++",TRUE
5541,"A",300,0,221,47.37,2,TRUE,66.26,1,300,0,0,1,3481,66.26,4421,0,"C++",TRUE
5542,"A",300,0,222,116.003333333333,2,TRUE,138.183333333333,1,300,0,0,2,3887,138.183333333333,9571,0.000999999999997669,"C++",TRUE
5543,"A",300,0,223,69.6766666666667,3,TRUE,80.12,2,0,300,0,0,0,80.12,6048,0,"C++",TRUE
5544,"A",300,0,224,31.34,2,TRUE,52.7433333333333,1,300,0,0,0,2988,52.7433333333333,3227,0,"C++",TRUE
5545,"A",300,0,225,85.3766666666667,2,TRUE,108.626666666667,1,300,0,0,1,2012,108.626666666667,8248,0.000999999999997669,"C++",TRUE
5546,"A",300,0,226,71.09,3,TRUE,87.9666666666667,2,0,300,0,1,2969,87.9666666666667,5604,0,"C++",TRUE
5547,"A",300,0,227,113.163333333333,2,TRUE,137.483333333333,1,300,0,0,2,6454,137.483333333333,9964,0.00100000000000477,"C++",TRUE
5548,"A",300,0,228,36.0833333333333,3,TRUE,61.3333333333333,2,0,300,0,0,0,61.3333333333333,2782,0,"C++",TRUE
5549,"A",300,0,229,43.0433333333333,2,TRUE,63.7433333333333,1,300,0,0,1,2286,63.7433333333333,4177,0,"C++",TRUE
5550,"A",300,0,230,32.48,2,TRUE,60.0966666666667,1,300,0,0,0,4770,60.0966666666667,3810,0,"C++",TRUE
5551,"A",300,0,231,62.6233333333333,2,TRUE,84.2,1,300,0,0,1,5060,84.2,5764,0.000999999999997669,"C++",TRUE
5552,"A",300,0,232,67.2766666666667,3,TRUE,112.67,2,0,300,0,0,145,112.67,5607,0,"C++",TRUE
5553,"A",300,0,233,61.2133333333333,2,TRUE,122.41,1,300,0,0,1,14266,122.41,5827,0,"C++",TRUE
5554,"A",300,0,234,56.0933333333333,3,TRUE,67.94,2,0,300,0,1,1720,67.94,4348,0,"C++",TRUE
5555,"A",300,0,235,41.4033333333333,2,TRUE,69.8433333333333,1,300,0,0,1,3519,69.8433333333333,4035,0.000999999999997669,"C++",TRUE
5556,"A",300,0,236,56.38,2,TRUE,68.7266666666667,1,300,0,0,1,2592,68.7266666666667,4994,0,"C++",TRUE
5557,"A",300,0,237,28.3033333333333,2,TRUE,45.1033333333333,1,300,0,0,1,3019,45.1033333333333,3005,0,"C++",TRUE
5558,"A",300,0,238,50.1333333333333,2,TRUE,75.7666666666667,1,300,0,0,1,4115,75.7666666666667,4714,0,"C++",TRUE
5559,"A",300,0,239,114.206666666667,1,TRUE,116.15,3,0,0,300,2,7355,116.15,7128,0.00100000000000477,"C++",TRUE
5560,"A",300,0,240,55.9666666666667,2,TRUE,94.39,1,300,0,0,1,6579,94.39,5361,0,"C++",TRUE
5561,"A",300,0,241,71.65,2,TRUE,88.35,1,300,0,0,1,2700,88.35,6696,0.000999999999997669,"C++",TRUE
5562,"A",300,0,242,45.1833333333333,2,TRUE,48.7266666666667,1,300,0,0,0,2385,48.7266666666667,3185,0,"C++",TRUE
5563,"A",300,0,243,64.2766666666667,2,TRUE,98.1766666666667,1,300,0,0,1,5757,98.1766666666667,6278,0,"C++",TRUE
5564,"A",300,0,244,60.1833333333333,2,TRUE,96.0733333333333,1,300,0,0,1,8804,96.0733333333333,6059,0,"C++",TRUE
5565,"A",300,0,245,59.2533333333333,3,TRUE,84.1933333333333,2,0,300,0,0,1467,84.1933333333333,4819,0.000999999999997669,"C++",TRUE
5566,"A",300,0,246,61.1966666666667,2,TRUE,84.34,1,300,0,0,1,2779,84.34,5277,0,"C++",TRUE
5567,"A",300,0,247,74.9233333333333,1,TRUE,85.1333333333333,3,0,0,300,1,2134,85.1333333333333,6022,0,"C++",TRUE
5568,"A",300,0,248,66.5533333333333,2,TRUE,89.5733333333333,1,300,0,0,1,3851,89.5733333333333,6144,0.00100000000000477,"C++",TRUE
5569,"A",300,0,249,62,2,TRUE,87.2766666666667,1,300,0,0,1,3520,87.2766666666667,5968,0,"C++",TRUE
5570,"A",300,0,250,69.6366666666667,3,TRUE,77.6266666666667,2,0,300,0,0,1194,77.6266666666667,5380,0,"C++",TRUE
5571,"A",300,0,251,42.6466666666667,2,TRUE,58.67,1,300,0,0,1,2947,58.67,4066,0.000999999999997669,"C++",TRUE
5572,"A",300,0,252,33.08,2,TRUE,55.98,1,300,0,0,1,5011,55.98,3387,0,"C++",TRUE
5573,"A",300,0,253,48.7233333333333,2,TRUE,69.2766666666667,1,300,0,0,1,2358,69.2766666666667,4544,0,"C++",TRUE
5574,"A",300,0,254,28.9633333333333,3,TRUE,57.9233333333333,2,0,300,0,0,1744,57.9233333333333,2845,0,"C++",TRUE
5575,"A",300,0,255,98.03,2,TRUE,108.44,1,300,0,0,2,2008,108.44,7814,0.000999999999997669,"C++",TRUE
5576,"A",300,0,256,29.6,2,TRUE,57.7866666666667,1,300,0,0,0,3390,57.7866666666667,3385,0,"C++",TRUE
5577,"A",300,0,257,70.12,2,TRUE,101.183333333333,1,300,0,0,1,5570,101.183333333333,5873,0,"C++",TRUE
5578,"A",300,0,258,93.16,2,TRUE,142.963333333333,1,300,0,0,1,10801,142.963333333333,8788,0.00100000000000477,"C++",TRUE
5579,"A",300,0,259,71.2666666666667,2,TRUE,102.486666666667,1,300,0,0,1,5988,102.486666666667,5760,0,"C++",TRUE
5580,"A",300,0,260,49.1933333333333,2,TRUE,70.47,1,300,0,0,1,4218,70.47,4231,0,"C++",TRUE
5581,"A",300,0,261,44.9533333333333,2,TRUE,61.7933333333333,1,300,0,0,1,3065,61.7933333333333,4149,0,"C++",TRUE
5582,"A",300,0,262,63.0266666666667,2,TRUE,117.11,1,300,0,0,1,7100,117.11,5892,0.000999999999997669,"C++",TRUE
5583,"A",300,0,263,60.81,2,TRUE,79.94,1,300,0,0,0,0,79.94,5281,0,"C++",TRUE
5584,"A",300,0,264,33.3633333333333,2,TRUE,46.8633333333333,1,300,0,0,0,2302,46.8633333333333,3307,0,"C++",TRUE
5585,"A",300,0,265,53.1533333333333,2,TRUE,71.83,1,300,0,0,1,3657,71.83,4535,0.000999999999997669,"C++",TRUE
5586,"A",300,0,266,69.7866666666667,2,TRUE,94.3333333333333,1,300,0,0,1,4371,94.3333333333333,6265,0,"C++",TRUE
5587,"A",300,0,267,71.2866666666667,2,TRUE,94.1433333333333,1,300,0,0,1,2259,94.1433333333333,6801,0,"C++",TRUE
5588,"A",300,0,268,54.0333333333333,2,TRUE,80.3066666666667,1,300,0,0,1,5688,80.3066666666667,5338,0.00100000000000477,"C++",TRUE
5589,"A",300,0,269,99.43,1,TRUE,121.473333333333,3,0,0,300,2,2389,121.473333333333,8231,0,"C++",TRUE
5590,"A",300,0,270,29.67,2,TRUE,48.9133333333333,1,300,0,0,0,1281,48.9133333333333,2713,0,"C++",TRUE
5591,"A",300,0,271,71.3066666666667,3,TRUE,85.8433333333333,2,0,300,0,0,0,85.8433333333333,6424,0.000999999999997669,"C++",TRUE
5592,"A",300,0,272,55.0033333333333,1,TRUE,67.9166666666667,3,0,0,300,1,2204,67.9166666666667,3667,0,"C++",TRUE
5593,"A",300,0,273,39.7166666666667,3,TRUE,66.2633333333333,2,0,300,0,0,2051,66.2633333333333,3545,0,"C++",TRUE
5594,"A",300,0,274,56.6,2,TRUE,114.046666666667,1,300,0,0,1,13744,114.046666666667,5432,0,"C++",TRUE
5595,"A",300,0,275,61.35,2,TRUE,116.31,1,300,0,0,1,12709,116.31,5745,0.000999999999997669,"C++",TRUE
5596,"A",300,0,276,61.0133333333333,2,TRUE,81.7033333333333,1,300,0,0,1,2912,81.7033333333333,5376,0,"C++",TRUE
5597,"A",300,0,277,96.07,2,TRUE,123.463333333333,1,300,0,0,1,4257,123.463333333333,9075,0.00100000000000477,"C++",TRUE
5598,"A",300,0,278,98.0533333333333,2,TRUE,111.636666666667,1,300,0,0,2,6853,111.636666666667,6992,0,"C++",TRUE
5599,"A",300,0,279,52.78,3,TRUE,73.6066666666667,2,0,300,0,0,0,73.6066666666667,4850,0,"C++",TRUE
5600,"A",300,0,280,43.1433333333333,2,TRUE,62.95,1,300,0,0,0,2773,62.95,4562,0,"C++",TRUE
5601,"A",300,0,281,62.91,3,TRUE,82.89,2,0,300,0,1,2918,82.89,5364,0.000999999999997669,"C++",TRUE
5602,"A",300,0,282,50.4866666666667,1,TRUE,58.6533333333333,3,0,0,300,1,1796,58.6533333333333,3282,0,"C++",TRUE
5603,"A",300,0,283,54.76,3,TRUE,75.3833333333333,2,0,300,0,0,1087,75.3833333333333,4543,0,"C++",TRUE
5604,"A",300,0,284,49.1966666666667,2,TRUE,62.7366666666667,1,300,0,0,0,2438,62.7366666666667,4279,0,"C++",TRUE
5605,"A",300,0,285,64.3866666666667,2,TRUE,89.4733333333333,1,300,0,0,1,3669,89.4733333333333,6199,0.000999999999997669,"C++",TRUE
5606,"A",300,0,286,35.33,2,TRUE,57.6933333333333,1,300,0,0,1,4640,57.6933333333333,2909,0,"C++",TRUE
5607,"A",300,0,287,118.146666666667,2,TRUE,147.936666666667,1,300,0,0,2,5188,147.936666666667,10603,0.00100000000000477,"C++",TRUE
5608,"A",300,0,288,90.8933333333333,2,TRUE,110.203333333333,1,300,0,0,1,2476,110.203333333333,8185,0,"C++",TRUE
5609,"A",300,0,289,43.3,3,TRUE,63.3766666666667,2,0,300,0,0,1082,63.3766666666667,3996,0,"C++",TRUE
5610,"A",300,0,290,64.0466666666667,2,TRUE,71.91,1,300,0,0,1,2578,71.91,5649,0.000999999999997669,"C++",TRUE
5611,"A",300,0,291,46.3,2,TRUE,61.95,1,300,0,0,1,3246,61.95,4342,0,"C++",TRUE
5612,"A",300,0,292,70.4166666666667,2,TRUE,97.48,1,300,0,0,1,3526,97.48,6116,0,"C++",TRUE
5613,"A",300,0,293,55.8466666666667,1,TRUE,61.5233333333333,3,0,0,300,1,2431,61.5233333333333,3999,0.000999999999997669,"C++",TRUE
5614,"A",300,0,294,55.8466666666667,3,TRUE,73.2433333333333,2,0,300,0,1,559,73.2433333333333,4837,0,"C++",TRUE
5615,"A",300,0,295,31.85,2,TRUE,47.9766666666667,1,300,0,0,1,1909,47.9766666666667,3138,0,"C++",TRUE
5616,"A",300,0,296,37.8366666666667,3,TRUE,49.01,2,0,300,0,0,0,49.01,2980,0,"C++",TRUE
5617,"A",300,0,297,87.8966666666667,2,TRUE,111.38,1,300,0,0,1,3673,111.38,8276,0.00100000000000477,"C++",TRUE
5618,"A",300,0,298,91.7666666666667,2,TRUE,119.486666666667,1,300,0,0,1,3412,119.486666666667,8148,0,"C++",TRUE
5619,"A",300,0,299,76.22,3,TRUE,103.273333333333,2,0,300,0,1,1507,103.273333333333,6529,0,"C++",TRUE
5620,"A",300,0,300,85.3,3,TRUE,93.4866666666667,2,0,300,0,1,3416,93.4866666666667,6527,0.000999999999997669,"C++",TRUE
5621,"A",300,0,301,49.35,2,TRUE,68.2166666666667,1,300,0,0,1,3451,68.2166666666667,4482,0,"C++",TRUE
5622,"A",300,0,302,82.01,2,TRUE,106.213333333333,1,300,0,0,1,4691,106.213333333333,6993,0,"C++",TRUE
5623,"A",300,0,303,48.5766666666667,2,TRUE,80.28,1,300,0,0,1,4939,80.28,4729,0.000999999999997669,"C++",TRUE
5624,"A",300,0,304,55.3133333333333,2,TRUE,76.8933333333333,1,300,0,0,1,2961,76.8933333333333,5013,0,"C++",TRUE
5625,"A",300,0,305,33.2133333333333,2,TRUE,42.77,1,300,0,0,0,1988,42.77,2998,0,"C++",TRUE
5626,"A",300,0,306,36.2933333333333,2,TRUE,43.09,1,300,0,0,0,1204,43.09,3062,0,"C++",TRUE
5627,"A",300,0,307,104.44,2,TRUE,122.306666666667,1,300,0,0,1,3746,122.306666666667,8940,0.00100000000000477,"C++",TRUE
5628,"A",300,0,308,66.6,2,TRUE,82.9666666666667,1,300,0,0,1,2523,82.9666666666667,6542,0,"C++",TRUE
5629,"A",300,0,309,36.7166666666667,3,TRUE,52.8433333333333,2,0,300,0,0,0,52.8433333333333,3437,0.000999999999997669,"C++",TRUE
5630,"A",300,0,310,76.29,2,TRUE,100.72,1,300,0,0,1,3520,100.72,7569,0,"C++",TRUE
5631,"A",300,0,311,101.686666666667,2,TRUE,147.433333333333,1,300,0,0,1,9750,147.433333333333,9065,0,"C++",TRUE
5632,"A",300,0,312,91.4633333333333,1,TRUE,96.4066666666667,3,0,0,300,2,2496,96.4066666666667,7163,0.000999999999997669,"C++",TRUE
5633,"A",300,0,313,56.2466666666667,2,TRUE,78.22,1,300,0,0,1,4306,78.22,5285,0,"C++",TRUE
5634,"A",300,0,314,88.05,2,TRUE,109.676666666667,1,300,0,0,1,2020,109.676666666667,8100,0.00100000000000477,"C++",TRUE
5635,"A",300,0,315,54.8966666666667,3,TRUE,73.33,2,0,300,0,0,0,73.33,4860,0,"C++",TRUE
5636,"A",300,0,316,62.8433333333333,3,TRUE,83.9833333333333,2,0,300,0,0,530,83.9833333333333,5912,0,"C++",TRUE
5637,"A",300,0,317,67.6333333333333,3,TRUE,86.25,2,0,300,0,1,1332,86.25,5400,0.000999999999997669,"C++",TRUE
5638,"A",300,0,318,130.62,2,TRUE,157.626666666667,1,300,0,0,1,5064,157.626666666667,11492,0,"C++",TRUE
5639,"A",300,0,319,119.676666666667,3,TRUE,149.113333333333,2,0,300,0,3,3093,149.113333333333,10464,0.000999999999997669,"C++",TRUE
5640,"A",300,0,320,37.2766666666667,1,TRUE,51.7366666666667,3,0,0,300,1,2208,51.7366666666667,2812,0,"C++",TRUE
5641,"A",300,0,321,33.45,3,TRUE,43.1,2,0,300,0,0,0,43.1,2501,0,"C++",TRUE
5642,"A",300,0,322,63.4066666666667,2,TRUE,82.1166666666667,1,300,0,0,1,2451,82.1166666666667,5901,0,"C++",TRUE
5643,"A",300,0,323,63.3833333333333,2,TRUE,90.7333333333333,1,300,0,0,1,3160,90.7333333333333,6533,0,"C++",TRUE
5644,"A",300,0,324,62.8866666666667,2,TRUE,81.9666666666667,1,300,0,0,1,1141,81.9666666666667,5939,0,"C++",TRUE
5645,"A",300,0,325,122.19,2,TRUE,152.296666666667,1,300,0,0,2,3665,152.296666666667,10719,0.000999999999997669,"C++",TRUE
5646,"A",300,0,326,50.03,2,TRUE,61.0466666666667,1,300,0,0,1,1443,61.0466666666667,4211,0,"C++",TRUE
5647,"A",300,0,327,58.44,3,TRUE,76.7866666666667,2,0,300,0,1,990,76.7866666666667,4775,0,"C++",TRUE
5648,"A",300,0,328,71.6333333333333,2,TRUE,105.126666666667,1,300,0,0,1,5351,105.126666666667,6559,0.000999999999997669,"C++",TRUE
5649,"A",300,0,329,58.45,2,TRUE,85.5666666666667,1,300,0,0,1,5048,85.5666666666667,4854,0,"C++",TRUE
5650,"A",300,0,330,64.15,1,TRUE,64.6533333333333,3,0,0,300,2,3172,64.6533333333333,4552,0,"C++",TRUE
5651,"A",300,0,331,58.31,2,TRUE,78.02,1,300,0,0,1,3878,78.02,5204,0.00100000000000477,"C++",TRUE
5652,"A",300,0,332,40.17,2,TRUE,54.7433333333333,1,300,0,0,1,2690,54.7433333333333,3519,0,"C++",TRUE
5653,"A",300,0,333,74.69,2,TRUE,90.1766666666667,1,300,0,0,0,3911,90.1766666666667,6562,0,"C++",TRUE
5654,"A",300,0,334,80.91,2,TRUE,101.393333333333,1,300,0,0,1,3451,101.393333333333,7594,0.000999999999997669,"C++",TRUE
5655,"A",300,0,335,70.1266666666667,2,TRUE,93.3266666666667,1,300,0,0,1,4494,93.3266666666667,5935,0,"C++",TRUE
5656,"A",300,0,336,102.516666666667,2,TRUE,133.356666666667,1,300,0,0,2,6776,133.356666666667,9076,0,"C++",TRUE
5657,"A",300,0,337,45.6833333333333,2,TRUE,59.52,1,300,0,0,1,839,59.52,4433,0.000999999999997669,"C++",TRUE
5658,"A",300,0,338,47.1933333333333,2,TRUE,61.62,1,300,0,0,1,2657,61.62,4344,0,"C++",TRUE
5659,"A",300,0,339,48.7066666666667,2,TRUE,76.76,1,300,0,0,1,5044,76.76,4757,0,"C++",TRUE
5660,"A",300,0,340,75.9466666666667,2,TRUE,109.113333333333,1,300,0,0,1,5866,109.113333333333,6063,0.00100000000000477,"C++",TRUE
5661,"A",300,0,341,55.5733333333333,2,TRUE,70.95,1,300,0,0,1,2992,70.95,4295,0,"C++",TRUE
5662,"A",300,0,342,67.5366666666667,2,TRUE,95,1,300,0,0,2,5072,95,6082,0,"C++",TRUE
5663,"A",300,0,343,48.22,1,TRUE,57.79,3,0,0,300,1,2357,57.79,3594,0,"C++",TRUE
5664,"A",300,0,344,111.326666666667,2,TRUE,158.706666666667,1,300,0,0,2,10535,158.706666666667,9424,0.000999999999997669,"C++",TRUE
5665,"A",300,0,345,38.15,3,TRUE,47.4933333333333,2,0,300,0,0,0,47.4933333333333,2965,0,"C++",TRUE
5666,"A",300,0,346,28.2966666666667,3,TRUE,50.4866666666667,2,0,300,0,0,0,50.4866666666667,2923,0,"C++",TRUE
5667,"A",300,0,347,65.7133333333333,1,TRUE,73.5966666666667,3,0,0,300,1,3138,73.5966666666667,5176,0.000999999999997669,"C++",TRUE
5668,"A",300,0,348,54.4366666666667,2,TRUE,79.7966666666667,1,300,0,0,1,3009,79.7966666666667,5125,0,"C++",TRUE
5669,"A",300,0,349,32.65,2,TRUE,61.0166666666667,1,300,0,0,0,4301,61.0166666666667,3377,0,"C++",TRUE
5670,"A",300,0,350,60.8133333333333,2,TRUE,79.3766666666667,1,300,0,0,1,3082,79.3766666666667,5696,0,"C++",TRUE
5671,"A",300,0,351,81.9566666666667,3,TRUE,96.77,2,0,300,0,1,2319,96.77,7110,0.00100000000000477,"C++",TRUE
5672,"A",300,0,352,96.9966666666667,2,TRUE,118.533333333333,1,300,0,0,2,3857,118.533333333333,8856,0,"C++",TRUE
5673,"A",300,0,353,89.34,3,TRUE,115.956666666667,2,0,300,0,1,1766,115.956666666667,7824,0.000999999999997669,"C++",TRUE
5674,"A",300,0,354,74.92,3,TRUE,102.323333333333,2,0,300,0,1,2370,102.323333333333,6538,0,"C++",TRUE
5675,"A",300,0,355,119.083333333333,3,TRUE,155.06,2,0,300,0,2,3259,155.06,10084,0.000999999999997669,"C++",TRUE
5676,"A",300,0,356,37.4133333333333,2,TRUE,59.5333333333333,1,300,0,0,1,3615,59.5333333333333,3966,0,"C++",TRUE
5677,"A",300,0,357,56.9433333333333,2,TRUE,100.583333333333,1,300,0,0,1,8039,100.583333333333,5964,0,"C++",TRUE
5678,"A",300,0,358,87.4666666666667,2,TRUE,122.963333333333,1,300,0,0,1,5411,122.963333333333,8273,0.00100000000000477,"C++",TRUE
5679,"A",300,0,359,72.7633333333333,3,TRUE,112.276666666667,2,0,300,0,0,2222,112.276666666667,6602,0,"C++",TRUE
5680,"A",300,0,360,33.11,2,TRUE,59.23,1,300,0,0,1,2168,59.23,3229,0,"C++",TRUE
5681,"A",300,0,361,71.11,2,TRUE,97.1633333333333,1,300,0,0,1,3600,97.1633333333333,6449,0.000999999999997669,"C++",TRUE
5682,"A",300,0,362,83.4733333333333,2,TRUE,112.15,1,300,0,0,1,3339,112.15,7800,0,"C++",TRUE
5683,"A",300,0,363,64.5866666666667,2,TRUE,98.1433333333333,1,300,0,0,1,7305,98.1433333333333,6322,0,"C++",TRUE
5684,"A",300,0,364,38.6866666666667,2,TRUE,71.5533333333333,1,300,0,0,1,7730,71.5533333333333,3653,0.000999999999997669,"C++",TRUE
5685,"A",300,0,365,58.9733333333333,2,TRUE,88.1366666666667,1,300,0,0,1,2506,88.1366666666667,5564,0,"C++",TRUE
5686,"A",300,0,366,55.8333333333333,3,TRUE,80.46,2,0,300,0,1,546,80.46,4877,0,"C++",TRUE
5687,"A",300,0,367,63.83,2,TRUE,105.343333333333,1,300,0,0,1,9102,105.343333333333,6007,0.00100000000000477,"C++",TRUE
5688,"A",300,0,368,70.11,2,TRUE,90.0766666666667,1,300,0,0,1,3763,90.0766666666667,6632,0,"C++",TRUE
5689,"A",300,0,369,135.606666666667,2,TRUE,174.336666666667,1,300,0,0,2,8310,174.336666666667,11794,0.000999999999997669,"C++",TRUE
5690,"A",300,0,370,68.15,2,TRUE,84.8933333333333,1,300,0,0,1,3459,84.8933333333333,6111,0,"C++",TRUE
5691,"A",300,0,371,81.9333333333333,2,TRUE,114.606666666667,1,300,0,0,1,4550,114.606666666667,7908,0,"C++",TRUE
5692,"A",300,0,372,55.2466666666667,3,TRUE,77.4333333333333,2,0,300,0,0,0,77.4333333333333,4892,0.000999999999997669,"C++",TRUE
5693,"A",300,0,373,112.223333333333,2,TRUE,159.333333333333,1,300,0,0,2,7753,159.333333333333,9789,0,"C++",TRUE
5694,"A",300,0,374,79.5266666666667,2,TRUE,92.7866666666667,1,300,0,0,1,2003,92.7866666666667,6674,0.000999999999997669,"C++",TRUE
5695,"A",300,0,375,82.2533333333333,2,TRUE,114.29,1,300,0,0,1,6569,114.29,7943,0,"C++",TRUE
5696,"A",300,0,376,60.2766666666667,2,TRUE,81.9933333333333,1,300,0,0,1,4472,81.9933333333333,5464,0,"C++",TRUE
5697,"A",300,0,377,85.7166666666667,2,TRUE,105.613333333333,1,300,0,0,1,2199,105.613333333333,7310,0.00100000000000477,"C++",TRUE
5698,"A",300,0,378,84.7066666666667,1,TRUE,99.1333333333333,3,0,0,300,2,4079,99.1333333333333,6633,0,"C++",TRUE
5699,"A",300,0,379,75.5166666666667,2,TRUE,98.5566666666667,1,300,0,0,1,3379,98.5566666666667,6620,0.000999999999997669,"C++",TRUE
5700,"A",300,0,380,44.9533333333333,2,TRUE,62.7633333333333,1,300,0,0,1,3289,62.7633333333333,4038,0,"C++",TRUE
5701,"A",300,0,381,44.59,2,TRUE,69.3166666666667,1,300,0,0,1,4534,69.3166666666667,4480,0,"C++",TRUE
5702,"A",300,0,382,97.4766666666667,3,TRUE,120.106666666667,2,0,300,0,1,2378,120.106666666667,7918,0,"C++",TRUE
5703,"A",300,0,383,70.15,2,TRUE,94.58,1,300,0,0,1,4516,94.58,6419,0.000999999999997669,"C++",TRUE
5704,"A",300,0,384,24.8066666666667,2,TRUE,44.8933333333333,1,300,0,0,0,2318,44.8933333333333,2539,0,"C++",TRUE
5705,"A",300,0,385,47.8066666666667,1,TRUE,57.5066666666667,3,0,0,300,1,2056,57.5066666666667,3822,0,"C++",TRUE
5706,"A",300,0,386,45.6666666666667,2,TRUE,64.44,1,300,0,0,1,2402,64.44,3927,0,"C++",TRUE
5707,"A",300,0,387,61.6533333333333,2,TRUE,89.2233333333333,1,300,0,0,1,4537,89.2233333333333,5991,0.00100000000000477,"C++",TRUE
5708,"A",300,0,388,60.1533333333333,3,TRUE,83.5166666666667,2,0,300,0,0,0,83.5166666666667,5563,0,"C++",TRUE
5709,"A",300,0,389,64.47,3,TRUE,86.1466666666667,2,0,300,0,1,2462,86.1466666666667,5214,0,"C++",TRUE
5710,"A",300,0,390,51.3466666666667,2,TRUE,64.0766666666667,1,300,0,0,1,3085,64.0766666666667,4325,0.000999999999997669,"C++",TRUE
5711,"A",300,0,391,127.773333333333,2,TRUE,128.506666666667,3,0,0,300,2,5788,128.506666666667,8353,0,"C++",TRUE
5712,"A",300,0,392,58.8666666666667,2,TRUE,79.2166666666667,1,300,0,0,1,2221,79.2166666666667,5120,0,"C++",TRUE
5713,"A",300,0,393,94.8766666666667,3,TRUE,111.863333333333,2,0,300,0,1,458,111.863333333333,8306,0.000999999999997669,"C++",TRUE
5714,"A",300,0,394,114.84,2,TRUE,144.74,1,300,0,0,1,4572,144.74,10565,0,"C++",TRUE
5715,"A",300,0,395,33.3366666666667,2,TRUE,60.2833333333333,1,300,0,0,1,4182,60.2833333333333,3400,0,"C++",TRUE
5716,"A",300,0,396,77.78,3,TRUE,97.75,2,0,300,0,1,2676,97.75,6501,0,"C++",TRUE
5717,"A",300,0,397,88.5866666666667,3,TRUE,104.926666666667,2,0,300,0,1,955,104.926666666667,7622,0.000999999999997669,"C++",TRUE
5718,"A",300,0,398,45.3366666666667,2,TRUE,63.7333333333333,1,300,0,0,0,2191,63.7333333333333,4638,0,"C++",TRUE
5719,"A",300,0,399,49.5,2,TRUE,71.5166666666667,1,300,0,0,1,2311,71.5166666666667,4967,0,"C++",TRUE
5720,"A",300,0,400,32.9033333333333,3,TRUE,46.3166666666667,2,0,300,0,0,0,46.3166666666667,2997,0,"C++",TRUE
5721,"A",300,0,401,47.0233333333333,2,TRUE,54.24,1,300,0,0,0,0,54.24,3727,0,"C++",TRUE
5722,"A",300,0,402,75.69,1,TRUE,88.97,3,0,0,300,1,1738,88.97,6125,0.000999999999997669,"C++",TRUE
5723,"A",300,0,403,73.6833333333333,2,TRUE,86.04,1,300,0,0,1,3575,86.04,6457,0,"C++",TRUE
5724,"A",300,0,404,58.4666666666667,3,TRUE,79.7533333333333,2,0,300,0,0,0,79.7533333333333,5368,0.00100000000000477,"C++",TRUE
5725,"A",300,0,405,54.29,2,TRUE,65.64,1,300,0,0,1,2618,65.64,4741,0,"C++",TRUE
5726,"A",300,0,406,87.6333333333333,2,TRUE,99.16,1,300,0,0,1,2400,99.16,8021,0,"C++",TRUE
5727,"A",300,0,407,67.5,3,TRUE,89.1266666666667,2,0,300,0,1,556,89.1266666666667,5833,0.000999999999997669,"C++",TRUE
5728,"A",300,0,408,85.26,2,TRUE,119.596666666667,1,300,0,0,1,6202,119.596666666667,7809,0,"C++",TRUE
5729,"A",300,0,409,103.513333333333,3,TRUE,113.496666666667,2,0,300,0,1,2178,113.496666666667,8689,0.000999999999997669,"C++",TRUE
5730,"A",300,0,410,87.7433333333333,1,TRUE,93.9566666666667,3,0,0,300,1,2092,93.9566666666667,6521,0,"C++",TRUE
5731,"A",300,0,411,92.4133333333333,3,TRUE,112.34,2,0,300,0,0,0,112.34,8202,0,"C++",TRUE
5732,"A",300,0,412,170.296666666667,1,TRUE,170.31,3,0,0,300,3,7739,170.31,11402,0.00100000000000477,"C++",TRUE
5733,"A",300,0,413,58.5466666666667,1,TRUE,61.5233333333333,3,0,0,300,1,2426,61.5233333333333,4455,0,"C++",TRUE
5734,"A",300,0,414,24.6233333333333,2,TRUE,32.47,1,300,0,0,0,0,32.47,1355,0,"C++",TRUE
5735,"A",300,0,415,58.5633333333333,2,TRUE,78.54,1,300,0,0,1,3237,78.54,5829,0.000999999999997669,"C++",TRUE
5736,"A",300,0,416,131.29,2,TRUE,153.25,1,300,0,0,2,3764,153.25,11601,0,"C++",TRUE
5737,"A",300,0,417,88.51,3,TRUE,105.626666666667,2,0,300,0,0,0,105.626666666667,8356,0.000999999999997669,"C++",TRUE
5738,"A",300,0,418,45.42,3,TRUE,55.7866666666667,2,0,300,0,0,0,55.7866666666667,4012,0,"C++",TRUE
5739,"A",300,0,419,45.77,2,TRUE,71.1033333333333,1,300,0,0,1,3077,71.1033333333333,4662,0,"C++",TRUE
5740,"A",300,0,420,47.2,2,TRUE,66.42,1,300,0,0,1,3250,66.42,4743,0.00100000000000477,"C++",TRUE
5741,"A",300,0,421,82.16,2,TRUE,139.286666666667,1,300,0,0,1,14160,139.286666666667,7788,0,"C++",TRUE
5742,"A",300,0,422,58.5666666666667,2,TRUE,74.82,1,300,0,0,1,1638,74.82,5189,0,"C++",TRUE
5743,"A",300,0,423,49.1466666666667,2,TRUE,73.79,1,300,0,0,1,4186,73.79,4094,0.000999999999997669,"C++",TRUE
5744,"A",300,0,424,93.9166666666667,2,TRUE,114.026666666667,1,300,0,0,1,3044,114.026666666667,8735,0,"C++",TRUE
5745,"A",300,0,425,55.62,2,TRUE,92.6533333333333,1,300,0,0,1,9710,92.6533333333333,4700,0,"C++",TRUE
5746,"A",300,0,426,51.9366666666667,3,TRUE,76.2666666666667,2,0,300,0,1,1858,76.2666666666667,4772,0.000999999999997669,"C++",TRUE
5747,"A",300,0,427,102.673333333333,2,TRUE,149.21,1,300,0,0,1,10007,149.21,9170,0,"C++",TRUE
5748,"A",300,0,428,61.2833333333333,2,TRUE,99.4633333333333,1,300,0,0,1,6568,99.4633333333333,5877,0,"C++",TRUE
5749,"A",300,0,429,51.72,3,TRUE,60.5933333333333,2,0,300,0,0,523,60.5933333333333,4320,0.00100000000000477,"C++",TRUE
5750,"A",300,0,430,42.0566666666667,3,TRUE,56.3566666666667,2,0,300,0,0,0,56.3566666666667,4125,0,"C++",TRUE
5751,"A",300,0,431,40.6033333333333,2,TRUE,64.4866666666667,1,300,0,0,1,4970,64.4866666666667,3845,0,"C++",TRUE
5752,"A",300,0,432,92.52,2,TRUE,118.756666666667,1,300,0,0,1,4176,118.756666666667,8904,0.000999999999997669,"C++",TRUE
5753,"A",300,0,433,29.7166666666667,2,TRUE,42.4633333333333,1,300,0,0,1,2546,42.4633333333333,2961,0,"C++",TRUE
5754,"A",300,0,434,83.3066666666667,2,TRUE,104.766666666667,1,300,0,0,1,3100,104.766666666667,7820,0,"C++",TRUE
5755,"A",300,0,435,74.6133333333333,2,TRUE,104.313333333333,1,300,0,0,1,5140,104.313333333333,6658,0.000999999999997669,"C++",TRUE
5756,"A",300,0,436,36.0133333333333,2,TRUE,60.2566666666667,1,300,0,0,1,4285,60.2566666666667,3490,0,"C++",TRUE
5757,"A",300,0,437,55.2633333333333,2,TRUE,86.4233333333333,1,300,0,0,1,5729,86.4233333333333,5511,0,"C++",TRUE
5758,"A",300,0,438,72.6433333333333,2,TRUE,92.3666666666667,1,300,0,0,2,3353,92.3666666666667,6668,0.00100000000000477,"C++",TRUE
5759,"A",300,0,439,41.23,3,TRUE,62.2933333333333,2,0,300,0,0,0,62.2933333333333,3929,0,"C++",TRUE
5760,"A",300,0,440,70.5766666666667,2,TRUE,83.86,1,300,0,0,1,3474,83.86,6194,0,"C++",TRUE
5761,"A",300,0,441,66.3866666666667,2,TRUE,86.6566666666667,1,300,0,0,1,2481,86.6566666666667,5435,0,"C++",TRUE
5762,"A",300,0,442,74.2366666666667,1,TRUE,74.8933333333333,3,0,0,300,1,1836,74.8933333333333,5415,0.000999999999997669,"C++",TRUE
5763,"A",300,0,443,75.92,3,TRUE,93.3533333333333,2,0,300,0,0,0,93.3533333333333,6421,0,"C++",TRUE
5764,"A",300,0,444,50.8233333333333,2,TRUE,87.7133333333333,1,300,0,0,1,7561,87.7133333333333,4822,0,"C++",TRUE
5765,"A",300,0,445,77.04,2,TRUE,103.563333333333,1,300,0,0,1,3846,103.563333333333,6505,0.000999999999997669,"C++",TRUE
5766,"A",300,0,446,37.07,3,TRUE,53.26,2,0,300,0,0,0,53.26,3422,0,"C++",TRUE
5767,"A",300,0,447,38.92,2,TRUE,62.3033333333333,1,300,0,0,0,3300,62.3033333333333,3953,0,"C++",TRUE
5768,"A",300,0,448,57.7866666666667,2,TRUE,86.9966666666667,1,300,0,0,1,5963,86.9966666666667,5356,0.00100000000000477,"C++",TRUE
5769,"A",300,0,449,88.4066666666667,2,TRUE,113.103333333333,1,300,0,0,1,3041,113.103333333333,8255,0,"C++",TRUE
5770,"A",300,0,450,76.0566666666667,2,TRUE,94.1033333333333,1,300,0,0,1,3214,94.1033333333333,6759,0,"C++",TRUE
5771,"A",300,0,451,55.87,2,TRUE,74.3033333333333,1,300,0,0,1,2568,74.3033333333333,5541,0.000999999999997669,"C++",TRUE
5772,"A",300,0,452,31.33,2,TRUE,43.58,1,300,0,0,0,0,43.58,3077,0,"C++",TRUE
5773,"A",300,0,453,54.9633333333333,2,TRUE,94.0366666666667,1,300,0,0,1,7664,94.0366666666667,5409,0,"C++",TRUE
5774,"A",300,0,454,159.683333333333,2,TRUE,190.36,1,300,0,0,1,6302,190.36,14390,0.000999999999997669,"C++",TRUE
5775,"A",300,0,455,62.56,3,TRUE,82.2633333333333,2,0,300,0,1,2066,82.2633333333333,5515,0,"C++",TRUE
5776,"A",300,0,456,67.8633333333333,3,TRUE,84.33,2,0,300,0,0,95,84.33,5902,0.00100000000000477,"C++",TRUE
5777,"A",300,0,457,36.52,2,TRUE,54.21,1,300,0,0,1,1531,54.21,3740,0,"C++",TRUE
5778,"A",300,0,458,54.8133333333333,3,TRUE,70.98,2,0,300,0,0,0,70.98,4875,0,"C++",TRUE
5779,"A",300,0,459,69.0033333333333,2,TRUE,102.06,1,300,0,0,1,5078,102.06,6345,0.000999999999997669,"C++",TRUE
5780,"A",300,0,460,50.9333333333333,3,TRUE,75.9466666666667,2,0,300,0,0,2038,75.9466666666667,4809,0,"C++",TRUE
5781,"A",300,0,461,61.3033333333333,1,TRUE,69.3266666666667,3,0,0,300,1,2743,69.3266666666667,4956,0,"C++",TRUE
5782,"A",300,0,462,63.19,2,TRUE,92.75,1,300,0,0,1,6629,92.75,6122,0,"C++",TRUE
5783,"A",300,0,463,96.6333333333333,3,TRUE,107.823333333333,2,0,300,0,1,3188,107.823333333333,7413,0.000999999999997669,"C++",TRUE
5784,"A",300,0,464,85.16,2,TRUE,115.183333333333,1,300,0,0,1,5896,115.183333333333,7366,0,"C++",TRUE
5785,"A",300,0,465,46.4233333333333,2,TRUE,74.9533333333333,1,300,0,0,1,5555,74.9533333333333,4659,0.00100000000000477,"C++",TRUE
5786,"A",300,0,466,103.42,2,TRUE,137.71,1,300,0,0,2,7481,137.71,7784,0,"C++",TRUE
5787,"A",300,0,467,44.41,2,TRUE,59.5033333333333,1,300,0,0,1,2737,59.5033333333333,3934,0,"C++",TRUE
5788,"A",300,0,468,52.3866666666667,2,TRUE,64.9366666666667,1,300,0,0,1,2898,64.9366666666667,4164,0,"C++",TRUE
5789,"A",300,0,469,66.0966666666667,2,TRUE,89.9766666666667,1,300,0,0,1,4943,89.9766666666667,6060,0.000999999999997669,"C++",TRUE
5790,"A",300,0,470,68.9466666666667,3,TRUE,94.0166666666667,2,0,300,0,0,0,94.0166666666667,6784,0,"C++",TRUE
5791,"A",300,0,471,73.0733333333333,2,TRUE,102.076666666667,1,300,0,0,1,5616,102.076666666667,6249,0.000999999999997669,"C++",TRUE
5792,"A",300,0,472,37.5133333333333,3,TRUE,61.66,2,0,300,0,0,0,61.66,3675,0,"C++",TRUE
5793,"A",300,0,473,59.21,2,TRUE,79.1833333333333,1,300,0,0,1,3284,79.1833333333333,5464,0,"C++",TRUE
5794,"A",300,0,474,66.2133333333333,1,TRUE,87.6466666666667,3,0,0,300,1,3206,87.6466666666667,5499,0,"C++",TRUE
5795,"A",300,0,475,36.7366666666667,2,TRUE,47.0833333333333,1,300,0,0,1,129,47.0833333333333,3473,0.00100000000000477,"C++",TRUE
5796,"A",300,0,476,102.06,2,TRUE,113.143333333333,1,300,0,0,2,3919,113.143333333333,8386,0,"C++",TRUE
5797,"A",300,0,477,41.4566666666667,2,TRUE,70.6933333333333,1,300,0,0,1,1904,70.6933333333333,3931,0,"C++",TRUE
5798,"A",300,0,478,72.6066666666667,2,TRUE,94.1633333333333,1,300,0,0,1,3580,94.1633333333333,6554,0.000999999999997669,"C++",TRUE
5799,"A",300,0,479,67.7133333333333,2,TRUE,94.8766666666667,1,300,0,0,1,5245,94.8766666666667,6026,0,"C++",TRUE
5800,"A",300,0,480,56.29,3,TRUE,61.79,2,0,300,0,0,0,61.79,4223,0,"C++",TRUE
5801,"A",300,0,481,38.0333333333333,2,TRUE,59.55,1,300,0,0,1,2703,59.55,3890,0,"C++",TRUE
5802,"A",300,0,482,49.7866666666667,2,TRUE,59.1033333333333,1,300,0,0,0,2188,59.1033333333333,4584,0.000999999999997669,"C++",TRUE
5803,"A",300,0,483,49.0066666666667,2,TRUE,64.0733333333333,1,300,0,0,1,2737,64.0733333333333,4001,0,"C++",TRUE
5804,"A",300,0,484,52,2,TRUE,62.8633333333333,3,0,0,300,1,5876,62.8633333333333,3485,0,"C++",TRUE
5805,"A",300,0,485,49.1033333333333,2,TRUE,62.28,1,300,0,0,1,2502,62.28,4039,0,"C++",TRUE
5806,"A",300,0,486,37.3366666666667,3,TRUE,59.96,2,0,300,0,0,0,59.96,3546,0.00100000000000477,"C++",TRUE
5807,"A",300,0,487,32.6266666666667,2,TRUE,54.49,1,300,0,0,1,1128,54.49,3566,0,"C++",TRUE
5808,"A",300,0,488,37.9933333333333,2,TRUE,49.2,1,300,0,0,0,898,49.2,3476,0,"C++",TRUE
5809,"A",300,0,489,53.7066666666667,3,TRUE,64.7433333333333,2,0,300,0,0,0,64.7433333333333,4259,0,"C++",TRUE
5810,"A",300,0,490,46.8233333333333,2,TRUE,82.91,1,300,0,0,1,7154,82.91,5181,0.000999999999997669,"C++",TRUE
5811,"A",300,0,491,56.45,2,TRUE,75.25,1,300,0,0,1,3888,75.25,5234,0,"C++",TRUE
5812,"A",300,0,492,106.9,3,TRUE,135.566666666667,2,0,300,0,1,2683,135.566666666667,8916,0,"C++",TRUE
5813,"A",300,0,493,89.5,2,TRUE,120.336666666667,1,300,0,0,1,4809,120.336666666667,8911,0.000999999999997669,"C++",TRUE
5814,"A",300,0,494,79.11,3,TRUE,121.19,2,0,300,0,1,4006,121.19,5879,0,"C++",TRUE
5815,"A",300,0,495,61.6033333333333,1,TRUE,67.21,3,0,0,300,1,2534,67.21,4364,0.00100000000000477,"C++",TRUE
5816,"A",300,0,496,51.43,2,TRUE,83.23,1,300,0,0,1,3579,83.23,5587,0,"C++",TRUE
5817,"A",300,0,497,71.03,2,TRUE,103.963333333333,1,300,0,0,2,6674,103.963333333333,6730,0,"C++",TRUE
5818,"A",300,0,498,68.76,2,TRUE,90.5633333333333,1,300,0,0,1,5582,90.5633333333333,5815,0.000999999999997669,"C++",TRUE
5819,"A",300,0,499,73.6566666666667,2,TRUE,116.773333333333,1,300,0,0,2,10788,116.773333333333,6449,0,"C++",TRUE
5820,"A",300,0,500,89.98,2,TRUE,110.833333333333,3,0,0,300,2,8898,110.833333333333,6572,0,"C++",TRUE
5821,"A",300,0,501,89.8366666666667,2,TRUE,117.17,1,300,0,0,1,3202,117.17,8714,0.000999999999997669,"C++",TRUE
5822,"A",300,0,502,67.21,2,TRUE,92.7633333333333,1,300,0,0,1,4035,92.7633333333333,6849,0,"C++",TRUE
5823,"A",300,0,503,42.9766666666667,2,TRUE,65.89,1,300,0,0,1,3721,65.89,4473,0,"C++",TRUE
5824,"A",300,0,504,40.71,2,TRUE,59.2433333333333,1,300,0,0,1,3032,59.2433333333333,4236,0.00100000000000477,"C++",TRUE
5825,"A",300,0,505,95.8233333333333,3,TRUE,119.46,2,0,300,0,1,828,119.46,8836,0,"C++",TRUE
5826,"A",300,0,506,50.2366666666667,2,TRUE,77.5133333333333,1,300,0,0,1,5495,77.5133333333333,4673,0,"C++",TRUE
5827,"A",300,0,507,72.0066666666667,3,TRUE,90.09,2,0,300,0,0,0,90.09,6193,0.000999999999997669,"C++",TRUE
5828,"A",300,0,508,70.9366666666667,3,TRUE,94.3666666666667,2,0,300,0,1,1696,94.3666666666667,5763,0,"C++",TRUE
5829,"A",300,0,509,54.3833333333333,3,TRUE,76.98,2,0,300,0,1,1806,76.98,4925,0,"C++",TRUE
5830,"A",300,0,510,49.71,2,TRUE,70.0966666666667,1,300,0,0,1,4216,70.0966666666667,4312,0.000999999999997669,"C++",TRUE
5831,"A",300,0,511,132.223333333333,2,TRUE,158.066666666667,1,300,0,0,1,5321,158.066666666667,11896,0,"C++",TRUE
5832,"A",300,0,512,61.7733333333333,2,TRUE,82.2433333333333,1,300,0,0,1,3007,82.2433333333333,5455,0.00100000000000477,"C++",TRUE
5833,"A",300,0,513,80.2933333333333,1,TRUE,95.5133333333333,3,0,0,300,2,2953,95.5133333333333,6871,0,"C++",TRUE
5834,"A",300,0,514,86.56,2,TRUE,116.6,1,300,0,0,1,3906,116.6,7542,0,"C++",TRUE
5835,"A",300,0,515,68.7733333333333,2,TRUE,95.57,1,300,0,0,1,5243,95.57,6217,0.000999999999997669,"C++",TRUE
5836,"A",300,0,516,81.62,2,TRUE,99.9633333333333,1,300,0,0,1,5513,99.9633333333333,7108,0,"C++",TRUE
5837,"A",300,0,517,101.573333333333,1,TRUE,111.376666666667,3,0,0,300,2,3515,111.376666666667,8001,0.000999999999997669,"C++",TRUE
5838,"A",300,0,518,38.7766666666667,3,TRUE,60.3,2,0,300,0,0,0,60.3,3568,0,"C++",TRUE
5839,"A",300,0,519,35.0066666666667,2,TRUE,47.7466666666667,1,300,0,0,1,2344,47.7466666666667,3126,0,"C++",TRUE
5840,"A",300,0,520,105.563333333333,2,TRUE,135.766666666667,1,300,0,0,1,5425,135.766666666667,9212,0.00100000000000477,"C++",TRUE
5841,"A",300,0,521,99.5866666666667,2,TRUE,119.86,1,300,0,0,1,3420,119.86,8319,0,"C++",TRUE
5842,"A",300,0,522,30.4233333333333,3,TRUE,46.75,2,0,300,0,0,0,46.75,2914,0,"C++",TRUE
5843,"A",300,0,523,47.7533333333333,2,TRUE,66.5733333333333,1,300,0,0,1,3407,66.5733333333333,4767,0.000999999999997669,"C++",TRUE
5844,"A",300,0,524,55.1933333333333,2,TRUE,78.44,1,300,0,0,1,2412,78.44,5012,0,"C++",TRUE
5845,"A",300,0,525,49.57,2,TRUE,69.78,1,300,0,0,1,3713,69.78,4636,0,"C++",TRUE
5846,"A",300,0,526,59.7366666666667,3,TRUE,76.0666666666667,2,0,300,0,1,1197,76.0666666666667,5184,0,"C++",TRUE
5847,"A",300,0,527,83.0533333333333,3,TRUE,100.663333333333,2,0,300,0,1,3471,100.663333333333,6581,0.000999999999997669,"C++",TRUE
5848,"A",300,0,528,205.336666666667,2,TRUE,240.126666666667,1,300,0,0,3,7984,240.126666666667,17612,0.00100000000000477,"C++",TRUE
5849,"A",300,0,529,43.32,2,TRUE,50.9533333333333,1,300,0,0,1,2997,50.9533333333333,3428,0,"C++",TRUE
5850,"A",300,0,530,71.8033333333333,2,TRUE,98.0133333333333,1,300,0,0,1,3630,98.0133333333333,6742,0,"C++",TRUE
5851,"A",300,0,531,40.03,3,TRUE,57.26,2,0,300,0,0,36,57.26,2883,0,"C++",TRUE
5852,"A",300,0,532,54.51,3,TRUE,86.2133333333333,2,0,300,0,1,981,86.2133333333333,4326,0.000999999999997669,"C++",TRUE
5853,"A",300,0,533,64.4533333333333,2,TRUE,81.1866666666667,1,300,0,0,0,1911,81.1866666666667,6126,0,"C++",TRUE
5854,"A",300,0,534,140.116666666667,2,TRUE,173.613333333333,1,300,0,0,2,8387,173.613333333333,11934,0.000999999999997669,"C++",TRUE
5855,"A",300,0,535,56.47,1,TRUE,65.36,3,0,0,300,1,2050,65.36,3868,0,"C++",TRUE
5856,"A",300,0,536,44.36,1,TRUE,49.5533333333333,3,0,0,300,1,2116,49.5533333333333,3436,0,"C++",TRUE
5857,"A",300,0,537,45.25,2,TRUE,65.4533333333333,1,300,0,0,0,2375,65.4533333333333,4729,0,"C++",TRUE
5858,"A",300,0,538,78.9633333333333,3,TRUE,112.12,2,0,300,0,1,2023,112.12,6866,0,"C++",TRUE
5859,"A",300,0,539,32.2766666666667,2,TRUE,42.3066666666667,1,300,0,0,0,483,42.3066666666667,3136,0,"C++",TRUE
5860,"A",300,0,540,58.8366666666667,2,TRUE,76.3933333333333,1,300,0,0,1,3444,76.3933333333333,4739,0,"C++",TRUE
5861,"A",300,0,541,35.1833333333333,2,TRUE,49.5233333333333,1,300,0,0,0,2896,49.5233333333333,3678,0.000999999999997669,"C++",TRUE
5862,"A",300,0,542,44.5666666666667,2,TRUE,53.6033333333333,3,0,0,300,1,6078,53.6033333333333,2889,0,"C++",TRUE
5863,"A",300,0,543,67.8733333333333,3,TRUE,81.04,2,0,300,0,1,2555,81.04,5417,0,"C++",TRUE
5864,"A",300,0,544,62.27,2,TRUE,84.0666666666667,1,300,0,0,1,3159,84.0666666666667,5660,0,"C++",TRUE
5865,"A",300,0,545,63.84,3,TRUE,70.0266666666667,2,0,300,0,0,864,70.0266666666667,5076,0.000999999999997669,"C++",TRUE
5866,"A",300,0,546,37.1,2,TRUE,55.3033333333333,1,300,0,0,1,2592,55.3033333333333,3475,0,"C++",TRUE
5867,"A",300,0,547,53.01,2,TRUE,70.92,1,300,0,0,1,3942,70.92,5387,0,"C++",TRUE
5868,"A",300,0,548,60.1033333333333,3,TRUE,73.0666666666667,2,0,300,0,0,0,73.0666666666667,4501,0,"C++",TRUE
5869,"A",300,0,549,74.7966666666667,3,TRUE,107.723333333333,2,0,300,0,1,639,107.723333333333,6469,0.00100000000000477,"C++",TRUE
5870,"A",300,0,550,53.3466666666667,3,TRUE,81.5133333333333,2,0,300,0,0,0,81.5133333333333,4752,0,"C++",TRUE
5871,"A",300,0,551,64.3833333333333,2,TRUE,77.9933333333333,1,300,0,0,1,1950,77.9933333333333,5331,0,"C++",TRUE
5872,"A",300,0,552,63.2566666666667,3,TRUE,87.2,2,0,300,0,0,1767,87.2,5726,0.000999999999997669,"C++",TRUE
5873,"A",300,0,553,41.36,1,TRUE,52.4866666666667,3,0,0,300,1,2019,52.4866666666667,3093,0,"C++",TRUE
5874,"A",300,0,554,43.8766666666667,1,TRUE,48.4133333333333,3,0,0,300,1,2746,48.4133333333333,2938,0,"C++",TRUE
5875,"A",300,0,555,111.11,3,TRUE,132.676666666667,2,0,300,0,1,1774,132.676666666667,9589,0.000999999999997669,"C++",TRUE
5876,"A",300,0,556,56.87,3,TRUE,76.94,2,0,300,0,1,22,76.94,4804,0,"C++",TRUE
5877,"A",300,0,557,57.9866666666667,3,TRUE,77.5433333333333,2,0,300,0,1,1421,77.5433333333333,4575,0,"C++",TRUE
5878,"A",300,0,558,85.3,2,TRUE,108.333333333333,1,300,0,0,2,3909,108.333333333333,7667,0.000999999999997669,"C++",TRUE
5879,"A",300,0,559,56.3966666666667,3,TRUE,83.9933333333333,2,0,300,0,0,553,83.9933333333333,4911,0,"C++",TRUE
5880,"A",300,0,560,74.63,2,TRUE,89.0733333333333,1,300,0,0,2,5918,89.0733333333333,6123,0,"C++",TRUE
5881,"A",300,0,561,60.9666666666667,3,TRUE,102.173333333333,2,0,300,0,1,880,102.173333333333,5556,0,"C++",TRUE
5882,"A",300,0,562,49.1066666666667,2,TRUE,75.86,1,300,0,0,1,2079,75.86,4657,0.00100000000000477,"C++",TRUE
5883,"A",300,0,563,74.35,2,TRUE,114.856666666667,1,300,0,0,1,9191,114.856666666667,7145,0,"C++",TRUE
5884,"A",300,0,564,34.46,2,TRUE,52.02,1,300,0,0,0,2559,52.02,3324,0,"C++",TRUE
5885,"A",300,0,565,29.1666666666667,3,TRUE,56.17,2,0,300,0,0,0,56.17,2988,0.000999999999997669,"C++",TRUE
5886,"A",300,0,566,66.5166666666667,2,TRUE,93.0066666666667,1,300,0,0,0,4140,93.0066666666667,6588,0,"C++",TRUE
5887,"A",300,0,567,72.5566666666667,2,TRUE,100.856666666667,1,300,0,0,1,6540,100.856666666667,6735,0,"C++",TRUE
5888,"A",300,0,568,33.64,2,TRUE,55.3433333333333,1,300,0,0,0,3255,55.3433333333333,3626,0,"C++",TRUE
5889,"A",300,0,569,151.08,3,TRUE,168.286666666667,2,0,300,0,2,1628,168.286666666667,12286,0,"C++",TRUE
5890,"A",300,0,570,63.9733333333333,3,TRUE,85.8066666666667,2,0,300,0,1,3500,85.8066666666667,4851,0,"C++",TRUE
5891,"A",300,0,571,74.44,2,TRUE,104.626666666667,1,300,0,0,1,3398,104.626666666667,6525,0.00100000000000477,"C++",TRUE
5892,"A",300,0,572,40.4366666666667,2,TRUE,60.9066666666667,1,300,0,0,1,3685,60.9066666666667,3999,0,"C++",TRUE
5893,"A",300,0,573,73.65,2,TRUE,94.5533333333333,1,300,0,0,2,4062,94.5533333333333,6107,0,"C++",TRUE
5894,"A",300,0,574,50.89,2,TRUE,69.53,1,300,0,0,1,2882,69.53,4698,0.000999999999997669,"C++",TRUE
5895,"A",300,0,575,73.8466666666667,3,TRUE,95.6666666666667,2,0,300,0,1,1849,95.6666666666667,5953,0,"C++",TRUE
5896,"A",300,0,576,90.2633333333333,2,TRUE,111.71,1,300,0,0,2,5880,111.71,7288,0,"C++",TRUE
5897,"A",300,0,577,35.7166666666667,3,TRUE,66.0733333333333,2,0,300,0,0,0,66.0733333333333,3381,0.000999999999997669,"C++",TRUE
5898,"A",300,0,578,61.8233333333333,2,TRUE,84.87,1,300,0,0,1,3864,84.87,5859,0,"C++",TRUE
5899,"A",300,0,579,42.7466666666667,2,TRUE,60.1166666666667,1,300,0,0,1,2510,60.1166666666667,3793,0,"C++",TRUE
5900,"A",300,0,580,33.29,2,TRUE,60.0733333333333,1,300,0,0,1,3142,60.0733333333333,3782,0,"C++",TRUE
5901,"A",300,0,581,52.1933333333333,2,TRUE,60.7166666666667,1,300,0,0,1,563,60.7166666666667,4478,0.00100000000000477,"C++",TRUE
5902,"A",300,0,582,98.4566666666667,2,TRUE,125.78,1,300,0,0,1,5846,125.78,8515,0,"C++",TRUE
5903,"A",300,0,583,62.5466666666667,3,TRUE,78.81,2,0,300,0,1,2083,78.81,4466,0,"C++",TRUE
5904,"A",300,0,584,40.42,2,TRUE,67.19,1,300,0,0,1,4956,67.19,4288,0.000999999999997669,"C++",TRUE
5905,"A",300,0,585,62.5566666666667,2,TRUE,93.4966666666667,1,300,0,0,1,6665,93.4966666666667,5763,0,"C++",TRUE
5906,"A",300,0,586,73.3533333333333,3,TRUE,85.7866666666667,2,0,300,0,1,202,85.7866666666667,6184,0,"C++",TRUE
5907,"A",300,0,587,39.4033333333333,2,TRUE,72.4133333333333,1,300,0,0,1,6912,72.4133333333333,4064,0,"C++",TRUE
5908,"A",300,0,588,118.44,2,TRUE,140.593333333333,1,300,0,0,1,4713,140.593333333333,10363,0,"C++",TRUE
5909,"A",300,0,589,52.0233333333333,3,TRUE,71.5033333333333,2,0,300,0,1,1105,71.5033333333333,4525,0,"C++",TRUE
5910,"A",300,0,590,25.5533333333333,3,TRUE,49.03,2,0,300,0,0,0,49.03,2662,0.00100000000000477,"C++",TRUE
5911,"A",300,0,591,60.21,3,TRUE,80.02,2,0,300,0,0,0,80.02,5332,0,"C++",TRUE
5912,"A",300,0,592,52.38,3,TRUE,56.9266666666667,2,0,300,0,0,0,56.9266666666667,3536,0,"C++",TRUE
5913,"A",300,0,593,62.9,2,TRUE,84.95,1,300,0,0,1,3426,84.95,5741,0,"C++",TRUE
5914,"A",300,0,594,56.9166666666667,2,TRUE,59.57,3,0,0,300,1,3737,59.57,3920,0.000999999999997669,"C++",TRUE
5915,"A",300,0,595,45.8533333333333,1,TRUE,57.8033333333333,3,0,0,300,1,2616,57.8033333333333,3863,0,"C++",TRUE
5916,"A",300,0,596,47.36,3,TRUE,76.0166666666667,2,0,300,0,0,0,76.0166666666667,4533,0,"C++",TRUE
5917,"A",300,0,597,60.8466666666667,2,TRUE,89.1966666666667,1,300,0,0,1,3574,89.1966666666667,5989,0,"C++",TRUE
5918,"A",300,0,598,96.6433333333333,2,TRUE,104.393333333333,1,300,0,0,0,3024,104.393333333333,7817,0.000999999999997669,"C++",TRUE
5919,"A",300,0,599,46.0933333333333,2,TRUE,68.4866666666667,1,300,0,0,1,3075,68.4866666666667,4464,0,"C++",TRUE
5920,"A",300,0,600,44.4833333333333,2,TRUE,71.9833333333333,1,300,0,0,1,5203,71.9833333333333,4242,0,"C++",TRUE
5921,"A",300,0,601,54.9833333333333,2,TRUE,79.4333333333333,1,300,0,0,1,5377,79.4333333333333,5198,0.00100000000000477,"C++",TRUE
5922,"A",300,0,602,57.0266666666667,2,TRUE,87.6666666666667,1,300,0,0,1,5745,87.6666666666667,5682,0,"C++",TRUE
5923,"A",300,0,603,61.5366666666667,2,TRUE,99.92,1,300,0,0,1,8140,99.92,5054,0,"C++",TRUE
5924,"A",300,0,604,66.4466666666667,3,TRUE,95.0633333333333,2,0,300,0,1,1297,95.0633333333333,5900,0.000999999999997669,"C++",TRUE
5925,"A",300,0,605,57.06,2,TRUE,87.1633333333333,1,300,0,0,1,7128,87.1633333333333,4765,0,"C++",TRUE
5926,"A",300,0,606,45.52,2,TRUE,60.53,1,300,0,0,1,2159,60.53,4172,0,"C++",TRUE
5927,"A",300,0,607,49.5233333333333,2,TRUE,85.79,1,300,0,0,1,3269,85.79,4795,0,"C++",TRUE
5928,"A",300,0,608,131.113333333333,2,TRUE,162.243333333333,1,300,0,0,3,9741,162.243333333333,10920,0.000999999999997669,"C++",TRUE
5929,"A",300,0,609,49.8533333333333,2,TRUE,91.4066666666667,1,300,0,0,1,7249,91.4066666666667,4755,0,"C++",TRUE
5930,"A",300,0,610,81.35,2,TRUE,114.046666666667,1,300,0,0,1,6159,114.046666666667,7447,0.00100000000000477,"C++",TRUE
5931,"A",300,0,611,66.7366666666667,2,TRUE,104.82,1,300,0,0,1,8984,104.82,6392,0,"C++",TRUE
5932,"A",300,0,612,37.7433333333333,3,TRUE,50.64,2,0,300,0,0,0,50.64,2369,0,"C++",TRUE
5933,"A",300,0,613,44.26,2,TRUE,89.5333333333333,1,300,0,0,1,9008,89.5333333333333,4469,0,"C++",TRUE
5934,"A",300,0,614,62.3433333333333,2,TRUE,83.83,1,300,0,0,1,3014,83.83,5344,0.000999999999997669,"C++",TRUE
5935,"A",300,0,615,37.8966666666667,2,TRUE,67.6966666666667,1,300,0,0,1,5957,67.6966666666667,3942,0,"C++",TRUE
5936,"A",300,0,616,46.3833333333333,2,TRUE,54.4966666666667,1,300,0,0,1,2065,54.4966666666667,3922,0,"C++",TRUE
5937,"A",300,0,617,32.0133333333333,3,TRUE,68.48,2,0,300,0,0,490,68.48,3098,0,"C++",TRUE
5938,"A",300,0,618,49.1133333333333,2,TRUE,59.77,1,300,0,0,1,1562,59.77,4076,0.000999999999997669,"C++",TRUE
5939,"A",300,0,619,31.9166666666667,2,TRUE,49.6633333333333,1,300,0,0,1,2973,49.6633333333333,3074,0,"C++",TRUE
5940,"A",300,0,620,81.2033333333333,2,TRUE,114.27,1,300,0,0,1,6142,114.27,7504,0,"C++",TRUE
5941,"A",300,0,621,34.2633333333333,2,TRUE,58.7333333333333,1,300,0,0,1,3615,58.7333333333333,3357,0,"C++",TRUE
5942,"A",300,0,622,62.9733333333333,2,TRUE,88.8566666666667,1,300,0,0,1,5566,88.8566666666667,5995,0.00100000000000477,"C++",TRUE
5943,"A",300,0,623,77.46,2,TRUE,107.583333333333,1,300,0,0,2,4942,107.583333333333,6672,0,"C++",TRUE
5944,"A",300,0,624,60.54,2,TRUE,90.1366666666667,1,300,0,0,1,1091,90.1366666666667,5487,0,"C++",TRUE
5945,"A",300,0,625,51.8833333333333,1,TRUE,59.8433333333333,3,0,0,300,1,2745,59.8433333333333,4032,0.000999999999997669,"C++",TRUE
5946,"A",300,0,626,71.63,2,TRUE,84.7333333333333,1,300,0,0,1,1111,84.7333333333333,6371,0,"C++",TRUE
5947,"A",300,0,627,35.0633333333333,3,TRUE,50.6033333333333,2,0,300,0,0,0,50.6033333333333,3302,0,"C++",TRUE
5948,"A",300,0,628,72.7266666666667,3,TRUE,86.22,2,0,300,0,0,0,86.22,5896,0,"C++",TRUE
5949,"A",300,0,629,48.0233333333333,3,TRUE,58.2,2,0,300,0,0,0,58.2,4143,0.000999999999997669,"C++",TRUE
5950,"A",300,0,630,27.53,2,TRUE,49.0666666666667,1,300,0,0,1,3962,49.0666666666667,2945,0,"C++",TRUE
5951,"A",300,0,631,34.4166666666667,2,TRUE,51.8933333333333,1,300,0,0,1,1664,51.8933333333333,3485,0,"C++",TRUE
5952,"A",300,0,632,77.82,3,TRUE,102.043333333333,2,0,300,0,1,2856,102.043333333333,6436,0,"C++",TRUE
5953,"A",300,0,633,25.06,2,TRUE,37.8166666666667,1,300,0,0,0,2100,37.8166666666667,2664,0.00100000000000477,"C++",TRUE
5954,"A",300,0,634,33.7433333333333,2,TRUE,58.3333333333333,1,300,0,0,1,3876,58.3333333333333,3301,0,"C++",TRUE
5955,"A",300,0,635,58.5766666666667,1,TRUE,65.79,3,0,0,300,1,2169,65.79,4814,0,"C++",TRUE
5956,"A",300,0,636,72.5,2,TRUE,96.9,1,300,0,0,1,3892,96.9,6709,0,"C++",TRUE
5957,"A",300,0,637,88.4733333333333,2,TRUE,131.006666666667,1,300,0,0,1,10208,131.006666666667,7758,0.000999999999997669,"C++",TRUE
5958,"A",300,0,638,85.6366666666667,2,TRUE,109.583333333333,1,300,0,0,2,7865,109.583333333333,6684,0,"C++",TRUE
5959,"A",300,0,639,50.06,2,TRUE,57.8566666666667,1,300,0,0,1,2795,57.8566666666667,4139,0.000999999999997669,"C++",TRUE
5960,"A",300,0,640,65.7333333333333,2,TRUE,86.3766666666667,1,300,0,0,0,1525,86.3766666666667,6342,0,"C++",TRUE
5961,"A",300,0,641,36.6433333333333,3,TRUE,53.0766666666667,2,0,300,0,0,0,53.0766666666667,3140,0,"C++",TRUE
5962,"A",300,0,642,123.586666666667,2,TRUE,184.33,1,300,0,0,2,11665,184.33,10650,0.00100000000000477,"C++",TRUE
5963,"A",300,0,643,68.0533333333333,3,TRUE,88.53,2,0,300,0,1,669,88.53,5542,0,"C++",TRUE
5964,"A",300,0,644,43.5733333333333,3,TRUE,63.8133333333333,2,0,300,0,0,0,63.8133333333333,3804,0,"C++",TRUE
5965,"A",300,0,645,67.64,2,TRUE,97.8133333333333,1,300,0,0,1,926,97.8133333333333,6236,0.000999999999997669,"C++",TRUE
5966,"A",300,0,646,65.64,3,TRUE,94.5066666666667,2,0,300,0,1,2103,94.5066666666667,4992,0,"C++",TRUE
5967,"A",300,0,647,45.4833333333333,2,TRUE,60.2266666666667,1,300,0,0,1,2751,60.2266666666667,3540,0,"C++",TRUE
5968,"A",300,0,648,93.05,2,TRUE,97.3,1,300,0,0,1,1790,97.3,7185,0.000999999999997669,"C++",TRUE
5969,"A",300,0,649,38.8466666666667,2,TRUE,48.4866666666667,1,300,0,0,0,1878,48.4866666666667,3324,0,"C++",TRUE
5970,"A",300,0,650,51.19,3,TRUE,63.5466666666667,2,0,300,0,0,0,63.5466666666667,4475,0,"C++",TRUE
5971,"A",300,0,651,65.5133333333333,2,TRUE,98.6066666666667,1,300,0,0,1,6334,98.6066666666667,5958,0,"C++",TRUE
5972,"A",300,0,652,32.77,3,TRUE,48.8933333333333,2,0,300,0,0,0,48.8933333333333,2749,0,"C++",TRUE
5973,"A",300,0,653,42.5466666666667,2,TRUE,68.4233333333333,1,300,0,0,1,5454,68.4233333333333,4387,0.00100000000000477,"C++",TRUE
5974,"A",300,0,654,87.4333333333333,2,TRUE,117.55,1,300,0,0,1,5482,117.55,7033,0,"C++",TRUE
5975,"A",300,0,655,47.2133333333333,3,TRUE,71.7666666666667,2,0,300,0,1,2750,71.7666666666667,4385,0,"C++",TRUE
5976,"A",300,0,656,52.7333333333333,2,TRUE,80.6866666666667,1,300,0,0,1,3771,80.6866666666667,4752,0.000999999999997669,"C++",TRUE
5977,"A",300,0,657,43.2233333333333,2,TRUE,72.0133333333333,1,300,0,0,1,5006,72.0133333333333,4259,0,"C++",TRUE
5978,"A",300,0,658,51.7733333333333,2,TRUE,82.91,1,300,0,0,1,5159,82.91,4990,0,"C++",TRUE
5979,"A",300,0,659,73.2433333333333,2,TRUE,91.31,1,300,0,0,1,2218,91.31,6622,0.000999999999997669,"C++",TRUE
5980,"A",300,0,660,94.08,1,TRUE,106.833333333333,3,0,0,300,1,2134,106.833333333333,7765,0,"C++",TRUE
5981,"A",300,0,661,75.33,3,TRUE,106.046666666667,2,0,300,0,1,2959,106.046666666667,7125,0,"C++",TRUE
5982,"A",300,0,662,57.0633333333333,2,TRUE,72.2066666666667,1,300,0,0,1,3840,72.2066666666667,5199,0.00100000000000477,"C++",TRUE
5983,"A",300,0,663,47.0966666666667,2,TRUE,51.4766666666667,1,300,0,0,1,1051,51.4766666666667,3298,0,"C++",TRUE
5984,"A",300,0,664,68.1033333333333,3,TRUE,74.3633333333333,2,0,300,0,1,2595,74.3633333333333,4711,0,"C++",TRUE
5985,"A",300,0,665,44.5533333333333,2,TRUE,52.4833333333333,1,300,0,0,1,2349,52.4833333333333,3658,0,"C++",TRUE
5986,"A",300,0,666,41.7566666666667,3,TRUE,52.9666666666667,2,0,300,0,0,0,52.9666666666667,3392,0.000999999999997669,"C++",TRUE
5987,"A",300,0,667,74.5133333333333,2,TRUE,98.2533333333333,1,300,0,0,1,5017,98.2533333333333,7492,0,"C++",TRUE
5988,"A",300,0,668,30.8466666666667,3,TRUE,51.9,2,0,300,0,0,0,51.9,2843,0,"C++",TRUE
5989,"A",300,0,669,129.533333333333,2,TRUE,149.4,1,300,0,0,1,3802,149.4,11664,0.000999999999997669,"C++",TRUE
5990,"A",300,0,670,53.0666666666667,2,TRUE,78.32,1,300,0,0,1,6431,78.32,4545,0,"C++",TRUE
5991,"A",300,0,671,96.9666666666667,2,TRUE,117.246666666667,1,300,0,0,1,3088,117.246666666667,8728,0.00100000000000477,"C++",TRUE
5992,"A",300,0,672,52.1966666666667,3,TRUE,69.2333333333333,2,0,300,0,1,1305,69.2333333333333,4529,0,"C++",TRUE
5993,"A",300,0,673,41.9366666666667,2,TRUE,60.0533333333333,1,300,0,0,1,2750,60.0533333333333,3838,0,"C++",TRUE
5994,"A",300,0,674,102.72,2,TRUE,134.71,1,300,0,0,1,5037,134.71,8257,0.000999999999997669,"C++",TRUE
5995,"A",300,0,675,91.3866666666667,2,TRUE,111.94,1,300,0,0,1,2771,111.94,8705,0,"C++",TRUE
5996,"A",300,0,676,23.5533333333333,3,TRUE,47.0233333333333,2,0,300,0,0,0,47.0233333333333,2183,0,"C++",TRUE
5997,"A",300,0,677,109.746666666667,2,TRUE,134.163333333333,1,300,0,0,2,5495,134.163333333333,9158,0.000999999999997669,"C++",TRUE
5998,"A",300,0,678,52.02,2,TRUE,78.3933333333333,1,300,0,0,1,4648,78.3933333333333,5051,0,"C++",TRUE
5999,"A",300,0,679,70.4966666666667,3,TRUE,77.6966666666667,2,0,300,0,1,1036,77.6966666666667,5321,0,"C++",TRUE
6000,"A",300,0,680,49.8366666666667,3,TRUE,73.35,2,0,300,0,0,1919,73.35,4163,0,"C++",TRUE
6001,"A",300,0,681,94.8733333333333,2,TRUE,127.683333333333,1,300,0,0,2,7688,127.683333333333,8370,0.00100000000000477,"C++",TRUE
6002,"A",300,0,682,63.1966666666667,3,TRUE,86.4133333333333,2,0,300,0,0,2383,86.4133333333333,5567,0,"C++",TRUE
6003,"A",300,0,683,59.5633333333333,1,TRUE,89.8733333333333,3,0,0,300,1,1989,89.8733333333333,4766,0.000999999999997669,"C++",TRUE
6004,"A",300,0,684,69.5333333333333,3,TRUE,95.1666666666667,2,0,300,0,0,0,95.1666666666667,6716,0,"C++",TRUE
6005,"A",300,0,685,47.4933333333333,3,TRUE,71.02,2,0,300,0,1,95,71.02,4474,0,"C++",TRUE
6006,"A",300,0,686,28.7233333333333,3,TRUE,46.8666666666667,2,0,300,0,0,0,46.8666666666667,2424,0,"C++",TRUE
6007,"A",300,0,687,154.266666666667,2,TRUE,171.78,1,300,0,0,3,4337,171.78,13478,0.000999999999997669,"C++",TRUE
6008,"A",300,0,688,58.7133333333333,2,TRUE,86.06,1,300,0,0,1,4992,86.06,5758,0,"C++",TRUE
6009,"A",300,0,689,65.17,2,TRUE,97.2066666666667,1,300,0,0,1,5223,97.2066666666667,6102,0.00100000000000477,"C++",TRUE
6010,"A",300,0,690,78.08,2,TRUE,111.57,1,300,0,0,1,6772,111.57,6079,0,"C++",TRUE
6011,"A",300,0,691,46.2766666666667,2,TRUE,69.93,1,300,0,0,1,3353,69.93,4392,0,"C++",TRUE
6012,"A",300,0,692,81.5966666666667,2,TRUE,98.4066666666667,1,300,0,0,1,2477,98.4066666666667,7418,0.000999999999997669,"C++",TRUE
6013,"A",300,0,693,61.29,2,TRUE,69.1033333333333,1,300,0,0,1,2899,69.1033333333333,5045,0,"C++",TRUE
6014,"A",300,0,694,39.89,2,TRUE,50.3633333333333,1,300,0,0,0,623,50.3633333333333,3529,0,"C++",TRUE
6015,"A",300,0,695,65.7666666666667,3,TRUE,87.2233333333333,2,0,300,0,1,1792,87.2233333333333,5664,0.000999999999997669,"C++",TRUE
6016,"A",300,0,696,72.3233333333333,2,TRUE,111.16,1,300,0,0,1,4530,111.16,6224,0,"C++",TRUE
6017,"A",300,0,697,45.8933333333333,2,TRUE,69.3833333333333,1,300,0,0,1,3160,69.3833333333333,4193,0,"C++",TRUE
6018,"A",300,0,698,40.99,3,TRUE,64.8266666666667,2,0,300,0,0,0,64.8266666666667,3804,0,"C++",TRUE
6019,"A",300,0,699,79.2133333333333,2,TRUE,102.086666666667,1,300,0,0,1,4237,102.086666666667,7288,0.00100000000000477,"C++",TRUE
6020,"A",300,0,700,82.7766666666667,3,TRUE,97.3733333333333,2,0,300,0,0,0,97.3733333333333,6635,0,"C++",TRUE
6021,"A",300,0,701,48.1366666666667,3,TRUE,54.0533333333333,2,0,300,0,0,0,54.0533333333333,3656,0.000999999999997669,"C++",TRUE
6022,"A",300,0,702,35.3733333333333,2,TRUE,76.02,1,300,0,0,1,9034,76.02,4139,0,"C++",TRUE
6023,"A",300,0,703,64.25,1,TRUE,70.1533333333333,3,0,0,300,1,2128,70.1533333333333,5300,0,"C++",TRUE
6024,"A",300,0,704,122.686666666667,3,TRUE,145.316666666667,2,0,300,0,1,1662,145.316666666667,10304,0.000999999999997669,"C++",TRUE
6025,"A",300,0,705,46.2433333333333,2,TRUE,69.4733333333333,1,300,0,0,1,4282,69.4733333333333,4092,0,"C++",TRUE
6026,"A",300,0,706,43.4766666666667,3,TRUE,68.4866666666667,2,0,300,0,1,2522,68.4866666666667,4070,0,"C++",TRUE
6027,"A",300,0,707,48.2033333333333,2,TRUE,76.8433333333333,1,300,0,0,1,2595,76.8433333333333,4730,0,"C++",TRUE
6028,"A",300,0,708,34.8366666666667,3,TRUE,62.1666666666667,2,0,300,0,0,0,62.1666666666667,3732,0.00100000000000477,"C++",TRUE
6029,"A",300,0,709,71.5,2,TRUE,104.293333333333,1,300,0,0,1,4878,104.293333333333,6667,0,"C++",TRUE
6030,"A",300,0,710,89.37,2,TRUE,109.966666666667,1,300,0,0,1,3068,109.966666666667,8377,0,"C++",TRUE
6031,"A",300,0,711,64.06,2,TRUE,73.8666666666667,1,300,0,0,1,3251,73.8666666666667,5498,0.000999999999997669,"C++",TRUE
6032,"A",300,0,712,47.44,2,TRUE,62.8033333333333,1,300,0,0,1,3316,62.8033333333333,4748,0,"C++",TRUE
6033,"A",300,0,713,43.6233333333333,2,TRUE,66.1266666666667,1,300,0,0,1,2531,66.1266666666667,4278,0,"C++",TRUE
6034,"A",300,0,714,33.04,2,TRUE,84.9033333333333,1,300,0,0,1,11339,84.9033333333333,3098,0,"C++",TRUE
6035,"A",300,0,715,30.5566666666667,2,TRUE,63.4333333333333,1,300,0,0,0,3679,63.4333333333333,3739,0.000999999999997669,"C++",TRUE
6036,"A",300,0,716,117.56,2,TRUE,131.57,1,300,0,0,2,5258,131.57,10146,0,"C++",TRUE
6037,"A",300,0,717,44.08,2,TRUE,69.2,1,300,0,0,1,3903,69.2,4023,0,"C++",TRUE
6038,"A",300,0,718,84.82,3,TRUE,97.9933333333333,2,0,300,0,1,149,97.9933333333333,6246,0.00100000000000477,"C++",TRUE
6039,"A",300,0,719,60.1266666666667,3,TRUE,64.92,2,0,300,0,1,661,64.92,4557,0,"C++",TRUE
6040,"A",300,0,720,39.38,2,TRUE,64.0533333333333,1,300,0,0,1,3426,64.0533333333333,3876,0,"C++",TRUE
6041,"A",300,0,721,40.5333333333333,2,TRUE,67.1666666666667,1,300,0,0,1,5300,67.1666666666667,4200,0.000999999999997669,"C++",TRUE
6042,"A",300,0,722,81.7966666666667,3,TRUE,112.913333333333,2,0,300,0,1,1892,112.913333333333,7392,0,"C++",TRUE
6043,"A",300,0,723,48.4333333333333,2,TRUE,70.82,1,300,0,0,1,3889,70.82,4575,0,"C++",TRUE
6044,"A",300,0,724,65.06,3,TRUE,83.8766666666667,2,0,300,0,1,1871,83.8766666666667,5598,0.000999999999997669,"C++",TRUE
6045,"A",300,0,725,66.43,2,TRUE,86.03,1,300,0,0,1,3655,86.03,6505,0,"C++",TRUE
6046,"A",300,0,726,76.8866666666667,2,TRUE,90.7933333333333,1,300,0,0,1,3502,90.7933333333333,6309,0,"C++",TRUE
6047,"A",300,0,727,192.656666666667,2,TRUE,206.246666666667,1,300,0,0,2,4575,206.246666666667,16334,0.00100000000000477,"C++",TRUE
6048,"A",300,0,728,95.3833333333333,1,TRUE,111.49,3,0,0,300,2,3845,111.49,7463,0.000999999999997669,"C++",TRUE
6049,"A",300,0,729,104.04,3,TRUE,117.91,2,0,300,0,0,0,117.91,9525,0,"C++",TRUE
6050,"A",300,0,730,38.3033333333333,2,TRUE,59.77,1,300,0,0,1,4097,59.77,3961,0,"C++",TRUE
6051,"A",300,0,731,51.5166666666667,3,TRUE,81.2,2,0,300,0,1,1016,81.2,4917,0.000999999999997669,"C++",TRUE
6052,"A",300,0,732,49.4766666666667,2,TRUE,73.5866666666667,1,300,0,0,1,3095,73.5866666666667,4843,0,"C++",TRUE
6053,"A",300,0,733,32.5433333333333,2,TRUE,83.18,1,300,0,0,1,7612,83.18,3946,0,"C++",TRUE
6054,"A",300,0,734,67.3466666666667,2,TRUE,86.01,1,300,0,0,1,3710,86.01,6329,0.00100000000000477,"C++",TRUE
6055,"A",300,0,735,62.0133333333333,2,TRUE,84.8966666666667,1,300,0,0,1,3876,84.8966666666667,5472,0,"C++",TRUE
6056,"A",300,0,736,67.9766666666667,3,TRUE,75.15,2,0,300,0,0,2453,75.15,5483,0,"C++",TRUE
6057,"A",300,0,737,89.7833333333333,2,TRUE,110.46,1,300,0,0,1,2096,110.46,8127,0.000999999999997669,"C++",TRUE
6058,"A",300,0,738,98.8433333333333,2,TRUE,114.986666666667,1,300,0,0,2,4834,114.986666666667,8114,0,"C++",TRUE
6059,"A",300,0,739,76.35,2,TRUE,93.2466666666667,3,0,0,300,1,7179,93.2466666666667,5860,0.000999999999997669,"C++",TRUE
6060,"A",300,0,740,55.9633333333333,1,TRUE,73.6833333333333,3,0,0,300,1,2349,73.6833333333333,4363,0,"C++",TRUE
6061,"A",300,0,741,45.8166666666667,2,TRUE,86.32,1,300,0,0,1,7151,86.32,4382,0,"C++",TRUE
6062,"A",300,0,742,71.0933333333333,3,TRUE,92.62,2,0,300,0,1,2556,92.62,6269,0,"C++",TRUE
6063,"A",300,0,743,46.42,2,TRUE,72.99,1,300,0,0,1,4235,72.99,4180,0.00100000000000477,"C++",TRUE
6064,"A",300,0,744,49.5266666666667,3,TRUE,73.03,2,0,300,0,0,0,73.03,3928,0,"C++",TRUE
6065,"A",300,0,745,70.8066666666667,2,TRUE,113.25,1,300,0,0,1,9097,113.25,6264,0,"C++",TRUE
6066,"A",300,0,746,88.2033333333333,2,TRUE,114.306666666667,1,300,0,0,1,3540,114.306666666667,8187,0.000999999999997669,"C++",TRUE
6067,"A",300,0,747,38.8833333333333,2,TRUE,63.3166666666667,1,300,0,0,1,5924,63.3166666666667,3725,0,"C++",TRUE
6068,"A",300,0,748,56.5066666666667,2,TRUE,86.7033333333333,1,300,0,0,1,6029,86.7033333333333,4865,0,"C++",TRUE
6069,"A",300,0,749,77.2733333333333,3,TRUE,98.7333333333333,2,0,300,0,1,1374,98.7333333333333,7442,0.000999999999997669,"C++",TRUE
6070,"A",300,0,750,69.5833333333333,3,TRUE,95.8766666666667,2,0,300,0,0,0,95.8766666666667,7046,0,"C++",TRUE
6071,"A",300,0,751,66.33,2,TRUE,110.586666666667,1,300,0,0,1,10044,110.586666666667,5256,0,"C++",TRUE
6072,"A",300,0,752,34.47,2,TRUE,39.9266666666667,1,300,0,0,0,111,39.9266666666667,2606,0,"C++",TRUE
6073,"A",300,0,753,78.6066666666667,3,TRUE,100.39,2,0,300,0,0,1394,100.39,6744,0,"C++",TRUE
6074,"A",300,0,754,31.4966666666667,3,TRUE,50.6333333333333,2,0,300,0,0,0,50.6333333333333,2666,0,"C++",TRUE
6075,"A",300,0,755,72.0333333333333,2,TRUE,91.21,1,300,0,0,1,3292,91.21,7236,0,"C++",TRUE
6076,"A",300,0,756,72.8766666666667,2,TRUE,87.2433333333333,1,300,0,0,1,1807,87.2433333333333,5532,0.000999999999997669,"C++",TRUE
6077,"A",300,0,757,45.4466666666667,2,TRUE,76.4866666666667,1,300,0,0,1,2579,76.4866666666667,4618,0,"C++",TRUE
6078,"A",300,0,758,42.29,2,TRUE,75.09,1,300,0,0,1,2618,75.09,4384,0,"C++",TRUE
6079,"A",300,0,759,34.0166666666667,2,TRUE,55.7533333333333,1,300,0,0,0,2464,55.7533333333333,3654,0.000999999999997669,"C++",TRUE
6080,"A",300,0,760,72.8633333333333,2,TRUE,91.5833333333333,1,300,0,0,1,2830,91.5833333333333,6164,0,"C++",TRUE
6081,"A",300,0,761,57.4233333333333,2,TRUE,83.46,1,300,0,0,1,5480,83.46,4998,0,"C++",TRUE
6082,"A",300,0,762,37.7866666666667,2,TRUE,70.8766666666667,1,300,0,0,1,6364,70.8766666666667,4108,0,"C++",TRUE
6083,"A",300,0,763,77.38,2,TRUE,105.373333333333,1,300,0,0,1,5996,105.373333333333,7135,0.000999999999997669,"C++",TRUE
6084,"A",300,0,764,36.5966666666667,2,TRUE,57.3766666666667,1,300,0,0,0,3501,57.3766666666667,3787,0,"C++",TRUE
6085,"A",300,0,765,95.2,2,TRUE,106.723333333333,1,300,0,0,2,4982,106.723333333333,7870,0.00100000000000477,"C++",TRUE
6086,"A",300,0,766,47.6066666666667,2,TRUE,66.6633333333333,1,300,0,0,1,3152,66.6633333333333,4773,0,"C++",TRUE
6087,"A",300,0,767,41.4466666666667,2,TRUE,61.4266666666667,1,300,0,0,1,2851,61.4266666666667,4114,0,"C++",TRUE
6088,"A",300,0,768,48.3933333333333,2,TRUE,56,1,300,0,0,0,2819,56,4225,0,"C++",TRUE
6089,"A",300,0,769,60.1066666666667,3,TRUE,86.6433333333333,2,0,300,0,0,0,86.6433333333333,5671,0.000999999999997669,"C++",TRUE
6090,"A",300,0,770,32.8866666666667,3,TRUE,45.3333333333333,2,0,300,0,0,0,45.3333333333333,2824,0,"C++",TRUE
6091,"A",300,0,771,93.79,2,TRUE,121.056666666667,1,300,0,0,1,4293,121.056666666667,8740,0,"C++",TRUE
6092,"A",300,0,772,56.6733333333333,2,TRUE,80.6933333333333,1,300,0,0,1,3578,80.6933333333333,5821,0.000999999999997669,"C++",TRUE
6093,"A",300,0,773,105.55,2,TRUE,125.423333333333,1,300,0,0,1,3532,125.423333333333,10508,0,"C++",TRUE
6094,"A",300,0,774,144.023333333333,1,TRUE,156.933333333333,3,0,0,300,1,2908,156.933333333333,11916,0.00100000000000477,"C++",TRUE
6095,"A",300,0,775,55.2733333333333,3,TRUE,80.8,2,0,300,0,0,435,80.8,5256,0,"C++",TRUE
6096,"A",300,0,776,62.3966666666667,3,TRUE,86.1533333333333,2,0,300,0,1,1624,86.1533333333333,5505,0.000999999999997669,"C++",TRUE
6097,"A",300,0,777,38.0466666666667,3,TRUE,58.8466666666667,2,0,300,0,0,972,58.8466666666667,3433,0,"C++",TRUE
6098,"A",300,0,778,52.88,2,TRUE,73.5966666666667,1,300,0,0,1,2375,73.5966666666667,4675,0,"C++",TRUE
6099,"A",300,0,779,53.6433333333333,2,TRUE,76.3966666666667,1,300,0,0,1,3637,76.3966666666667,5594,0,"C++",TRUE
6100,"A",300,0,780,46.32,2,TRUE,58.2266666666667,1,300,0,0,1,2208,58.2266666666667,4125,0.000999999999997669,"C++",TRUE
6101,"A",300,0,781,48.5066666666667,2,TRUE,64.67,1,300,0,0,1,2648,64.67,4600,0,"C++",TRUE
6102,"A",300,0,782,51.62,3,TRUE,67.27,2,0,300,0,0,627,67.27,4072,0,"C++",TRUE
6103,"A",300,0,783,46.8366666666667,3,TRUE,63.8633333333333,2,0,300,0,0,135,63.8633333333333,4224,0,"C++",TRUE
6104,"A",300,0,784,48.25,2,TRUE,56.7766666666667,1,300,0,0,1,2070,56.7766666666667,3753,0.00100000000000477,"C++",TRUE
6105,"A",300,0,785,28.2633333333333,2,TRUE,44.55,1,300,0,0,0,3325,44.55,2944,0,"C++",TRUE
6106,"A",300,0,786,99.98,2,TRUE,101.916666666667,3,0,0,300,1,2688,101.916666666667,7081,0,"C++",TRUE
6107,"A",300,0,787,154.123333333333,2,TRUE,186.87,1,300,0,0,1,6891,186.87,14134,0.000999999999997669,"C++",TRUE
6108,"A",300,0,788,51.6433333333333,2,TRUE,52.9233333333333,1,300,0,0,0,0,52.9233333333333,4092,0,"C++",TRUE
6109,"A",300,0,789,124.956666666667,3,TRUE,134.506666666667,2,0,300,0,1,1079,134.506666666667,10495,0.000999999999997669,"C++",TRUE
6110,"A",300,0,790,47.43,3,TRUE,78.0966666666667,2,0,300,0,0,1691,78.0966666666667,4111,0,"C++",TRUE
6111,"A",300,0,791,33.66,2,TRUE,34.31,1,300,0,0,0,0,34.31,1853,0,"C++",TRUE
6112,"A",300,0,792,105.953333333333,3,TRUE,137.67,2,0,300,0,2,4704,137.67,8956,0.00100000000000477,"C++",TRUE
6113,"A",300,0,793,57.3633333333333,2,TRUE,90.7333333333333,1,300,0,0,1,3052,90.7333333333333,5228,0,"C++",TRUE
6114,"A",300,0,794,41.8433333333333,1,TRUE,58.9166666666667,3,0,0,300,1,3588,58.9166666666667,3318,0,"C++",TRUE
6115,"A",300,0,795,70.7833333333333,3,TRUE,99.6033333333333,2,0,300,0,1,470,99.6033333333333,6405,0.000999999999997669,"C++",TRUE
6116,"A",300,0,796,65.8433333333333,2,TRUE,91.22,1,300,0,0,1,4293,91.22,6324,0,"C++",TRUE
6117,"A",300,0,797,83,3,TRUE,107.636666666667,2,0,300,0,0,0,107.636666666667,7655,0,"C++",TRUE
6118,"A",300,0,798,139.776666666667,1,TRUE,153.793333333333,3,0,0,300,2,5777,153.793333333333,9864,0.000999999999997669,"C++",TRUE
6119,"A",300,0,799,66.91,2,TRUE,89.61,1,300,0,0,1,2262,89.61,6689,0,"C++",TRUE
6120,"A",300,0,800,87.5966666666667,1,TRUE,103.22,3,0,0,300,1,4221,103.22,6795,0.00100000000000477,"C++",TRUE
6121,"A",300,0,801,29.9533333333333,2,TRUE,46.6566666666667,1,300,0,0,1,2615,46.6566666666667,3344,0,"C++",TRUE
6122,"A",300,0,802,76.5766666666667,2,TRUE,90.52,1,300,0,0,1,1232,90.52,6734,0,"C++",TRUE
6123,"A",300,0,803,39.6133333333333,2,TRUE,46.1033333333333,1,300,0,0,0,1507,46.1033333333333,3245,0.000999999999997669,"C++",TRUE
6124,"A",300,0,804,85.54,2,TRUE,128.936666666667,1,300,0,0,1,7573,128.936666666667,8360,0,"C++",TRUE
6125,"A",300,0,805,59.3733333333333,3,TRUE,64.5533333333333,2,0,300,0,0,0,64.5533333333333,4478,0,"C++",TRUE
6126,"A",300,0,806,38.6266666666667,2,TRUE,50.05,1,300,0,0,1,1859,50.05,3730,0.000999999999997669,"C++",TRUE
6127,"A",300,0,807,63.68,2,TRUE,80.9166666666667,1,300,0,0,1,2791,80.9166666666667,5200,0,"C++",TRUE
6128,"A",300,0,808,88.27,1,TRUE,93.9866666666667,3,0,0,300,1,1935,93.9866666666667,6870,0,"C++",TRUE
6129,"A",300,0,809,37.9366666666667,3,TRUE,61.7966666666667,2,0,300,0,0,0,61.7966666666667,3148,0,"C++",TRUE
6130,"A",300,0,810,27.6,2,TRUE,44.53,1,300,0,0,0,3012,44.53,2979,0.00100000000000477,"C++",TRUE
6131,"A",300,0,811,69.02,2,TRUE,93.2233333333333,1,300,0,0,2,3255,93.2233333333333,6276,0,"C++",TRUE
6132,"A",300,0,812,32.71,3,TRUE,53.5766666666667,2,0,300,0,0,0,53.5766666666667,2908,0,"C++",TRUE
6133,"A",300,0,813,60.0366666666667,2,TRUE,81.96,1,300,0,0,1,3553,81.96,5904,0.000999999999997669,"C++",TRUE
6134,"A",300,0,814,42.5333333333333,2,TRUE,50.38,1,300,0,0,0,1844,50.38,3676,0,"C++",TRUE
6135,"A",300,0,815,72.7733333333333,2,TRUE,125.296666666667,1,300,0,0,1,3963,125.296666666667,6596,0,"C++",TRUE
6136,"A",300,0,816,47.4866666666667,2,TRUE,67.8233333333333,1,300,0,0,1,5101,67.8233333333333,4182,0,"C++",TRUE
6137,"A",300,0,817,64.47,2,TRUE,88.5133333333333,1,300,0,0,1,4730,88.5133333333333,5947,0.000999999999997669,"C++",TRUE
6138,"A",300,0,818,55.82,2,TRUE,78.3566666666667,1,300,0,0,1,3053,78.3566666666667,5384,0,"C++",TRUE
6139,"A",300,0,819,43.8233333333333,2,TRUE,65.9166666666667,1,300,0,0,1,4245,65.9166666666667,3946,0,"C++",TRUE
6140,"A",300,0,820,88.2333333333333,2,TRUE,108.51,1,300,0,0,1,5981,108.51,7548,0.00100000000000477,"C++",TRUE
6141,"A",300,0,821,204.51,2,TRUE,231.596666666667,1,300,0,0,2,4647,231.596666666667,17542,0.000999999999997669,"C++",TRUE
6142,"A",300,0,822,30.1666666666667,2,TRUE,51.6033333333333,1,300,0,0,0,2639,51.6033333333333,3155,0,"C++",TRUE
6143,"A",300,0,823,101.12,2,TRUE,122.043333333333,1,300,0,0,2,3476,122.043333333333,8958,0,"C++",TRUE
6144,"A",300,0,824,56.0066666666667,1,TRUE,60.3033333333333,3,0,0,300,1,2868,60.3033333333333,3736,0.000999999999997669,"C++",TRUE
6145,"A",300,0,825,77.9066666666667,3,TRUE,112.963333333333,2,0,300,0,1,3892,112.963333333333,6344,0,"C++",TRUE
6146,"A",300,0,826,40.03,3,TRUE,58.6866666666667,2,0,300,0,0,861,58.6866666666667,3755,0,"C++",TRUE
6147,"A",300,0,827,34.6233333333333,3,TRUE,45.5666666666667,2,0,300,0,0,0,45.5666666666667,2589,0,"C++",TRUE
6148,"A",300,0,828,54.8866666666667,1,TRUE,78.4566666666667,3,0,0,300,1,2559,78.4566666666667,3950,0.00100000000000477,"C++",TRUE
6149,"A",300,0,829,52.43,1,TRUE,71.24,3,0,0,300,1,2310,71.24,4087,0,"C++",TRUE
6150,"A",300,0,830,50.9733333333333,2,TRUE,62.0033333333333,1,300,0,0,1,848,62.0033333333333,4772,0,"C++",TRUE
6151,"A",300,0,831,72.3566666666667,2,TRUE,100.213333333333,1,300,0,0,1,4443,100.213333333333,6590,0,"C++",TRUE
6152,"A",300,0,832,65.0366666666667,2,TRUE,85.7666666666667,1,300,0,0,1,3994,85.7666666666667,5776,0.000999999999997669,"C++",TRUE
6153,"A",300,0,833,54.2733333333333,2,TRUE,97.8333333333333,1,300,0,0,1,6884,97.8333333333333,4918,0,"C++",TRUE
6154,"A",300,0,834,66.4,3,TRUE,98.5933333333333,2,0,300,0,0,0,98.5933333333333,6202,0,"C++",TRUE
6155,"A",300,0,835,74.6933333333333,2,TRUE,102,1,300,0,0,1,4635,102,6544,0.000999999999997669,"C++",TRUE
6156,"A",300,0,836,42.4266666666667,2,TRUE,73.9,1,300,0,0,1,4213,73.9,4385,0,"C++",TRUE
6157,"A",300,0,837,41.0733333333333,2,TRUE,71.57,1,300,0,0,1,5600,71.57,4044,0,"C++",TRUE
6158,"A",300,0,838,57.8866666666667,1,TRUE,67.1133333333333,3,0,0,300,1,3527,67.1133333333333,3952,0.00100000000000477,"C++",TRUE
6159,"A",300,0,839,41.7366666666667,2,TRUE,49.78,1,300,0,0,1,1497,49.78,3761,0,"C++",TRUE
6160,"A",300,0,840,41.1033333333333,2,TRUE,60.9033333333333,1,300,0,0,1,4098,60.9033333333333,4170,0,"C++",TRUE
6161,"A",300,0,841,65.8666666666667,2,TRUE,93,1,300,0,0,1,5839,93,5847,0,"C++",TRUE
6162,"A",300,0,842,58.5933333333333,2,TRUE,100.896666666667,1,300,0,0,1,7414,100.896666666667,5567,0.000999999999997669,"C++",TRUE
6163,"A",300,0,843,44.89,3,TRUE,55.8433333333333,2,0,300,0,0,0,55.8433333333333,3738,0,"C++",TRUE
6164,"A",300,0,844,52.3233333333333,3,TRUE,68.19,2,0,300,0,0,0,68.19,4527,0,"C++",TRUE
6165,"A",300,0,845,38.2533333333333,3,TRUE,53.8666666666667,2,0,300,0,0,0,53.8666666666667,3523,0,"C++",TRUE
6166,"A",300,0,846,48.5933333333333,2,TRUE,62.2266666666667,1,300,0,0,1,2436,62.2266666666667,4418,0.000999999999997669,"C++",TRUE
6167,"A",300,0,847,148.616666666667,3,TRUE,157.936666666667,2,0,300,0,1,1293,157.936666666667,12493,0,"C++",TRUE
6168,"A",300,0,848,56.97,3,TRUE,73.0666666666667,2,0,300,0,1,2847,73.0666666666667,4478,0.00100000000000477,"C++",TRUE
6169,"A",300,0,849,47.2266666666667,2,TRUE,48.7466666666667,1,300,0,0,1,2652,48.7466666666667,3234,0,"C++",TRUE
6170,"A",300,0,850,82.57,1,TRUE,94.4366666666667,3,0,0,300,1,3049,94.4366666666667,6219,0,"C++",TRUE
6171,"A",300,0,851,58.2633333333333,1,TRUE,76.8633333333333,3,0,0,300,1,3186,76.8633333333333,4384,0,"C++",TRUE
6172,"A",300,0,852,45.8933333333333,3,TRUE,84.91,2,0,300,0,0,0,84.91,4161,0.000999999999997669,"C++",TRUE
6173,"A",300,0,853,47.3766666666667,2,TRUE,81.74,1,300,0,0,1,7715,81.74,4289,0,"C++",TRUE
6174,"A",300,0,854,115.536666666667,2,TRUE,147.066666666667,1,300,0,0,3,9801,147.066666666667,9358,0,"C++",TRUE
6175,"A",300,0,855,43.67,1,TRUE,52.76,3,0,0,300,1,2028,52.76,3310,0,"C++",TRUE
6176,"A",300,0,856,61.7566666666667,2,TRUE,83.7666666666667,1,300,0,0,1,3267,83.7666666666667,5656,0.000999999999997669,"C++",TRUE
6177,"A",300,0,857,65.5,3,TRUE,105.4,2,0,300,0,1,1651,105.4,5342,0,"C++",TRUE
6178,"A",300,0,858,39.0966666666667,2,TRUE,94.2166666666667,1,300,0,0,1,7152,94.2166666666667,3776,0,"C++",TRUE
6179,"A",300,0,859,41.9933333333333,2,TRUE,64.0866666666667,1,300,0,0,1,3281,64.0866666666667,4236,0.00100000000000477,"C++",TRUE
6180,"A",300,0,860,69.5133333333333,1,TRUE,79.1266666666667,3,0,0,300,1,3226,79.1266666666667,5381,0,"C++",TRUE
6181,"A",300,0,861,82.12,2,TRUE,99.2033333333333,1,300,0,0,1,2958,99.2033333333333,7183,0,"C++",TRUE
6182,"A",300,0,862,53.1466666666667,2,TRUE,66.1,1,300,0,0,1,3538,66.1,4029,0.000999999999997669,"C++",TRUE
6183,"A",300,0,863,100.41,2,TRUE,121.78,1,300,0,0,1,7413,121.78,8411,0,"C++",TRUE
6184,"A",300,0,864,67.7933333333333,2,TRUE,95.6333333333333,1,300,0,0,1,5504,95.6333333333333,5719,0,"C++",TRUE
6185,"A",300,0,865,49.09,3,TRUE,87.85,2,0,300,0,1,1663,87.85,4602,0.000999999999997669,"C++",TRUE
6186,"A",300,0,866,73.9633333333333,2,TRUE,99.0466666666667,1,300,0,0,1,6099,99.0466666666667,5794,0,"C++",TRUE
6187,"A",300,0,867,41.5566666666667,2,TRUE,69.51,1,300,0,0,1,3176,69.51,4410,0,"C++",TRUE
6188,"A",300,0,868,39.14,2,TRUE,54.0533333333333,1,300,0,0,1,2698,54.0533333333333,3761,0,"C++",TRUE
6189,"A",300,0,869,36.89,2,TRUE,49.5833333333333,1,300,0,0,1,2718,49.5833333333333,3196,0.00100000000000477,"C++",TRUE
6190,"A",300,0,870,56.7633333333333,2,TRUE,75.79,1,300,0,0,1,3875,75.79,5456,0,"C++",TRUE
6191,"A",300,0,871,34.1566666666667,2,TRUE,49.5033333333333,1,300,0,0,1,3749,49.5033333333333,3151,0,"C++",TRUE
6192,"A",300,0,872,103.783333333333,2,TRUE,126.32,1,300,0,0,2,4683,126.32,8748,0.000999999999997669,"C++",TRUE
6193,"A",300,0,873,64.31,3,TRUE,78.4966666666667,2,0,300,0,1,317,78.4966666666667,5531,0,"C++",TRUE
6194,"A",300,0,874,51.0666666666667,2,TRUE,53.8533333333333,3,0,0,300,1,3633,53.8533333333333,3467,0,"C++",TRUE
6195,"A",300,0,875,101.28,3,TRUE,123.3,2,0,300,0,1,2548,123.3,8354,0.000999999999997669,"C++",TRUE
6196,"A",300,0,876,29.6433333333333,2,TRUE,49.48,1,300,0,0,1,3450,49.48,3144,0,"C++",TRUE
6197,"A",300,0,877,44.0466666666667,2,TRUE,58.3166666666667,1,300,0,0,1,3630,58.3166666666667,3946,0,"C++",TRUE
6198,"A",300,0,878,55.1666666666667,2,TRUE,76.9466666666667,1,300,0,0,1,3016,76.9466666666667,4890,0,"C++",TRUE
6199,"A",300,0,879,92.15,3,TRUE,110.27,2,0,300,0,0,1214,110.27,8112,0.00100000000000477,"C++",TRUE
6200,"A",300,0,880,132.95,2,TRUE,155.266666666667,1,300,0,0,2,6010,155.266666666667,11758,0.00499999999999545,"C++",TRUE
6201,"A",300,0,881,55.49,3,TRUE,78.9233333333333,2,0,300,0,0,0,78.9233333333333,5092,0.00100000000000477,"C++",TRUE
6202,"A",300,0,882,114.14,2,TRUE,148.87,1,300,0,0,2,10036,148.87,8787,0,"C++",TRUE
6203,"A",300,0,883,69.9866666666667,3,TRUE,97.4066666666667,2,0,300,0,0,0,97.4066666666667,6654,0.000999999999997669,"C++",TRUE
6204,"A",300,0,884,30.3466666666667,2,TRUE,57.2066666666667,1,300,0,0,0,3570,57.2066666666667,3371,0,"C++",TRUE
6205,"A",300,0,885,45.55,2,TRUE,82.8966666666667,1,300,0,0,1,7664,82.8966666666667,4421,0,"C++",TRUE
6206,"A",300,0,886,72.9966666666667,2,TRUE,104.08,1,300,0,0,1,4821,104.08,6980,0,"C++",TRUE
6207,"A",300,0,887,36.3533333333333,3,TRUE,57.6433333333333,2,0,300,0,0,0,57.6433333333333,2927,0.000999999999997669,"C++",TRUE
6208,"A",300,0,888,47.2033333333333,2,TRUE,69.02,1,300,0,0,1,4167,69.02,3748,0,"C++",TRUE
6209,"A",300,0,889,29.18,2,TRUE,54.99,1,300,0,0,1,4544,54.99,3508,0,"C++",TRUE
6210,"A",300,0,890,79.5466666666667,2,TRUE,104.273333333333,1,300,0,0,1,4429,104.273333333333,7218,0,"C++",TRUE
6211,"A",300,0,891,64.1966666666667,2,TRUE,85.74,1,300,0,0,1,3070,85.74,6094,0.00100000000000477,"C++",TRUE
6212,"A",300,0,892,68.0233333333333,2,TRUE,80.6533333333333,1,300,0,0,1,3270,80.6533333333333,6128,0,"C++",TRUE
6213,"A",300,0,893,46.54,1,TRUE,49.37,3,0,0,300,1,2255,49.37,2727,0,"C++",TRUE
6214,"A",300,0,894,29.7666666666667,2,TRUE,61.2433333333333,1,300,0,0,1,4358,61.2433333333333,3375,0,"C++",TRUE
6215,"A",300,0,895,44.7166666666667,3,TRUE,61.9666666666667,2,0,300,0,0,554,61.9666666666667,4198,0.000999999999997669,"C++",TRUE
6216,"A",300,0,896,59.54,3,TRUE,87.99,2,0,300,0,1,1903,87.99,5392,0,"C++",TRUE
6217,"A",300,0,897,70.89,2,TRUE,101.756666666667,1,300,0,0,2,8718,101.756666666667,6069,0,"C++",TRUE
6218,"A",300,0,898,55.57,2,TRUE,73.0466666666667,1,300,0,0,1,3297,73.0466666666667,4699,0.000999999999997669,"C++",TRUE
6219,"A",300,0,899,76.4333333333333,2,TRUE,99.3033333333333,1,300,0,0,1,4672,99.3033333333333,5984,0,"C++",TRUE
6220,"A",300,0,900,71.4066666666667,2,TRUE,97.6433333333333,1,300,0,0,1,6155,97.6433333333333,5941,0,"C++",TRUE
6221,"A",300,0,901,40.9,3,TRUE,58.4933333333333,2,0,300,0,0,0,58.4933333333333,3732,0,"C++",TRUE
6222,"A",300,0,902,70.7333333333333,3,TRUE,89.82,2,0,300,0,0,559,89.82,6442,0.00100000000000477,"C++",TRUE
6223,"A",300,0,903,33.5233333333333,3,TRUE,57.71,2,0,300,0,0,0,57.71,3135,0,"C++",TRUE
6224,"A",300,0,904,66.82,3,TRUE,83.5933333333333,2,0,300,0,0,0,83.5933333333333,6079,0,"C++",TRUE
6225,"A",300,0,905,62.83,3,TRUE,78.1,2,0,300,0,1,1096,78.1,4859,0.000999999999997669,"C++",TRUE
6226,"A",300,0,906,55.1466666666667,2,TRUE,105.023333333333,1,300,0,0,1,9552,105.023333333333,4757,0,"C++",TRUE
6227,"A",300,0,907,80.4366666666667,3,TRUE,106.456666666667,2,0,300,0,1,2196,106.456666666667,6996,0,"C++",TRUE
6228,"A",300,0,908,48.0766666666667,3,TRUE,77.6833333333333,2,0,300,0,0,0,77.6833333333333,4462,0.000999999999997669,"C++",TRUE
6229,"A",300,0,909,64.57,2,TRUE,96.6,1,300,0,0,1,4715,96.6,5873,0,"C++",TRUE
6230,"A",300,0,910,49.32,3,TRUE,62.5433333333333,2,0,300,0,0,0,62.5433333333333,4030,0,"C++",TRUE
6231,"A",300,0,911,64.0866666666667,2,TRUE,88.6533333333333,1,300,0,0,1,5022,88.6533333333333,5663,0,"C++",TRUE
6232,"A",300,0,912,95.37,2,TRUE,112.143333333333,1,300,0,0,1,3304,112.143333333333,8707,0.00100000000000477,"C++",TRUE
6233,"A",300,0,913,109.6,2,TRUE,133.896666666667,1,300,0,0,2,4804,133.896666666667,8881,0,"C++",TRUE
6234,"A",300,0,914,66.4633333333333,3,TRUE,100.143333333333,2,0,300,0,1,2285,100.143333333333,5391,0.000999999999997669,"C++",TRUE
6235,"A",300,0,915,45.45,2,TRUE,61.9333333333333,1,300,0,0,1,3087,61.9333333333333,3795,0,"C++",TRUE
6236,"A",300,0,916,29.83,2,TRUE,51.57,1,300,0,0,0,2358,51.57,3152,0,"C++",TRUE
6237,"A",300,0,917,28.32,2,TRUE,70.2766666666667,1,300,0,0,1,4757,70.2766666666667,2936,0,"C++",TRUE
6238,"A",300,0,918,122.613333333333,3,TRUE,148.78,2,0,300,0,2,3066,148.78,10128,0.000999999999997669,"C++",TRUE
6239,"A",300,0,919,39.46,2,TRUE,77.63,1,300,0,0,1,4194,77.63,4272,0,"C++",TRUE
6240,"A",300,0,920,48.46,2,TRUE,89.3933333333333,1,300,0,0,1,9595,89.3933333333333,4552,0,"C++",TRUE
6241,"A",300,0,921,40.2333333333333,3,TRUE,64.6033333333333,2,0,300,0,0,217,64.6033333333333,3814,0.00100000000000477,"C++",TRUE
6242,"A",300,0,922,39.2833333333333,2,TRUE,70.25,1,300,0,0,1,6429,70.25,4094,0,"C++",TRUE
6243,"A",300,0,923,52.47,2,TRUE,78.8666666666667,1,300,0,0,1,3416,78.8666666666667,4696,0,"C++",TRUE
6244,"A",300,0,924,37.7733333333333,2,TRUE,52.0166666666667,1,300,0,0,0,2293,52.0166666666667,3599,0,"C++",TRUE
6245,"A",300,0,925,109.273333333333,2,TRUE,122.33,1,300,0,0,2,3918,122.33,9313,0.000999999999997669,"C++",TRUE
6246,"A",300,0,926,71.3466666666667,2,TRUE,96.5533333333333,1,300,0,0,1,5164,96.5533333333333,6569,0,"C++",TRUE
6247,"A",300,0,927,53.34,2,TRUE,61.4433333333333,1,300,0,0,1,3109,61.4433333333333,4323,0,"C++",TRUE
6248,"A",300,0,928,36.92,2,TRUE,45.5633333333333,1,300,0,0,1,2065,45.5633333333333,3091,0.000999999999997669,"C++",TRUE
6249,"A",300,0,929,89.43,2,TRUE,115.22,1,300,0,0,1,3064,115.22,7853,0,"C++",TRUE
6250,"A",300,0,930,80.6366666666667,2,TRUE,99.85,1,300,0,0,1,3970,99.85,6367,0,"C++",TRUE
6251,"A",300,0,931,25.6633333333333,2,TRUE,35.75,1,300,0,0,0,2392,35.75,2503,0.00100000000000477,"C++",TRUE
6252,"A",300,0,932,47.14,3,TRUE,72.5233333333333,2,0,300,0,0,0,72.5233333333333,4669,0,"C++",TRUE
6253,"A",300,0,933,68.67,2,TRUE,92.5166666666667,1,300,0,0,1,3598,92.5166666666667,6479,0,"C++",TRUE
6254,"A",300,0,934,62.3933333333333,2,TRUE,117.506666666667,1,300,0,0,1,12720,117.506666666667,5523,0,"C++",TRUE
6255,"A",300,0,935,87.21,2,TRUE,101.453333333333,1,300,0,0,1,2558,101.453333333333,8187,0.000999999999997669,"C++",TRUE
6256,"A",300,0,936,152.6,1,TRUE,162.71,3,0,0,300,3,8130,162.71,9775,0.000999999999997669,"C++",TRUE
6257,"A",300,0,937,70.9833333333333,1,TRUE,81.4533333333333,3,0,0,300,1,3462,81.4533333333333,5530,0,"C++",TRUE
6258,"A",300,0,938,50.5333333333333,3,TRUE,83.8566666666667,2,0,300,0,1,2130,83.8566666666667,4261,0,"C++",TRUE
6259,"A",300,0,939,48.4033333333333,1,TRUE,57.9166666666667,3,0,0,300,1,2263,57.9166666666667,3593,0,"C++",TRUE
6260,"A",300,0,940,56.28,2,TRUE,88.49,1,300,0,0,1,5034,88.49,4755,0.000999999999997669,"C++",TRUE
6261,"A",300,0,941,61.8866666666667,2,TRUE,105.313333333333,1,300,0,0,1,3995,105.313333333333,5657,0,"C++",TRUE
6262,"A",300,0,942,68.4833333333333,2,TRUE,93.2666666666667,1,300,0,0,1,5049,93.2666666666667,6286,0,"C++",TRUE
6263,"A",300,0,943,79.2166666666667,2,TRUE,92.23,1,300,0,0,2,2988,92.23,6819,0.00100000000000477,"C++",TRUE
6264,"A",300,0,944,32.91,2,TRUE,61.9066666666667,1,300,0,0,0,1784,61.9066666666667,3658,0,"C++",TRUE
6265,"A",300,0,945,62.1066666666667,3,TRUE,80.12,2,0,300,0,1,407,80.12,5151,0,"C++",TRUE
6266,"A",300,0,946,79.8366666666667,2,TRUE,104.256666666667,1,300,0,0,1,3907,104.256666666667,7856,0.000999999999997669,"C++",TRUE
6267,"A",300,0,947,89.4133333333333,2,TRUE,92.2266666666667,1,300,0,0,1,1343,92.2266666666667,7406,0,"C++",TRUE
6268,"A",300,0,948,84.1933333333333,2,TRUE,116.043333333333,1,300,0,0,1,7141,116.043333333333,7385,0,"C++",TRUE
6269,"A",300,0,949,86.97,2,TRUE,115.743333333333,1,300,0,0,1,5489,115.743333333333,7372,0.000999999999997669,"C++",TRUE
6270,"A",300,0,950,93.5566666666667,2,TRUE,106.456666666667,1,300,0,0,0,2,106.456666666667,7973,0,"C++",TRUE
6271,"A",300,0,951,43.3,3,TRUE,53.4466666666667,2,0,300,0,0,0,53.4466666666667,3020,0,"C++",TRUE
6272,"A",300,0,952,60.6566666666667,2,TRUE,72.4066666666667,1,300,0,0,1,3356,72.4066666666667,5013,0.00100000000000477,"C++",TRUE
6273,"A",300,0,953,95.71,2,TRUE,117.42,1,300,0,0,1,4516,117.42,8549,0,"C++",TRUE
6274,"A",300,0,954,73.7133333333333,2,TRUE,98.7733333333333,1,300,0,0,1,3291,98.7733333333333,6952,0.000999999999997669,"C++",TRUE
6275,"A",300,0,955,58.6233333333333,1,TRUE,69.4466666666667,3,0,0,300,1,1995,69.4466666666667,4301,0,"C++",TRUE
6276,"A",300,0,956,45.3733333333333,3,TRUE,63.21,2,0,300,0,0,0,63.21,3964,0,"C++",TRUE
6277,"A",300,0,957,105.243333333333,1,TRUE,110.11,3,0,0,300,1,1630,110.11,8102,0.000999999999997669,"C++",TRUE
6278,"A",300,0,958,90.8833333333333,2,TRUE,121.753333333333,1,300,0,0,1,5261,121.753333333333,8576,0,"C++",TRUE
6279,"A",300,0,959,75.0566666666667,1,TRUE,86.9666666666667,3,0,0,300,1,2420,86.9666666666667,6009,0,"C++",TRUE
6280,"A",300,0,960,60.2,2,TRUE,84.6966666666667,1,300,0,0,1,4030,84.6966666666667,5093,0.00100000000000477,"C++",TRUE
6281,"A",300,0,961,63.8066666666667,3,TRUE,92.37,2,0,300,0,0,0,92.37,5962,0,"C++",TRUE
6282,"A",300,0,962,70.7533333333333,2,TRUE,113.08,1,300,0,0,1,8927,113.08,6004,0,"C++",TRUE
6283,"A",300,0,963,76.4133333333333,2,TRUE,89.77,3,0,0,300,1,6135,89.77,5326,0.000999999999997669,"C++",TRUE
6284,"A",300,0,964,37.2066666666667,2,TRUE,64.65,1,300,0,0,1,5247,64.65,3940,0,"C++",TRUE
6285,"A",300,0,965,63.2133333333333,3,TRUE,86.57,2,0,300,0,1,1488,86.57,5451,0,"C++",TRUE
6286,"A",300,0,966,68.3133333333333,2,TRUE,94.74,1,300,0,0,1,6605,94.74,6342,0.000999999999997669,"C++",TRUE
6287,"A",300,0,967,24.0466666666667,2,TRUE,37.7633333333333,1,300,0,0,0,2306,37.7633333333333,2397,0,"C++",TRUE
6288,"A",300,0,968,105.503333333333,3,TRUE,121.59,2,0,300,0,1,3948,121.59,8142,0,"C++",TRUE
6289,"A",300,0,969,92.5033333333333,1,TRUE,95.5766666666667,3,0,0,300,1,2024,95.5766666666667,6635,0.00100000000000477,"C++",TRUE
6290,"A",300,0,970,146.916666666667,2,TRUE,171.98,1,300,0,0,2,4622,171.98,12723,0,"C++",TRUE
6291,"A",300,0,971,51.3166666666667,2,TRUE,82.5333333333333,1,300,0,0,1,4051,82.5333333333333,5206,0.000999999999997669,"C++",TRUE
6292,"A",300,0,972,67.5133333333333,2,TRUE,86.1633333333333,1,300,0,0,1,3258,86.1633333333333,6109,0,"C++",TRUE
6293,"A",300,0,973,81.2866666666667,2,TRUE,103.953333333333,1,300,0,0,1,3101,103.953333333333,7517,0,"C++",TRUE
6294,"A",300,0,974,112.726666666667,2,TRUE,150.623333333333,1,300,0,0,2,6752,150.623333333333,9834,0.000999999999997669,"C++",TRUE
6295,"A",300,0,975,69.89,3,TRUE,87.7533333333333,2,0,300,0,0,0,87.7533333333333,6109,0,"C++",TRUE
6296,"A",300,0,976,51.7866666666667,2,TRUE,72.2766666666667,1,300,0,0,1,2292,72.2766666666667,4821,0.00100000000000477,"C++",TRUE
6297,"A",300,0,977,42.3466666666667,2,TRUE,84.91,1,300,0,0,1,6410,84.91,4228,0,"C++",TRUE
6298,"A",300,0,978,71.5166666666667,2,TRUE,87.7766666666667,1,300,0,0,1,182,87.7766666666667,6672,0,"C++",TRUE
6299,"A",300,0,979,47.46,2,TRUE,73.8833333333333,1,300,0,0,1,3422,73.8833333333333,4867,0,"C++",TRUE
6300,"A",300,0,980,64.99,2,TRUE,99.2233333333333,1,300,0,0,1,7493,99.2233333333333,6322,0.000999999999997669,"C++",TRUE
6301,"A",300,0,981,43.7666666666667,3,TRUE,64.5366666666667,2,0,300,0,0,0,64.5366666666667,3989,0,"C++",TRUE
6302,"A",300,0,982,26.5333333333333,2,TRUE,38.7733333333333,1,300,0,0,0,1789,38.7733333333333,2467,0,"C++",TRUE
6303,"A",300,0,983,65.9933333333333,3,TRUE,81.49,2,0,300,0,1,2115,81.49,5261,0.000999999999997669,"C++",TRUE
6304,"A",300,0,984,67.23,2,TRUE,93.63,1,300,0,0,1,3764,93.63,5964,0,"C++",TRUE
6305,"A",300,0,985,36.4833333333333,2,TRUE,53.4433333333333,1,300,0,0,0,2073,53.4433333333333,3599,0,"C++",TRUE
6306,"A",300,0,986,66.4333333333333,2,TRUE,78.7066666666667,1,300,0,0,1,2853,78.7066666666667,5777,0,"C++",TRUE
6307,"A",300,0,987,40.0066666666667,2,TRUE,56.2333333333333,1,300,0,0,1,2535,56.2333333333333,3486,0.00100000000000477,"C++",TRUE
6308,"A",300,0,988,71.7333333333333,2,TRUE,105.296666666667,1,300,0,0,1,4948,105.296666666667,6664,0,"C++",TRUE
6309,"A",300,0,989,28.8833333333333,2,TRUE,51.47,1,300,0,0,0,1398,51.47,3275,0,"C++",TRUE
6310,"A",300,0,990,110.713333333333,2,TRUE,139.653333333333,1,300,0,0,2,7101,139.653333333333,10070,0.000999999999997669,"C++",TRUE
6311,"A",300,0,991,48.0666666666667,2,TRUE,68.8833333333333,1,300,0,0,1,1996,68.8833333333333,4232,0,"C++",TRUE
6312,"A",300,0,992,96.6466666666667,2,TRUE,129.693333333333,1,300,0,0,1,6378,129.693333333333,9002,0.000999999999997669,"C++",TRUE
6313,"A",300,0,993,53.09,2,TRUE,80.18,1,300,0,0,1,3278,80.18,5369,0,"C++",TRUE
6314,"A",300,0,994,63.7233333333333,2,TRUE,111.59,1,300,0,0,1,8835,111.59,5990,0,"C++",TRUE
6315,"A",300,0,995,41.2266666666667,3,TRUE,59.6666666666667,2,0,300,0,0,1277,59.6666666666667,3563,0,"C++",TRUE
6316,"A",300,0,996,67.2466666666667,2,TRUE,97.2,1,300,0,0,1,7177,97.2,6415,0.00100000000000477,"C++",TRUE
6317,"A",300,0,997,48.15,2,TRUE,56.2,1,300,0,0,1,1154,56.2,3979,0,"C++",TRUE
6318,"A",300,0,998,36.45,2,TRUE,58.4,1,300,0,0,1,2663,58.4,3539,0,"C++",TRUE
6319,"A",300,0,999,57.9266666666667,2,TRUE,92.1966666666667,1,300,0,0,1,5519,92.1966666666667,5444,0,"C++",TRUE
6320,"A",300,0,1000,42.36,1,TRUE,52.6133333333333,3,0,0,300,1,2060,52.6133333333333,3155,0.000999999999997669,"C++",TRUE
6321,"A",100,0,1,28.52,3,TRUE,48.78,2,0,100,0,0,30,48.78,953,0,"C++",TRUE
6322,"A",100,0,2,47.97,2,TRUE,63.01,1,100,0,0,1,876,63.01,1606,0,"C++",TRUE
6323,"A",100,0,3,33.59,2,TRUE,50.3,1,100,0,0,1,1118,50.3,1161,0,"C++",TRUE
6324,"A",100,0,4,10.91,2,TRUE,33.83,1,100,0,0,0,266,33.83,595,0,"C++",TRUE
6325,"A",100,0,5,67.13,2,TRUE,83.5,1,100,0,0,1,657,83.5,2181,0,"C++",TRUE
6326,"A",100,0,6,19.98,1,TRUE,26.45,3,0,0,100,1,497,26.45,497,0,"C++",TRUE
6327,"A",100,0,7,39.16,3,TRUE,58.68,2,0,100,0,0,31,58.68,1200,0,"C++",TRUE
6328,"A",100,0,8,14.35,3,TRUE,25.18,2,0,100,0,0,0,25.18,526,0,"C++",TRUE
6329,"A",100,0,9,11.79,3,TRUE,27.48,2,0,100,0,0,0,27.48,468,0,"C++",TRUE
6330,"A",100,0,10,41.1,2,TRUE,59.01,1,100,0,0,1,1637,59.01,1547,0,"C++",TRUE
6331,"A",100,0,11,35.87,2,TRUE,61.45,1,100,0,0,1,1994,61.45,1250,0,"C++",TRUE
6332,"A",100,0,12,74.09,2,TRUE,135.89,1,100,0,0,1,4787,135.89,2370,0.000999999999997669,"C++",TRUE
6333,"A",100,0,13,47.43,3,TRUE,64.81,2,0,100,0,0,0,64.81,1649,0,"C++",TRUE
6334,"A",100,0,14,28.24,2,TRUE,58.02,1,100,0,0,1,929,58.02,1002,0,"C++",TRUE
6335,"A",100,0,15,12.27,2,TRUE,50.51,1,100,0,0,0,1666,50.51,969,0,"C++",TRUE
6336,"A",100,0,16,23.57,1,TRUE,28.63,3,0,0,100,1,820,28.63,585,0,"C++",TRUE
6337,"A",100,0,17,38.87,3,TRUE,56.34,2,0,100,0,0,0,56.34,1266,0,"C++",TRUE
6338,"A",100,0,18,11.63,3,TRUE,26.93,2,0,100,0,0,0,26.93,389,0,"C++",TRUE
6339,"A",100,0,19,29.59,2,TRUE,52.46,1,100,0,0,1,860,52.46,1167,0,"C++",TRUE
6340,"A",100,0,20,7.26,2,TRUE,16.74,1,100,0,0,0,0,16.74,374,0,"C++",TRUE
6341,"A",100,0,21,24.53,2,TRUE,34.53,1,100,0,0,0,544,34.53,799,0,"C++",TRUE
6342,"A",100,0,22,20.44,3,TRUE,30.49,2,0,100,0,0,0,30.49,565,0,"C++",TRUE
6343,"A",100,0,23,28.95,2,TRUE,37.73,1,100,0,0,0,1190,37.73,884,0,"C++",TRUE
6344,"A",100,0,24,19.34,3,TRUE,31.93,2,0,100,0,0,0,31.93,607,0,"C++",TRUE
6345,"A",100,0,25,27.57,2,TRUE,46.73,1,100,0,0,0,1032,46.73,990,0,"C++",TRUE
6346,"A",100,0,26,14.98,3,TRUE,23.9,2,0,100,0,0,0,23.9,468,0,"C++",TRUE
6347,"A",100,0,27,23.87,3,TRUE,44.82,2,0,100,0,0,96,44.82,929,0,"C++",TRUE
6348,"A",100,0,28,32.98,3,TRUE,48.07,2,0,100,0,0,493,48.07,983,0.00100000000000477,"C++",TRUE
6349,"A",100,0,29,75.33,2,TRUE,85.74,1,100,0,0,1,1694,85.74,2086,0,"C++",TRUE
6350,"A",100,0,30,68.46,2,TRUE,88.21,1,100,0,0,1,681,88.21,2009,0,"C++",TRUE
6351,"A",100,0,31,28.53,3,TRUE,60.6,2,0,100,0,0,0,60.6,1054,0,"C++",TRUE
6352,"A",100,0,32,12.46,3,TRUE,36.59,2,0,100,0,0,0,36.59,596,0,"C++",TRUE
6353,"A",100,0,33,6.86,2,TRUE,20.53,1,100,0,0,0,212,20.53,366,0,"C++",TRUE
6354,"A",100,0,34,36.84,3,TRUE,60.66,2,0,100,0,0,0,60.66,1177,0,"C++",TRUE
6355,"A",100,0,35,32.53,2,TRUE,41.57,1,100,0,0,0,0,41.57,1028,0,"C++",TRUE
6356,"A",100,0,36,25.57,2,TRUE,51.62,1,100,0,0,1,1225,51.62,1134,0,"C++",TRUE
6357,"A",100,0,37,34.02,3,TRUE,43.51,2,0,100,0,0,0,43.51,798,0,"C++",TRUE
6358,"A",100,0,38,64.46,2,TRUE,112.16,1,100,0,0,1,4745,112.16,2118,0,"C++",TRUE
6359,"A",100,0,39,22.45,3,TRUE,42.28,2,0,100,0,0,0,42.28,838,0,"C++",TRUE
6360,"A",100,0,40,36.67,3,TRUE,48.45,2,0,100,0,0,10,48.45,941,0,"C++",TRUE
6361,"A",100,0,41,30.89,3,TRUE,44.66,2,0,100,0,0,0,44.66,1070,0,"C++",TRUE
6362,"A",100,0,42,21.1,3,TRUE,43.9,2,0,100,0,0,343,43.9,876,0,"C++",TRUE
6363,"A",100,0,43,25.32,3,TRUE,46.81,2,0,100,0,0,0,46.81,859,0,"C++",TRUE
6364,"A",100,0,44,28.67,3,TRUE,42.46,2,0,100,0,0,0,42.46,924,0,"C++",TRUE
6365,"A",100,0,45,31.18,2,TRUE,73.89,1,100,0,0,1,3041,73.89,1300,0,"C++",TRUE
6366,"A",100,0,46,25.54,1,TRUE,36.38,3,0,0,100,1,615,36.38,702,0,"C++",TRUE
6367,"A",100,0,47,30.36,2,TRUE,42.39,1,100,0,0,0,441,42.39,942,0,"C++",TRUE
6368,"A",100,0,48,35.93,3,TRUE,50.09,2,0,100,0,0,0,50.09,1268,0,"C++",TRUE
6369,"A",100,0,49,14.86,3,TRUE,24.81,2,0,100,0,0,0,24.81,455,0,"C++",TRUE
6370,"A",100,0,50,35.54,2,TRUE,52.32,1,100,0,0,1,660,52.32,1220,0,"C++",TRUE
6371,"A",100,0,51,54.35,2,TRUE,68.69,1,100,0,0,1,895,68.69,1578,0,"C++",TRUE
6372,"A",100,0,52,37.52,2,TRUE,60.67,1,100,0,0,1,1964,60.67,1266,0,"C++",TRUE
6373,"A",100,0,53,20.14,3,TRUE,40.28,2,0,100,0,0,0,40.28,840,0,"C++",TRUE
6374,"A",100,0,54,27.94,3,TRUE,56.96,2,0,100,0,0,0,56.96,974,0,"C++",TRUE
6375,"A",100,0,55,31.04,2,TRUE,61.37,1,100,0,0,1,1512,61.37,1058,0,"C++",TRUE
6376,"A",100,0,56,73.41,2,TRUE,91.8,1,100,0,0,1,440,91.8,2345,0.000999999999997669,"C++",TRUE
6377,"A",100,0,57,27.19,2,TRUE,47.32,1,100,0,0,0,926,47.32,998,0,"C++",TRUE
6378,"A",100,0,58,34.87,3,TRUE,68.87,2,0,100,0,0,51,68.87,1196,0,"C++",TRUE
6379,"A",100,0,59,23.84,2,TRUE,27.48,1,100,0,0,0,167,27.48,639,0,"C++",TRUE
6380,"A",100,0,60,24.64,2,TRUE,40.82,1,100,0,0,1,1543,40.82,891,0,"C++",TRUE
6381,"A",100,0,61,14.85,3,TRUE,29.58,2,0,100,0,0,0,29.58,581,0,"C++",TRUE
6382,"A",100,0,62,12.63,3,TRUE,38.26,2,0,100,0,0,0,38.26,532,0,"C++",TRUE
6383,"A",100,0,63,27.19,2,TRUE,46.38,1,100,0,0,1,364,46.38,911,0,"C++",TRUE
6384,"A",100,0,64,30.73,3,TRUE,35.33,2,0,100,0,0,0,35.33,880,0,"C++",TRUE
6385,"A",100,0,65,46.98,2,TRUE,68.22,1,100,0,0,1,827,68.22,1543,0,"C++",TRUE
6386,"A",100,0,66,55.77,3,TRUE,74.5,2,0,100,0,0,1,74.5,1739,0,"C++",TRUE
6387,"A",100,0,67,30.57,3,TRUE,58.86,2,0,100,0,0,0,58.86,1175,0,"C++",TRUE
6388,"A",100,0,68,30.24,2,TRUE,52.67,1,100,0,0,1,1854,52.67,1168,0,"C++",TRUE
6389,"A",100,0,69,21.46,2,TRUE,33.57,1,100,0,0,0,296,33.57,664,0,"C++",TRUE
6390,"A",100,0,70,22.78,3,TRUE,32.22,2,0,100,0,0,0,32.22,703,0.00100000000000477,"C++",TRUE
6391,"A",100,0,71,51.54,2,TRUE,66.23,1,100,0,0,1,1058,66.23,1511,0,"C++",TRUE
6392,"A",100,0,72,11.54,3,TRUE,30.93,2,0,100,0,0,0,30.93,488,0,"C++",TRUE
6393,"A",100,0,73,59.92,2,TRUE,107.07,1,100,0,0,1,3577,107.07,1895,0,"C++",TRUE
6394,"A",100,0,74,47.52,3,TRUE,71.62,2,0,100,0,0,0,71.62,1502,0,"C++",TRUE
6395,"A",100,0,75,30.06,2,TRUE,54.7,1,100,0,0,0,1093,54.7,1270,0,"C++",TRUE
6396,"A",100,0,76,29.75,2,TRUE,41.29,1,100,0,0,1,819,41.29,935,0,"C++",TRUE
6397,"A",100,0,77,25.58,3,TRUE,35.79,2,0,100,0,0,0,35.79,691,0,"C++",TRUE
6398,"A",100,0,78,35.46,1,TRUE,51.32,3,0,0,100,1,925,51.32,912,0,"C++",TRUE
6399,"A",100,0,79,15,2,TRUE,35.1,1,100,0,0,0,288,35.1,643,0,"C++",TRUE
6400,"A",100,0,80,78.45,3,TRUE,88.39,2,0,100,0,1,765,88.39,1927,0,"C++",TRUE
6401,"A",100,0,81,23.7,2,TRUE,54.44,1,100,0,0,1,593,54.44,1039,0,"C++",TRUE
6402,"A",100,0,82,37.45,2,TRUE,44.47,1,100,0,0,1,150,44.47,1109,0,"C++",TRUE
6403,"A",100,0,83,84.91,2,TRUE,102.75,1,100,0,0,2,1340,102.75,2735,0.000999999999997669,"C++",TRUE
6404,"A",100,0,84,26.61,2,TRUE,42.3,1,100,0,0,1,902,42.3,969,0,"C++",TRUE
6405,"A",100,0,85,19.5,3,TRUE,37.66,2,0,100,0,0,0,37.66,658,0,"C++",TRUE
6406,"A",100,0,86,39.13,2,TRUE,62.78,1,100,0,0,1,1138,62.78,1096,0,"C++",TRUE
6407,"A",100,0,87,54.46,3,TRUE,69.84,2,0,100,0,0,0,69.84,1617,0,"C++",TRUE
6408,"A",100,0,88,25.83,1,TRUE,33.69,3,0,0,100,1,798,33.69,584,0,"C++",TRUE
6409,"A",100,0,89,43.37,2,TRUE,54.84,1,100,0,0,1,220,54.84,1247,0,"C++",TRUE
6410,"A",100,0,90,59.69,3,TRUE,77.42,2,0,100,0,0,0,77.42,1825,0,"C++",TRUE
6411,"A",100,0,91,10.48,2,TRUE,21.56,1,100,0,0,0,0,21.56,350,0,"C++",TRUE
6412,"A",100,0,92,37.57,3,TRUE,52.92,2,0,100,0,1,228,52.92,1104,0,"C++",TRUE
6413,"A",100,0,93,16.4,2,TRUE,32.11,1,100,0,0,0,653,32.11,673,0,"C++",TRUE
6414,"A",100,0,94,26.6,3,TRUE,41.86,2,0,100,0,0,0,41.86,784,0,"C++",TRUE
6415,"A",100,0,95,40.39,1,TRUE,52.23,3,0,0,100,1,970,52.23,1046,0,"C++",TRUE
6416,"A",100,0,96,21.77,3,TRUE,45.14,2,0,100,0,0,0,45.14,854,0,"C++",TRUE
6417,"A",100,0,97,34.3,2,TRUE,51.55,1,100,0,0,1,985,51.55,1102,0.000999999999997669,"C++",TRUE
6418,"A",100,0,98,43.64,3,TRUE,46.93,1,100,0,0,0,0,46.93,1061,0,"C++",TRUE
6419,"A",100,0,99,30.64,2,TRUE,46.11,1,100,0,0,0,263,46.11,982,0,"C++",TRUE
6420,"A",100,0,100,21.59,2,TRUE,50.53,1,100,0,0,0,1998,50.53,1084,0,"C++",TRUE
6421,"A",100,0,101,39.86,2,TRUE,53.31,3,0,0,100,1,2036,53.31,1037,0,"C++",TRUE
6422,"A",100,0,102,20.73,2,TRUE,29.12,1,100,0,0,0,0,29.12,693,0,"C++",TRUE
6423,"A",100,0,103,33.94,2,TRUE,35.92,3,0,0,100,1,791,35.92,795,0,"C++",TRUE
6424,"A",100,0,104,37.59,2,TRUE,48.74,1,100,0,0,0,912,48.74,1218,0,"C++",TRUE
6425,"A",100,0,105,35.36,3,TRUE,59.17,2,0,100,0,0,165,59.17,1245,0,"C++",TRUE
6426,"A",100,0,106,32.97,2,TRUE,72.54,1,100,0,0,1,3098,72.54,1219,0,"C++",TRUE
6427,"A",100,0,107,29.33,3,TRUE,49.52,2,0,100,0,0,113,49.52,868,0,"C++",TRUE
6428,"A",100,0,108,12.56,3,TRUE,34.16,2,0,100,0,0,0,34.16,608,0,"C++",TRUE
6429,"A",100,0,109,30.66,2,TRUE,51.47,1,100,0,0,1,1349,51.47,1318,0,"C++",TRUE
6430,"A",100,0,110,19.03,3,TRUE,44.68,2,0,100,0,0,0,44.68,812,0,"C++",TRUE
6431,"A",100,0,111,21.66,3,TRUE,58.27,2,0,100,0,0,0,58.27,911,0,"C++",TRUE
6432,"A",100,0,112,31.33,3,TRUE,50.62,2,0,100,0,0,0,50.62,922,0.00100000000000477,"C++",TRUE
6433,"A",100,0,113,18.18,3,TRUE,21.4,1,100,0,0,0,0,21.4,386,0,"C++",TRUE
6434,"A",100,0,114,54.74,3,TRUE,77.08,2,0,100,0,1,174,77.08,1663,0,"C++",TRUE
6435,"A",100,0,115,25.16,2,TRUE,39.96,1,100,0,0,1,1354,39.96,889,0,"C++",TRUE
6436,"A",100,0,116,17.56,2,TRUE,29.23,1,100,0,0,0,435,29.23,600,0,"C++",TRUE
6437,"A",100,0,117,15.23,2,TRUE,27.78,1,100,0,0,0,0,27.78,567,0,"C++",TRUE
6438,"A",100,0,118,18.77,3,TRUE,32.9,2,0,100,0,0,0,32.9,703,0,"C++",TRUE
6439,"A",100,0,119,16.59,3,TRUE,39.55,2,0,100,0,0,0,39.55,706,0,"C++",TRUE
6440,"A",100,0,120,30.05,2,TRUE,48.45,1,100,0,0,1,482,48.45,1176,0,"C++",TRUE
6441,"A",100,0,121,28.2,3,TRUE,44.56,2,0,100,0,0,41,44.56,755,0,"C++",TRUE
6442,"A",100,0,122,74.72,1,TRUE,81.58,3,0,0,100,1,1783,81.58,1913,0,"C++",TRUE
6443,"A",100,0,123,11.58,2,TRUE,21.33,1,100,0,0,0,274,21.33,462,0,"C++",TRUE
6444,"A",100,0,124,53.01,3,TRUE,66.58,2,0,100,0,0,0,66.58,1549,0,"C++",TRUE
6445,"A",100,0,125,25.19,2,TRUE,49.7,1,100,0,0,0,2076,49.7,1130,0,"C++",TRUE
6446,"A",100,0,126,34.42,3,TRUE,46.25,2,0,100,0,0,0,46.25,964,0,"C++",TRUE
6447,"A",100,0,127,71.42,3,TRUE,100.4,2,0,100,0,1,439,100.4,2064,0.000999999999997669,"C++",TRUE
6448,"A",100,0,128,27.05,2,TRUE,51.62,1,100,0,0,1,1052,51.62,1113,0,"C++",TRUE
6449,"A",100,0,129,12.94,3,TRUE,40.08,2,0,100,0,0,2,40.08,586,0,"C++",TRUE
6450,"A",100,0,130,39.25,2,TRUE,46.81,1,100,0,0,1,149,46.81,1203,0,"C++",TRUE
6451,"A",100,0,131,29.32,2,TRUE,39.28,1,100,0,0,0,0,39.28,955,0,"C++",TRUE
6452,"A",100,0,132,31.74,2,TRUE,66.85,1,100,0,0,1,2150,66.85,1230,0,"C++",TRUE
6453,"A",100,0,133,25.11,2,TRUE,42.84,1,100,0,0,0,18,42.84,930,0,"C++",TRUE
6454,"A",100,0,134,28.04,3,TRUE,49.31,2,0,100,0,0,0,49.31,971,0,"C++",TRUE
6455,"A",100,0,135,17.89,2,TRUE,29.53,1,100,0,0,0,0,29.53,531,0,"C++",TRUE
6456,"A",100,0,136,26.86,3,TRUE,49.32,2,0,100,0,0,0,49.32,981,0,"C++",TRUE
6457,"A",100,0,137,62.44,2,TRUE,81.79,1,100,0,0,1,1083,81.79,1955,0,"C++",TRUE
6458,"A",100,0,138,27.91,1,TRUE,36.4,3,0,0,100,1,999,36.4,657,0,"C++",TRUE
6459,"A",100,0,139,23.39,3,TRUE,41.42,2,0,100,0,0,0,41.42,851,0,"C++",TRUE
6460,"A",100,0,140,16,2,TRUE,24.58,1,100,0,0,0,39,24.58,444,0,"C++",TRUE
6461,"A",100,0,141,17.89,3,TRUE,44.13,2,0,100,0,0,0,44.13,860,0,"C++",TRUE
6462,"A",100,0,142,44.45,3,TRUE,66.36,2,0,100,0,0,0,66.36,1549,0.000999999999997669,"C++",TRUE
6463,"A",100,0,143,63.06,2,TRUE,71.16,1,100,0,0,1,470,71.16,1818,0,"C++",TRUE
6464,"A",100,0,144,20.5,1,TRUE,36.66,3,0,0,100,1,714,36.66,633,0,"C++",TRUE
6465,"A",100,0,145,40.68,2,TRUE,70.81,1,100,0,0,1,1402,70.81,1326,0,"C++",TRUE
6466,"A",100,0,146,23.37,3,TRUE,53.15,2,0,100,0,0,0,53.15,963,0,"C++",TRUE
6467,"A",100,0,147,17.26,3,TRUE,27.97,2,0,100,0,0,0,27.97,601,0,"C++",TRUE
6468,"A",100,0,148,16.69,2,TRUE,42.91,1,100,0,0,0,866,42.91,869,0,"C++",TRUE
6469,"A",100,0,149,49.93,1,TRUE,58.6,3,0,0,100,1,511,58.6,1276,0,"C++",TRUE
6470,"A",100,0,150,47.12,2,TRUE,84.02,1,100,0,0,1,1985,84.02,1654,0,"C++",TRUE
6471,"A",100,0,151,17.27,3,TRUE,22.57,2,0,100,0,0,0,22.57,405,0,"C++",TRUE
6472,"A",100,0,152,67.61,2,TRUE,97.92,1,100,0,0,1,2378,97.92,2174,0,"C++",TRUE
6473,"A",100,0,153,19.22,3,TRUE,31.35,2,0,100,0,0,0,31.35,659,0,"C++",TRUE
6474,"A",100,0,154,44.82,2,TRUE,56.48,1,100,0,0,1,19,56.48,1463,0,"C++",TRUE
6475,"A",100,0,155,25.09,3,TRUE,42.56,2,0,100,0,0,0,42.56,688,0.00100000000000477,"C++",TRUE
6476,"A",100,0,156,29.01,3,TRUE,37.82,2,0,100,0,0,0,37.82,815,0,"C++",TRUE
6477,"A",100,0,157,22.62,3,TRUE,31.49,2,0,100,0,0,0,31.49,702,0,"C++",TRUE
6478,"A",100,0,158,31.58,2,TRUE,42.6,1,100,0,0,0,165,42.6,1061,0,"C++",TRUE
6479,"A",100,0,159,23.32,3,TRUE,39.06,2,0,100,0,0,0,39.06,808,0,"C++",TRUE
6480,"A",100,0,160,33.57,3,TRUE,48.04,2,0,100,0,0,102,48.04,1118,0,"C++",TRUE
6481,"A",100,0,161,40.27,3,TRUE,52.28,2,0,100,0,1,842,52.28,1171,0,"C++",TRUE
6482,"A",100,0,162,37.54,2,TRUE,59.34,1,100,0,0,1,797,59.34,1268,0,"C++",TRUE
6483,"A",100,0,163,41.52,2,TRUE,57.05,1,100,0,0,1,194,57.05,1484,0,"C++",TRUE
6484,"A",100,0,164,20.39,3,TRUE,40.2,2,0,100,0,0,0,40.2,726,0,"C++",TRUE
6485,"A",100,0,165,22.16,2,TRUE,42.42,1,100,0,0,0,863,42.42,896,0,"C++",TRUE
6486,"A",100,0,166,44.32,2,TRUE,63.39,1,100,0,0,1,1047,63.39,1323,0,"C++",TRUE
6487,"A",100,0,167,31.55,2,TRUE,41.84,1,100,0,0,1,182,41.84,979,0,"C++",TRUE
6488,"A",100,0,168,32.55,1,TRUE,46.99,3,0,0,100,1,674,46.99,1035,0,"C++",TRUE
6489,"A",100,0,169,42.25,2,TRUE,63.77,1,100,0,0,1,772,63.77,1482,0,"C++",TRUE
6490,"A",100,0,170,43.69,2,TRUE,49.33,1,100,0,0,1,259,49.33,1164,0.000999999999997669,"C++",TRUE
6491,"A",100,0,171,20.15,3,TRUE,36.54,2,0,100,0,0,0,36.54,661,0,"C++",TRUE
6492,"A",100,0,172,25.8,2,TRUE,40.77,1,100,0,0,0,0,40.77,855,0,"C++",TRUE
6493,"A",100,0,173,37.53,2,TRUE,58.8,1,100,0,0,1,2026,58.8,1193,0,"C++",TRUE
6494,"A",100,0,174,29.07,2,TRUE,47.77,1,100,0,0,1,19,47.77,1006,0,"C++",TRUE
6495,"A",100,0,175,27.34,2,TRUE,55.37,1,100,0,0,1,1953,55.37,1016,0,"C++",TRUE
6496,"A",100,0,176,41.61,3,TRUE,51.69,2,0,100,0,0,0,51.69,1332,0,"C++",TRUE
6497,"A",100,0,177,87.34,3,TRUE,99.84,2,0,100,0,0,0,99.84,2525,0,"C++",TRUE
6498,"A",100,0,178,30.39,2,TRUE,45.64,1,100,0,0,1,1320,45.64,972,0,"C++",TRUE
6499,"A",100,0,179,31.28,2,TRUE,55.63,1,100,0,0,1,1321,55.63,1087,0,"C++",TRUE
6500,"A",100,0,180,43.62,3,TRUE,53.17,2,0,100,0,0,0,53.17,1086,0,"C++",TRUE
6501,"A",100,0,181,62.64,1,TRUE,64.89,3,0,0,100,1,761,64.89,1618,0,"C++",TRUE
6502,"A",100,0,182,13.07,3,TRUE,32.81,2,0,100,0,0,0,32.81,556,0,"C++",TRUE
6503,"A",100,0,183,49.37,2,TRUE,70.65,1,100,0,0,1,556,70.65,1675,0.000999999999997669,"C++",TRUE
6504,"A",100,0,184,17.01,3,TRUE,36.88,2,0,100,0,0,0,36.88,729,0,"C++",TRUE
6505,"A",100,0,185,11.93,2,TRUE,12.78,1,100,0,0,0,0,12.78,219,0,"C++",TRUE
6506,"A",100,0,186,18.62,3,TRUE,29.01,2,0,100,0,0,0,29.01,556,0,"C++",TRUE
6507,"A",100,0,187,28.55,1,TRUE,41.33,3,0,0,100,1,796,41.33,795,0,"C++",TRUE
6508,"A",100,0,188,28.32,2,TRUE,62.69,1,100,0,0,1,1413,62.69,1100,0,"C++",TRUE
6509,"A",100,0,189,30.52,2,TRUE,75.89,1,100,0,0,1,3106,75.89,1378,0,"C++",TRUE
6510,"A",100,0,190,18.23,3,TRUE,45.77,2,0,100,0,0,0,45.77,732,0,"C++",TRUE
6511,"A",100,0,191,12.44,2,TRUE,25.2,1,100,0,0,0,4,25.2,493,0,"C++",TRUE
6512,"A",100,0,192,14.59,3,TRUE,30.42,2,0,100,0,0,0,30.42,617,0,"C++",TRUE
6513,"A",100,0,193,55.96,2,TRUE,91.87,1,100,0,0,2,2804,91.87,1890,0,"C++",TRUE
6514,"A",100,0,194,13.07,3,TRUE,26.12,2,0,100,0,0,0,26.12,501,0,"C++",TRUE
6515,"A",100,0,195,54.93,2,TRUE,81.28,1,100,0,0,1,1971,81.28,1564,0,"C++",TRUE
6516,"A",100,0,196,25.76,2,TRUE,37.33,1,100,0,0,0,0,37.33,896,0,"C++",TRUE
6517,"A",100,0,197,20.95,2,TRUE,59.1,1,100,0,0,0,1518,59.1,982,0,"C++",TRUE
6518,"A",100,0,198,59.33,2,TRUE,75.53,1,100,0,0,1,1503,75.53,1624,0.00100000000000477,"C++",TRUE
6519,"A",100,0,199,19.23,2,TRUE,30.3,1,100,0,0,0,18,30.3,708,0,"C++",TRUE
6520,"A",100,0,200,43.63,2,TRUE,53.84,1,100,0,0,1,180,53.84,1363,0,"C++",TRUE
6521,"A",100,0,201,37.92,3,TRUE,49,2,0,100,0,0,0,49,1275,0,"C++",TRUE
6522,"A",100,0,202,48.47,2,TRUE,64.32,1,100,0,0,1,668,64.32,1290,0,"C++",TRUE
6523,"A",100,0,203,42.89,2,TRUE,63.18,1,100,0,0,1,1408,63.18,1465,0,"C++",TRUE
6524,"A",100,0,204,25.58,3,TRUE,48.59,2,0,100,0,0,0,48.59,1018,0,"C++",TRUE
6525,"A",100,0,205,27.11,2,TRUE,35.71,1,100,0,0,0,72,35.71,870,0,"C++",TRUE
6526,"A",100,0,206,22.7,3,TRUE,44.05,2,0,100,0,0,27,44.05,828,0,"C++",TRUE
6527,"A",100,0,207,34.49,2,TRUE,64.96,1,100,0,0,1,2700,64.96,1252,0,"C++",TRUE
6528,"A",100,0,208,37.92,2,TRUE,54.76,1,100,0,0,0,0,54.76,1323,0,"C++",TRUE
6529,"A",100,0,209,30.84,2,TRUE,39.8,1,100,0,0,1,141,39.8,928,0,"C++",TRUE
6530,"A",100,0,210,23.07,3,TRUE,42.2,2,0,100,0,0,0,42.2,768,0,"C++",TRUE
6531,"A",100,0,211,14.65,3,TRUE,42.97,2,0,100,0,0,0,42.97,632,0,"C++",TRUE
6532,"A",100,0,212,75.86,1,TRUE,80.19,3,0,0,100,1,728,80.19,2144,0.000999999999997669,"C++",TRUE
6533,"A",100,0,213,32.71,3,TRUE,69.58,2,0,100,0,0,68,69.58,1421,0,"C++",TRUE
6534,"A",100,0,214,56.77,3,TRUE,75.02,2,0,100,0,1,349,75.02,1849,0,"C++",TRUE
6535,"A",100,0,215,31.62,2,TRUE,45.6,1,100,0,0,1,921,45.6,1070,0,"C++",TRUE
6536,"A",100,0,216,26.92,2,TRUE,44.16,1,100,0,0,1,703,44.16,931,0,"C++",TRUE
6537,"A",100,0,217,37.01,1,TRUE,45.74,3,0,0,100,1,829,45.74,908,0,"C++",TRUE
6538,"A",100,0,218,18.41,3,TRUE,55.07,2,0,100,0,0,0,55.07,765,0,"C++",TRUE
6539,"A",100,0,219,17.31,3,TRUE,37.38,2,0,100,0,0,0,37.38,743,0,"C++",TRUE
6540,"A",100,0,220,39.94,3,TRUE,47.72,2,0,100,0,0,0,47.72,1288,0,"C++",TRUE
6541,"A",100,0,221,13.17,3,TRUE,40.42,2,0,100,0,0,0,40.42,599,0,"C++",TRUE
6542,"A",100,0,222,31.9,2,TRUE,47.26,1,100,0,0,0,744,47.26,1053,0,"C++",TRUE
6543,"A",100,0,223,17.58,3,TRUE,43.44,2,0,100,0,0,0,43.44,629,0,"C++",TRUE
6544,"A",100,0,224,33.26,3,TRUE,37.37,2,0,100,0,0,0,37.37,938,0,"C++",TRUE
6545,"A",100,0,225,33.97,3,TRUE,50.55,2,0,100,0,0,3,50.55,1088,0,"C++",TRUE
6546,"A",100,0,226,38.24,3,TRUE,62.02,2,0,100,0,0,0,62.02,1291,0.000999999999997669,"C++",TRUE
6547,"A",100,0,227,46.63,2,TRUE,65.35,1,100,0,0,1,727,65.35,1630,0,"C++",TRUE
6548,"A",100,0,228,28.98,2,TRUE,48.84,1,100,0,0,1,891,48.84,1123,0,"C++",TRUE
6549,"A",100,0,229,28.38,2,TRUE,68.22,1,100,0,0,1,2529,68.22,1236,0,"C++",TRUE
6550,"A",100,0,230,87.91,2,TRUE,112.82,1,100,0,0,2,2267,112.82,2484,0,"C++",TRUE
6551,"A",100,0,231,29.29,2,TRUE,61.83,1,100,0,0,1,1336,61.83,1200,0,"C++",TRUE
6552,"A",100,0,232,32.22,2,TRUE,43.59,1,100,0,0,1,852,43.59,944,0,"C++",TRUE
6553,"A",100,0,233,24.58,2,TRUE,61.36,1,100,0,0,1,2568,61.36,1253,0,"C++",TRUE
6554,"A",100,0,234,28.77,2,TRUE,45.83,1,100,0,0,0,317,45.83,941,0,"C++",TRUE
6555,"A",100,0,235,62.92,2,TRUE,84.04,1,100,0,0,2,1894,84.04,1976,0,"C++",TRUE
6556,"A",100,0,236,17.17,3,TRUE,23.76,2,0,100,0,0,0,23.76,466,0,"C++",TRUE
6557,"A",100,0,237,25.96,2,TRUE,52.06,1,100,0,0,1,1223,52.06,1015,0,"C++",TRUE
6558,"A",100,0,238,77.05,3,TRUE,93.05,2,0,100,0,1,730,93.05,2390,0.00100000000000477,"C++",TRUE
6559,"A",100,0,239,31.92,2,TRUE,70.06,1,100,0,0,1,2551,70.06,1138,0,"C++",TRUE
6560,"A",100,0,240,10.68,2,TRUE,24.37,1,100,0,0,0,0,24.37,447,0,"C++",TRUE
6561,"A",100,0,241,42.52,2,TRUE,51.72,1,100,0,0,1,390,51.72,1275,0,"C++",TRUE
6562,"A",100,0,242,51.33,3,TRUE,67.53,2,0,100,0,0,472,67.53,1464,0,"C++",TRUE
6563,"A",100,0,243,36.61,1,TRUE,41.3,3,0,0,100,1,706,41.3,865,0,"C++",TRUE
6564,"A",100,0,244,12.34,3,TRUE,44.3,2,0,100,0,0,0,44.3,570,0,"C++",TRUE
6565,"A",100,0,245,31.82,2,TRUE,48.15,1,100,0,0,1,341,48.15,1090,0,"C++",TRUE
6566,"A",100,0,246,22.67,1,TRUE,30.6,3,0,0,100,1,529,30.6,613,0,"C++",TRUE
6567,"A",100,0,247,31.64,2,TRUE,47.12,3,0,0,100,1,2151,47.12,830,0,"C++",TRUE
6568,"A",100,0,248,58.85,3,TRUE,98.52,2,0,100,0,0,0,98.52,1753,0,"C++",TRUE
6569,"A",100,0,249,33.18,1,TRUE,40.38,3,0,0,100,1,621,40.38,1013,0,"C++",TRUE
6570,"A",100,0,250,50.13,3,TRUE,63.17,2,0,100,0,1,430,63.17,1363,0,"C++",TRUE
6571,"A",100,0,251,31.15,2,TRUE,46.74,1,100,0,0,0,107,46.74,1088,0.000999999999997669,"C++",TRUE
6572,"A",100,0,252,20.27,2,TRUE,36.16,1,100,0,0,0,670,36.16,812,0,"C++",TRUE
6573,"A",100,0,253,26.53,3,TRUE,54.97,2,0,100,0,0,0,54.97,1009,0,"C++",TRUE
6574,"A",100,0,254,23.49,2,TRUE,65.74,1,100,0,0,1,3654,65.74,1120,0,"C++",TRUE
6575,"A",100,0,255,17.4,2,TRUE,34.57,1,100,0,0,1,895,34.57,729,0,"C++",TRUE
6576,"A",100,0,256,13.47,3,TRUE,28.32,2,0,100,0,0,0,28.32,540,0,"C++",TRUE
6577,"A",100,0,257,28.44,2,TRUE,40.04,1,100,0,0,0,0,40.04,956,0,"C++",TRUE
6578,"A",100,0,258,21.39,2,TRUE,54.23,1,100,0,0,1,2998,54.23,953,0,"C++",TRUE
6579,"A",100,0,259,39.91,3,TRUE,75.79,2,0,100,0,0,647,75.79,1346,0,"C++",TRUE
6580,"A",100,0,260,18.53,1,TRUE,42.9,3,0,0,100,1,604,42.9,607,0,"C++",TRUE
6581,"A",100,0,261,11.73,1,TRUE,12.05,2,0,100,0,0,0,12.05,252,0,"C++",TRUE
6582,"A",100,0,262,30.64,3,TRUE,61.26,2,0,100,0,1,462,61.26,1115,0,"C++",TRUE
6583,"A",100,0,263,37.24,2,TRUE,46.43,1,100,0,0,0,0,46.43,1219,0,"C++",TRUE
6584,"A",100,0,264,20.49,2,TRUE,39.26,1,100,0,0,0,939,39.26,857,0,"C++",TRUE
6585,"A",100,0,265,19.64,2,TRUE,33.4,1,100,0,0,0,351,33.4,630,0,"C++",TRUE
6586,"A",100,0,266,31.13,2,TRUE,56.85,1,100,0,0,1,1573,56.85,1099,0,"C++",TRUE
6587,"A",100,0,267,25.42,2,TRUE,42.96,3,0,0,100,1,2381,42.96,511,0,"C++",TRUE
6588,"A",100,0,268,37.9,3,TRUE,49.59,2,0,100,0,0,0,49.59,1150,0.000999999999997669,"C++",TRUE
6589,"A",100,0,269,54.13,2,TRUE,82.1,1,100,0,0,1,1599,82.1,1839,0,"C++",TRUE
6590,"A",100,0,270,33.28,2,TRUE,50.34,1,100,0,0,1,1321,50.34,1063,0,"C++",TRUE
6591,"A",100,0,271,44.88,2,TRUE,76.43,1,100,0,0,1,2448,76.43,1428,0,"C++",TRUE
6592,"A",100,0,272,39.25,3,TRUE,53.47,2,0,100,0,0,0,53.47,1248,0,"C++",TRUE
6593,"A",100,0,273,16.56,2,TRUE,34.34,1,100,0,0,0,1082,34.34,708,0,"C++",TRUE
6594,"A",100,0,274,18.91,2,TRUE,44.02,1,100,0,0,1,1360,44.02,892,0,"C++",TRUE
6595,"A",100,0,275,27.48,3,TRUE,47.68,2,0,100,0,0,0,47.68,977,0,"C++",TRUE
6596,"A",100,0,276,20.18,3,TRUE,38.56,2,0,100,0,0,0,38.56,592,0,"C++",TRUE
6597,"A",100,0,277,34.88,2,TRUE,53.04,1,100,0,0,0,1275,53.04,1336,0,"C++",TRUE
6598,"A",100,0,278,23.18,2,TRUE,44.52,1,100,0,0,1,1796,44.52,1040,0,"C++",TRUE
6599,"A",100,0,279,70.61,3,TRUE,83.74,2,0,100,0,1,306,83.74,1902,0,"C++",TRUE
6600,"A",100,0,280,27.93,3,TRUE,45.1,2,0,100,0,0,0,45.1,907,0,"C++",TRUE
6601,"A",100,0,281,11.53,3,TRUE,14.8,2,0,100,0,0,0,14.8,317,0,"C++",TRUE
6602,"A",100,0,282,14.69,2,TRUE,27.11,1,100,0,0,0,347,27.11,571,0.00100000000000477,"C++",TRUE
6603,"A",100,0,283,25.8,2,TRUE,50.18,1,100,0,0,0,631,50.18,955,0,"C++",TRUE
6604,"A",100,0,284,72.19,2,TRUE,116.66,1,100,0,0,1,2275,116.66,2476,0,"C++",TRUE
6605,"A",100,0,285,36.31,1,TRUE,45.62,3,0,0,100,1,681,45.62,942,0,"C++",TRUE
6606,"A",100,0,286,37.51,2,TRUE,41.66,3,0,0,100,1,811,41.66,1022,0,"C++",TRUE
6607,"A",100,0,287,28.08,2,TRUE,44.97,1,100,0,0,1,42,44.97,928,0,"C++",TRUE
6608,"A",100,0,288,45.38,3,TRUE,53.14,2,0,100,0,0,0,53.14,1312,0,"C++",TRUE
6609,"A",100,0,289,63.98,1,TRUE,72.18,3,0,0,100,1,550,72.18,1758,0,"C++",TRUE
6610,"A",100,0,290,37.27,3,TRUE,54.89,2,0,100,0,0,523,54.89,1306,0,"C++",TRUE
6611,"A",100,0,291,25.46,3,TRUE,30.57,2,0,100,0,0,0,30.57,785,0,"C++",TRUE
6612,"A",100,0,292,33.44,2,TRUE,62.9,1,100,0,0,1,1285,62.9,1415,0,"C++",TRUE
6613,"A",100,0,293,14.01,3,TRUE,22.85,2,0,100,0,0,0,22.85,531,0,"C++",TRUE
6614,"A",100,0,294,15.45,3,TRUE,28.86,2,0,100,0,0,0,28.86,663,0,"C++",TRUE
6615,"A",100,0,295,15.27,3,TRUE,26.67,2,0,100,0,0,0,26.67,472,0,"C++",TRUE
6616,"A",100,0,296,51.21,2,TRUE,64.81,1,100,0,0,1,1345,64.81,1574,0.000999999999997669,"C++",TRUE
6617,"A",100,0,297,18.19,3,TRUE,34.99,2,0,100,0,0,0,34.99,545,0,"C++",TRUE
6618,"A",100,0,298,13.64,3,TRUE,34.25,2,0,100,0,0,0,34.25,529,0,"C++",TRUE
6619,"A",100,0,299,13.44,3,TRUE,40.66,2,0,100,0,0,0,40.66,595,0,"C++",TRUE
6620,"A",100,0,300,22.05,2,TRUE,43.06,1,100,0,0,0,246,43.06,664,0,"C++",TRUE
6621,"A",100,0,301,44.52,2,TRUE,50.95,1,100,0,0,1,165,50.95,1267,0,"C++",TRUE
6622,"A",100,0,302,28.89,3,TRUE,49.48,2,0,100,0,0,0,49.48,1109,0,"C++",TRUE
6623,"A",100,0,303,42.12,3,TRUE,43.57,2,0,100,0,0,15,43.57,1042,0,"C++",TRUE
6624,"A",100,0,304,22.11,2,TRUE,31.16,1,100,0,0,0,12,31.16,788,0,"C++",TRUE
6625,"A",100,0,305,25.5,3,TRUE,44.62,2,0,100,0,0,105,44.62,950,0,"C++",TRUE
6626,"A",100,0,306,52.66,2,TRUE,76.1,1,100,0,0,1,1572,76.1,1741,0,"C++",TRUE
6627,"A",100,0,307,30.93,3,TRUE,46.49,2,0,100,0,0,0,46.49,921,0,"C++",TRUE
6628,"A",100,0,308,33.48,1,TRUE,38.77,3,0,0,100,1,636,38.77,897,0,"C++",TRUE
6629,"A",100,0,309,10.69,2,TRUE,39.52,1,100,0,0,0,1340,39.52,731,0,"C++",TRUE
6630,"A",100,0,310,22.55,2,TRUE,54.62,1,100,0,0,1,2094,54.62,903,0,"C++",TRUE
6631,"A",100,0,311,38.84,3,TRUE,58.31,2,0,100,0,0,0,58.31,1181,0.000999999999997669,"C++",TRUE
6632,"A",100,0,312,45.16,2,TRUE,69,1,100,0,0,1,1151,69,1534,0,"C++",TRUE
6633,"A",100,0,313,20.88,3,TRUE,21.66,2,0,100,0,0,0,21.66,451,0,"C++",TRUE
6634,"A",100,0,314,26.04,1,TRUE,33.16,3,0,0,100,1,487,33.16,701,0,"C++",TRUE
6635,"A",100,0,315,59.6,2,TRUE,95.2,1,100,0,0,1,1,95.2,2150,0,"C++",TRUE
6636,"A",100,0,316,56.82,2,TRUE,81.35,1,100,0,0,1,1575,81.35,1790,0,"C++",TRUE
6637,"A",100,0,317,51.17,2,TRUE,62.54,1,100,0,0,1,801,62.54,1508,0,"C++",TRUE
6638,"A",100,0,318,53.18,2,TRUE,66.6,1,100,0,0,1,387,66.6,1610,0,"C++",TRUE
6639,"A",100,0,319,70.48,2,TRUE,91.42,1,100,0,0,1,1226,91.42,2340,0,"C++",TRUE
6640,"A",100,0,320,41.06,2,TRUE,55.85,1,100,0,0,0,120,55.85,1326,0,"C++",TRUE
6641,"A",100,0,321,35.11,3,TRUE,70.71,2,0,100,0,0,77,70.71,1241,0,"C++",TRUE
6642,"A",100,0,322,33.14,2,TRUE,45.54,1,100,0,0,1,874,45.54,1008,0.00100000000000477,"C++",TRUE
6643,"A",100,0,323,24.98,1,TRUE,29.05,3,0,0,100,0,998,29.05,636,0,"C++",TRUE
6644,"A",100,0,324,18.51,2,TRUE,20.32,1,100,0,0,0,0,20.32,497,0,"C++",TRUE
6645,"A",100,0,325,31.7,1,TRUE,37.22,3,0,0,100,1,527,37.22,777,0,"C++",TRUE
6646,"A",100,0,326,47.68,1,TRUE,47.82,3,0,0,100,1,621,47.82,1151,0,"C++",TRUE
6647,"A",100,0,327,40.16,2,TRUE,51.94,1,100,0,0,1,729,51.94,1196,0,"C++",TRUE
6648,"A",100,0,328,9.63,2,TRUE,27.36,1,100,0,0,0,24,27.36,531,0,"C++",TRUE
6649,"A",100,0,329,20.61,3,TRUE,42.86,2,0,100,0,0,0,42.86,721,0,"C++",TRUE
6650,"A",100,0,330,22.53,3,TRUE,47.26,2,0,100,0,0,0,47.26,784,0,"C++",TRUE
6651,"A",100,0,331,32.55,3,TRUE,69.65,2,0,100,0,0,0,69.65,1347,0,"C++",TRUE
6652,"A",100,0,332,25.17,3,TRUE,52.23,2,0,100,0,0,466,52.23,874,0,"C++",TRUE
6653,"A",100,0,333,35.42,2,TRUE,51.7,1,100,0,0,1,763,51.7,1187,0,"C++",TRUE
6654,"A",100,0,334,39.95,3,TRUE,49.11,2,0,100,0,0,307,49.11,988,0,"C++",TRUE
6655,"A",100,0,335,14.86,2,TRUE,22.21,1,100,0,0,0,0,22.21,500,0,"C++",TRUE
6656,"A",100,0,336,20.75,3,TRUE,57.11,2,0,100,0,0,0,57.11,868,0,"C++",TRUE
6657,"A",100,0,337,45.11,1,TRUE,65.87,3,0,0,100,1,690,65.87,1129,0,"C++",TRUE
6658,"A",100,0,338,11.65,2,TRUE,30.64,1,100,0,0,0,0,30.64,600,0,"C++",TRUE
6659,"A",100,0,339,29.09,2,TRUE,46.92,1,100,0,0,1,1242,46.92,1052,0.000999999999997669,"C++",TRUE
6660,"A",100,0,340,22.86,2,TRUE,37.77,1,100,0,0,0,0,37.77,711,0,"C++",TRUE
6661,"A",100,0,341,110.92,2,TRUE,126.38,1,100,0,0,3,1566,126.38,2800,0,"C++",TRUE
6662,"A",100,0,342,31.13,2,TRUE,49.8,1,100,0,0,1,1452,49.8,1090,0,"C++",TRUE
6663,"A",100,0,343,34.45,2,TRUE,46.1,1,100,0,0,1,504,46.1,1191,0,"C++",TRUE
6664,"A",100,0,344,56.69,2,TRUE,129.67,1,100,0,0,1,4103,129.67,2285,0,"C++",TRUE
6665,"A",100,0,345,24.99,2,TRUE,49.53,1,100,0,0,1,1388,49.53,1037,0,"C++",TRUE
6666,"A",100,0,346,88.15,2,TRUE,110.16,1,100,0,0,1,1603,110.16,2764,0,"C++",TRUE
6667,"A",100,0,347,34.56,1,TRUE,44.4,3,0,0,100,1,823,44.4,861,0,"C++",TRUE
6668,"A",100,0,348,24.57,3,TRUE,36.2,2,0,100,0,0,0,36.2,779,0,"C++",TRUE
6669,"A",100,0,349,72.68,1,TRUE,85.8,3,0,0,100,1,1263,85.8,1902,0,"C++",TRUE
6670,"A",100,0,350,33.91,2,TRUE,54.1,1,100,0,0,0,15,54.1,1018,0.000999999999997669,"C++",TRUE
6671,"A",100,0,351,27,3,TRUE,44.96,2,0,100,0,0,0,44.96,1001,0,"C++",TRUE
6672,"A",100,0,352,56.02,2,TRUE,58.53,1,100,0,0,1,648,58.53,1307,0,"C++",TRUE
6673,"A",100,0,353,50.54,3,TRUE,54.25,2,0,100,0,0,0,54.25,1354,0,"C++",TRUE
6674,"A",100,0,354,27.73,2,TRUE,44.78,1,100,0,0,1,974,44.78,1036,0,"C++",TRUE
6675,"A",100,0,355,57.85,3,TRUE,74.63,2,0,100,0,1,216,74.63,1671,0,"C++",TRUE
6676,"A",100,0,356,44.96,3,TRUE,64.87,2,0,100,0,1,553,64.87,1350,0,"C++",TRUE
6677,"A",100,0,357,59.34,2,TRUE,84.68,1,100,0,0,1,1858,84.68,1566,0,"C++",TRUE
6678,"A",100,0,358,17.57,3,TRUE,28.39,2,0,100,0,0,0,28.39,527,0,"C++",TRUE
6679,"A",100,0,359,45.26,2,TRUE,52.44,1,100,0,0,1,904,52.44,1457,0,"C++",TRUE
6680,"A",100,0,360,28.43,2,TRUE,55.07,1,100,0,0,1,1327,55.07,1009,0,"C++",TRUE
6681,"A",100,0,361,48.12,1,TRUE,54.02,3,0,0,100,1,701,54.02,1176,0,"C++",TRUE
6682,"A",100,0,362,26.16,2,TRUE,37.82,1,100,0,0,0,21,37.82,950,0.00100000000000477,"C++",TRUE
6683,"A",100,0,363,30.5,3,TRUE,55.19,2,0,100,0,0,0,55.19,1048,0,"C++",TRUE
6684,"A",100,0,364,29.84,3,TRUE,48.73,2,0,100,0,0,0,48.73,1013,0,"C++",TRUE
6685,"A",100,0,365,12.83,2,TRUE,33.67,1,100,0,0,0,0,33.67,653,0,"C++",TRUE
6686,"A",100,0,366,43.39,1,TRUE,47.58,3,0,0,100,1,526,47.58,1140,0,"C++",TRUE
6687,"A",100,0,367,14.91,2,TRUE,24.49,1,100,0,0,0,0,24.49,327,0,"C++",TRUE
6688,"A",100,0,368,7.92,3,TRUE,21.62,2,0,100,0,0,0,21.62,434,0,"C++",TRUE
6689,"A",100,0,369,55.54,2,TRUE,86.14,1,100,0,0,1,756,86.14,1777,0,"C++",TRUE
6690,"A",100,0,370,39.38,2,TRUE,70.84,1,100,0,0,1,1132,70.84,1386,0,"C++",TRUE
6691,"A",100,0,371,17.55,3,TRUE,31.11,2,0,100,0,0,0,31.11,561,0,"C++",TRUE
6692,"A",100,0,372,21.31,3,TRUE,31.34,2,0,100,0,0,0,31.34,572,0,"C++",TRUE
6693,"A",100,0,373,52.22,2,TRUE,67.12,1,100,0,0,1,687,67.12,1607,0,"C++",TRUE
6694,"A",100,0,374,17.25,2,TRUE,23.13,1,100,0,0,0,0,23.13,363,0,"C++",TRUE
6695,"A",100,0,375,23.29,2,TRUE,40.73,1,100,0,0,0,935,40.73,886,0,"C++",TRUE
6696,"A",100,0,376,50.37,3,TRUE,68.02,2,0,100,0,0,0,68.02,1509,0,"C++",TRUE
6697,"A",100,0,377,16.91,3,TRUE,29.82,2,0,100,0,0,0,29.82,589,0,"C++",TRUE
6698,"A",100,0,378,27.1,3,TRUE,33.48,2,0,100,0,0,0,33.48,700,0,"C++",TRUE
6699,"A",100,0,379,13.99,3,TRUE,33.1,2,0,100,0,0,0,33.1,530,0.000999999999997669,"C++",TRUE
6700,"A",100,0,380,31.4,3,TRUE,48.84,2,0,100,0,0,0,48.84,1026,0,"C++",TRUE
6701,"A",100,0,381,42.29,1,TRUE,46.21,3,0,0,100,1,515,46.21,974,0,"C++",TRUE
6702,"A",100,0,382,28.81,2,TRUE,43.12,1,100,0,0,0,819,43.12,840,0,"C++",TRUE
6703,"A",100,0,383,25.99,2,TRUE,31.64,1,100,0,0,0,67,31.64,720,0,"C++",TRUE
6704,"A",100,0,384,56.35,2,TRUE,73.96,1,100,0,0,1,724,73.96,1936,0,"C++",TRUE
6705,"A",100,0,385,26.77,2,TRUE,46.76,1,100,0,0,1,1549,46.76,1095,0,"C++",TRUE
6706,"A",100,0,386,48.59,2,TRUE,62.73,1,100,0,0,1,546,62.73,1549,0,"C++",TRUE
6707,"A",100,0,387,29.9,1,TRUE,34.27,3,0,0,100,1,733,34.27,798,0,"C++",TRUE
6708,"A",100,0,388,42.36,2,TRUE,79.98,1,100,0,0,1,2761,79.98,1409,0,"C++",TRUE
6709,"A",100,0,389,30.66,3,TRUE,50.29,2,0,100,0,0,0,50.29,1025,0,"C++",TRUE
6710,"A",100,0,390,6.32,3,TRUE,19.39,2,0,100,0,0,0,19.39,314,0,"C++",TRUE
6711,"A",100,0,391,27.93,2,TRUE,36.65,1,100,0,0,0,0,36.65,729,0,"C++",TRUE
6712,"A",100,0,392,24.76,3,TRUE,33.43,2,0,100,0,0,58,33.43,756,0,"C++",TRUE
6713,"A",100,0,393,33.49,2,TRUE,56.63,1,100,0,0,1,1308,56.63,1183,0,"C++",TRUE
6714,"A",100,0,394,32.38,2,TRUE,59.24,1,100,0,0,0,773,59.24,1141,0.000999999999997669,"C++",TRUE
6715,"A",100,0,395,27.64,2,TRUE,53.43,1,100,0,0,1,2039,53.43,1145,0,"C++",TRUE
6716,"A",100,0,396,31.55,2,TRUE,60.7,1,100,0,0,1,290,60.7,1033,0,"C++",TRUE
6717,"A",100,0,397,44.21,2,TRUE,78.32,1,100,0,0,1,2164,78.32,1511,0,"C++",TRUE
6718,"A",100,0,398,44.23,2,TRUE,57.53,1,100,0,0,1,570,57.53,1443,0,"C++",TRUE
6719,"A",100,0,399,38.97,3,TRUE,58.32,2,0,100,0,0,0,58.32,960,0,"C++",TRUE
6720,"A",100,0,400,39.44,2,TRUE,68.7,1,100,0,0,1,995,68.7,1600,0,"C++",TRUE
6721,"A",100,0,401,27.44,1,TRUE,36.92,3,0,0,100,1,521,36.92,716,0,"C++",TRUE
6722,"A",100,0,402,32.25,1,TRUE,41.06,3,0,0,100,1,812,41.06,957,0,"C++",TRUE
6723,"A",100,0,403,64.59,3,TRUE,75,2,0,100,0,0,0,75,2043,0,"C++",TRUE
6724,"A",100,0,404,16.82,3,TRUE,24.13,2,0,100,0,0,0,24.13,565,0,"C++",TRUE
6725,"A",100,0,405,14.21,3,TRUE,19.46,2,0,100,0,0,0,19.46,406,0,"C++",TRUE
6726,"A",100,0,406,18.04,2,TRUE,42.98,1,100,0,0,0,1575,42.98,852,0,"C++",TRUE
6727,"A",100,0,407,51.73,2,TRUE,77.69,1,100,0,0,0,0,77.69,1786,0.00100000000000477,"C++",TRUE
6728,"A",100,0,408,21.75,2,TRUE,46.39,1,100,0,0,0,892,46.39,926,0,"C++",TRUE
6729,"A",100,0,409,44.72,2,TRUE,66.37,1,100,0,0,1,1501,66.37,1330,0,"C++",TRUE
6730,"A",100,0,410,29.59,3,TRUE,39.64,2,0,100,0,0,0,39.64,733,0,"C++",TRUE
6731,"A",100,0,411,36.53,2,TRUE,50.2,1,100,0,0,1,649,50.2,1156,0,"C++",TRUE
6732,"A",100,0,412,39.47,3,TRUE,63.62,2,0,100,0,0,0,63.62,1293,0,"C++",TRUE
6733,"A",100,0,413,42.33,2,TRUE,48.18,1,100,0,0,0,0,48.18,1193,0,"C++",TRUE
6734,"A",100,0,414,21.11,3,TRUE,40.6,2,0,100,0,0,0,40.6,792,0,"C++",TRUE
6735,"A",100,0,415,24.36,3,TRUE,40.25,2,0,100,0,0,0,40.25,851,0,"C++",TRUE
6736,"A",100,0,416,19.83,3,TRUE,29.43,2,0,100,0,0,0,29.43,490,0,"C++",TRUE
6737,"A",100,0,417,47.38,1,TRUE,57.34,3,0,0,100,1,960,57.34,1399,0,"C++",TRUE
6738,"A",100,0,418,38.31,3,TRUE,48.4,2,0,100,0,0,0,48.4,1139,0,"C++",TRUE
6739,"A",100,0,419,30.41,2,TRUE,36.75,1,100,0,0,1,463,36.75,863,0,"C++",TRUE
6740,"A",100,0,420,7.84,3,TRUE,17.05,2,0,100,0,0,0,17.05,337,0,"C++",TRUE
6741,"A",100,0,421,13.25,3,TRUE,32.7,2,0,100,0,0,0,32.7,625,0,"C++",TRUE
6742,"A",100,0,422,25.34,1,TRUE,34.56,3,0,0,100,1,674,34.56,600,0,"C++",TRUE
6743,"A",100,0,423,22.07,2,TRUE,37,1,100,0,0,0,935,37,859,0,"C++",TRUE
6744,"A",100,0,424,24.12,2,TRUE,41.99,1,100,0,0,1,902,41.99,890,0,"C++",TRUE
6745,"A",100,0,425,31.37,2,TRUE,52.06,1,100,0,0,1,1479,52.06,1187,0,"C++",TRUE
6746,"A",100,0,426,17.25,2,TRUE,36.16,1,100,0,0,0,667,36.16,852,0,"C++",TRUE
6747,"A",100,0,427,20.75,2,TRUE,43.92,1,100,0,0,1,1349,43.92,992,0,"C++",TRUE
6748,"A",100,0,428,12.61,2,TRUE,21.78,1,100,0,0,0,0,21.78,386,0,"C++",TRUE
6749,"A",100,0,429,22.71,2,TRUE,47.6,1,100,0,0,1,1570,47.6,958,0,"C++",TRUE
6750,"A",100,0,430,22.14,2,TRUE,26.89,3,0,0,100,0,964,26.89,623,0,"C++",TRUE
6751,"A",100,0,431,39.95,2,TRUE,57.32,1,100,0,0,1,1137,57.32,1327,0,"C++",TRUE
6752,"A",100,0,432,27.53,2,TRUE,58.29,1,100,0,0,1,3164,58.29,1094,0,"C++",TRUE
6753,"A",100,0,433,40.46,2,TRUE,60.89,1,100,0,0,0,1322,60.89,1426,0,"C++",TRUE
6754,"A",100,0,434,39.05,1,TRUE,47.38,3,0,0,100,1,903,47.38,996,0,"C++",TRUE
6755,"A",100,0,435,21.86,3,TRUE,34.96,2,0,100,0,0,0,34.96,671,0,"C++",TRUE
6756,"A",100,0,436,6.16,3,TRUE,24.72,2,0,100,0,0,0,24.72,363,0,"C++",TRUE
6757,"A",100,0,437,27.33,1,TRUE,35.68,3,0,0,100,1,570,35.68,918,0,"C++",TRUE
6758,"A",100,0,438,26.39,3,TRUE,52.95,2,0,100,0,0,209,52.95,923,0,"C++",TRUE
6759,"A",100,0,439,16.03,3,TRUE,19.22,2,0,100,0,0,0,19.22,457,0.000999999999997669,"C++",TRUE
6760,"A",100,0,440,33.56,2,TRUE,47.43,1,100,0,0,1,461,47.43,969,0,"C++",TRUE
6761,"A",100,0,441,20.21,2,TRUE,32.59,1,100,0,0,0,706,32.59,785,0,"C++",TRUE
6762,"A",100,0,442,29.74,2,TRUE,44.85,1,100,0,0,1,1353,44.85,926,0,"C++",TRUE
6763,"A",100,0,443,20.16,3,TRUE,41.5,2,0,100,0,0,0,41.5,749,0,"C++",TRUE
6764,"A",100,0,444,65.61,1,TRUE,75,3,0,0,100,1,582,75,1935,0,"C++",TRUE
6765,"A",100,0,445,27.22,3,TRUE,46.84,2,0,100,0,0,0,46.84,1012,0,"C++",TRUE
6766,"A",100,0,446,31.72,2,TRUE,88.59,1,100,0,0,1,4651,88.59,1498,0,"C++",TRUE
6767,"A",100,0,447,27.94,3,TRUE,41.59,2,0,100,0,0,0,41.59,1050,0,"C++",TRUE
6768,"A",100,0,448,26.37,3,TRUE,47.79,2,0,100,0,0,0,47.79,780,0,"C++",TRUE
6769,"A",100,0,449,25.74,3,TRUE,32.89,2,0,100,0,0,0,32.89,804,0,"C++",TRUE
6770,"A",100,0,450,82.9,3,TRUE,115.25,2,0,100,0,1,816,115.25,2548,0,"C++",TRUE
6771,"A",100,0,451,31.11,1,TRUE,42.53,3,0,0,100,1,656,42.53,909,0,"C++",TRUE
6772,"A",100,0,452,85.31,2,TRUE,106.79,1,100,0,0,1,1488,106.79,2604,0.00100000000000477,"C++",TRUE
6773,"A",100,0,453,56.21,3,TRUE,79.38,2,0,100,0,1,676,79.38,1423,0,"C++",TRUE
6774,"A",100,0,454,33.38,2,TRUE,49.01,1,100,0,0,1,1263,49.01,1158,0,"C++",TRUE
6775,"A",100,0,455,20.69,2,TRUE,35.46,1,100,0,0,1,989,35.46,722,0,"C++",TRUE
6776,"A",100,0,456,40.69,2,TRUE,61.05,1,100,0,0,1,1746,61.05,1456,0,"C++",TRUE
6777,"A",100,0,457,65.81,3,TRUE,83,2,0,100,0,1,2,83,2027,0,"C++",TRUE
6778,"A",100,0,458,51.42,3,TRUE,81.33,2,0,100,0,1,456,81.33,1645,0,"C++",TRUE
6779,"A",100,0,459,37.84,2,TRUE,51.42,1,100,0,0,1,443,51.42,1291,0,"C++",TRUE
6780,"A",100,0,460,27.25,1,TRUE,28.28,3,0,0,100,1,417,28.28,596,0,"C++",TRUE
6781,"A",100,0,461,18.07,2,TRUE,26.84,1,100,0,0,0,6,26.84,692,0,"C++",TRUE
6782,"A",100,0,462,42.93,2,TRUE,63.37,1,100,0,0,1,640,63.37,1481,0,"C++",TRUE
6783,"A",100,0,463,32.88,2,TRUE,59.57,1,100,0,0,1,1429,59.57,1282,0,"C++",TRUE
6784,"A",100,0,464,39.31,2,TRUE,54.59,1,100,0,0,1,991,54.59,1283,0.000999999999997669,"C++",TRUE
6785,"A",100,0,465,17.8,2,TRUE,33.5,1,100,0,0,0,884,33.5,658,0,"C++",TRUE
6786,"A",100,0,466,36.65,2,TRUE,50.92,1,100,0,0,1,1438,50.92,1274,0,"C++",TRUE
6787,"A",100,0,467,22.24,3,TRUE,35.78,2,0,100,0,0,0,35.78,800,0,"C++",TRUE
6788,"A",100,0,468,16.38,1,TRUE,23.21,3,0,0,100,1,554,23.21,518,0,"C++",TRUE
6789,"A",100,0,469,34.08,1,TRUE,46.63,3,0,0,100,1,559,46.63,817,0,"C++",TRUE
6790,"A",100,0,470,21.03,2,TRUE,36,1,100,0,0,0,879,36,865,0,"C++",TRUE
6791,"A",100,0,471,39.96,3,TRUE,64.82,2,0,100,0,0,0,64.82,1242,0,"C++",TRUE
6792,"A",100,0,472,14.93,3,TRUE,36.86,2,0,100,0,0,0,36.86,512,0,"C++",TRUE
6793,"A",100,0,473,14.8,2,TRUE,25.92,1,100,0,0,0,1059,25.92,569,0,"C++",TRUE
6794,"A",100,0,474,14.82,3,TRUE,38.1,2,0,100,0,0,0,38.1,546,0,"C++",TRUE
6795,"A",100,0,475,9.49,3,TRUE,29.8,2,0,100,0,0,0,29.8,447,0,"C++",TRUE
6796,"A",100,0,476,17.46,2,TRUE,38.41,1,100,0,0,0,619,38.41,768,0,"C++",TRUE
6797,"A",100,0,477,16.8,2,TRUE,35.05,1,100,0,0,0,0,35.05,615,0,"C++",TRUE
6798,"A",100,0,478,37.92,3,TRUE,42.01,2,0,100,0,0,0,42.01,999,0,"C++",TRUE
6799,"A",100,0,479,28.01,2,TRUE,42.72,1,100,0,0,1,933,42.72,961,0,"C++",TRUE
6800,"A",100,0,480,50.18,1,TRUE,70.72,3,0,0,100,1,872,70.72,1471,0,"C++",TRUE
6801,"A",100,0,481,19.92,2,TRUE,30.85,1,100,0,0,1,705,30.85,707,0.000999999999997669,"C++",TRUE
6802,"A",100,0,482,68.63,2,TRUE,78.05,1,100,0,0,1,1056,78.05,1846,0,"C++",TRUE
6803,"A",100,0,483,14.93,2,TRUE,34.58,1,100,0,0,0,498,34.58,673,0,"C++",TRUE
6804,"A",100,0,484,24.77,2,TRUE,26.25,3,0,0,100,1,706,26.25,567,0,"C++",TRUE
6805,"A",100,0,485,24.41,2,TRUE,30.24,1,100,0,0,0,151,30.24,757,0,"C++",TRUE
6806,"A",100,0,486,23.31,2,TRUE,40.96,1,100,0,0,0,783,40.96,1005,0,"C++",TRUE
6807,"A",100,0,487,22.75,3,TRUE,50.89,2,0,100,0,0,6,50.89,898,0,"C++",TRUE
6808,"A",100,0,488,15.78,3,TRUE,29.83,2,0,100,0,0,0,29.83,601,0,"C++",TRUE
6809,"A",100,0,489,37.58,3,TRUE,44.71,2,0,100,0,0,10,44.71,918,0,"C++",TRUE
6810,"A",100,0,490,33.52,2,TRUE,84.52,1,100,0,0,1,3902,84.52,1406,0,"C++",TRUE
6811,"A",100,0,491,35.66,3,TRUE,40.99,2,0,100,0,0,0,40.99,819,0,"C++",TRUE
6812,"A",100,0,492,14.08,3,TRUE,46.48,2,0,100,0,0,0,46.48,834,0,"C++",TRUE
6813,"A",100,0,493,12.51,3,TRUE,24.65,2,0,100,0,0,0,24.65,430,0,"C++",TRUE
6814,"A",100,0,494,40.79,3,TRUE,56.4,2,0,100,0,1,531,56.4,1286,0,"C++",TRUE
6815,"A",100,0,495,20.32,3,TRUE,33.08,2,0,100,0,0,0,33.08,670,0,"C++",TRUE
6816,"A",100,0,496,32.44,3,TRUE,59.82,2,0,100,0,0,316,59.82,1205,0,"C++",TRUE
6817,"A",100,0,497,23.08,3,TRUE,37.07,2,0,100,0,0,0,37.07,739,0,"C++",TRUE
6818,"A",100,0,498,67.41,2,TRUE,68.28,3,0,0,100,1,826,68.28,1674,0.00100000000000477,"C++",TRUE
6819,"A",100,0,499,14.19,3,TRUE,27.51,2,0,100,0,0,0,27.51,514,0,"C++",TRUE
6820,"A",100,0,500,46.82,3,TRUE,61.04,2,0,100,0,1,158,61.04,1405,0,"C++",TRUE
6821,"A",100,0,501,40.31,3,TRUE,44.48,2,0,100,0,0,0,44.48,1184,0,"C++",TRUE
6822,"A",100,0,502,26.06,2,TRUE,37.89,1,100,0,0,1,401,37.89,912,0,"C++",TRUE
6823,"A",100,0,503,51.08,3,TRUE,79.38,2,0,100,0,1,23,79.38,1488,0,"C++",TRUE
6824,"A",100,0,504,11.69,2,TRUE,26.87,1,100,0,0,0,115,26.87,537,0,"C++",TRUE
6825,"A",100,0,505,11.5,3,TRUE,40.97,2,0,100,0,0,0,40.97,549,0,"C++",TRUE
6826,"A",100,0,506,31.33,3,TRUE,56.28,2,0,100,0,0,241,56.28,1093,0,"C++",TRUE
6827,"A",100,0,507,37.52,2,TRUE,70.32,1,100,0,0,1,2387,70.32,1358,0,"C++",TRUE
6828,"A",100,0,508,34.03,3,TRUE,56.86,2,0,100,0,0,0,56.86,1107,0,"C++",TRUE
6829,"A",100,0,509,18.89,3,TRUE,40.34,2,0,100,0,0,0,40.34,656,0,"C++",TRUE
6830,"A",100,0,510,25.84,2,TRUE,37.74,1,100,0,0,0,180,37.74,925,0,"C++",TRUE
6831,"A",100,0,511,41.13,3,TRUE,60.95,2,0,100,0,0,277,60.95,1161,0,"C++",TRUE
6832,"A",100,0,512,41.7,2,TRUE,80.51,1,100,0,0,1,1812,80.51,1428,0.000999999999997669,"C++",TRUE
6833,"A",100,0,513,26.34,3,TRUE,43.34,2,0,100,0,0,50,43.34,927,0,"C++",TRUE
6834,"A",100,0,514,23.75,3,TRUE,32.45,2,0,100,0,0,0,32.45,662,0,"C++",TRUE
6835,"A",100,0,515,24.55,3,TRUE,38.02,2,0,100,0,0,0,38.02,758,0,"C++",TRUE
6836,"A",100,0,516,41.28,2,TRUE,77.67,1,100,0,0,1,1508,77.67,1229,0,"C++",TRUE
6837,"A",100,0,517,6.09,2,TRUE,14.95,1,100,0,0,0,0,14.95,329,0,"C++",TRUE
6838,"A",100,0,518,40.83,2,TRUE,63.5,1,100,0,0,1,1941,63.5,1436,0,"C++",TRUE
6839,"A",100,0,519,40.08,2,TRUE,54.53,3,0,0,100,1,1869,54.53,993,0,"C++",TRUE
6840,"A",100,0,520,30.17,2,TRUE,92.31,1,100,0,0,1,3472,92.31,1298,0,"C++",TRUE
6841,"A",100,0,521,47.2,2,TRUE,57.86,1,100,0,0,1,774,57.86,1319,0,"C++",TRUE
6842,"A",100,0,522,32.89,2,TRUE,41.73,1,100,0,0,0,0,41.73,965,0,"C++",TRUE
6843,"A",100,0,523,14.68,2,TRUE,43.22,1,100,0,0,0,370,43.22,616,0,"C++",TRUE
6844,"A",100,0,524,27.52,1,TRUE,32.77,3,0,0,100,1,686,32.77,686,0,"C++",TRUE
6845,"A",100,0,525,27.28,2,TRUE,37.29,1,100,0,0,1,507,37.29,1000,0,"C++",TRUE
6846,"A",100,0,526,20.31,3,TRUE,30.77,2,0,100,0,0,0,30.77,633,0,"C++",TRUE
6847,"A",100,0,527,40.64,3,TRUE,59.42,2,0,100,0,0,34,59.42,1108,0,"C++",TRUE
6848,"A",100,0,528,21.16,2,TRUE,46.05,1,100,0,0,1,2146,46.05,822,0.000999999999997669,"C++",TRUE
6849,"A",100,0,529,47.02,3,TRUE,52.06,2,0,100,0,0,0,52.06,1300,0,"C++",TRUE
6850,"A",100,0,530,55.21,2,TRUE,71.78,1,100,0,0,1,404,71.78,1790,0,"C++",TRUE
6851,"A",100,0,531,90.69,3,TRUE,92.61,2,0,100,0,0,0,92.61,2297,0,"C++",TRUE
6852,"A",100,0,532,55.15,1,TRUE,64.89,3,0,0,100,1,765,64.89,1464,0,"C++",TRUE
6853,"A",100,0,533,51.83,3,TRUE,72.69,2,0,100,0,0,449,72.69,1778,0,"C++",TRUE
6854,"A",100,0,534,37.34,2,TRUE,54.78,1,100,0,0,1,1107,54.78,1158,0,"C++",TRUE
6855,"A",100,0,535,46.28,2,TRUE,71.14,1,100,0,0,0,1844,71.14,1671,0,"C++",TRUE
6856,"A",100,0,536,25.91,3,TRUE,43.17,2,0,100,0,0,0,43.17,1010,0,"C++",TRUE
6857,"A",100,0,537,40.09,1,TRUE,56.93,3,0,0,100,1,577,56.93,1148,0,"C++",TRUE
6858,"A",100,0,538,17.94,2,TRUE,36.36,1,100,0,0,0,130,36.36,639,0,"C++",TRUE
6859,"A",100,0,539,61.35,1,TRUE,75.49,3,0,0,100,1,821,75.49,1744,0.00100000000000477,"C++",TRUE
6860,"A",100,0,540,25.92,1,TRUE,30.18,3,0,0,100,1,733,30.18,658,0,"C++",TRUE
6861,"A",100,0,541,46.39,3,TRUE,59.36,2,0,100,0,0,8,59.36,1504,0,"C++",TRUE
6862,"A",100,0,542,46.36,3,TRUE,67.63,2,0,100,0,1,156,67.63,1330,0,"C++",TRUE
6863,"A",100,0,543,23.3,3,TRUE,48.31,2,0,100,0,0,0,48.31,907,0,"C++",TRUE
6864,"A",100,0,544,25.18,3,TRUE,38.5,2,0,100,0,0,0,38.5,845,0,"C++",TRUE
6865,"A",100,0,545,18.97,2,TRUE,57.71,1,100,0,0,1,2533,57.71,926,0,"C++",TRUE
6866,"A",100,0,546,43.41,1,TRUE,57.19,3,0,0,100,1,734,57.19,1225,0,"C++",TRUE
6867,"A",100,0,547,35.56,2,TRUE,36.62,3,0,0,100,1,850,36.62,762,0,"C++",TRUE
6868,"A",100,0,548,40.45,1,TRUE,48.26,3,0,0,100,1,541,48.26,927,0,"C++",TRUE
6869,"A",100,0,549,40.68,2,TRUE,49.54,1,100,0,0,1,306,49.54,1271,0,"C++",TRUE
6870,"A",100,0,550,29.34,2,TRUE,54.2,1,100,0,0,1,547,54.2,1137,0,"C++",TRUE
6871,"A",100,0,551,32.78,2,TRUE,57.02,1,100,0,0,1,1840,57.02,1173,0,"C++",TRUE
6872,"A",100,0,552,28.45,3,TRUE,37.17,2,0,100,0,0,0,37.17,757,0,"C++",TRUE
6873,"A",100,0,553,24.12,2,TRUE,40.92,1,100,0,0,0,675,40.92,905,0,"C++",TRUE
6874,"A",100,0,554,26.36,2,TRUE,45.08,1,100,0,0,0,842,45.08,975,0.000999999999997669,"C++",TRUE
6875,"A",100,0,555,41.95,2,TRUE,50.59,1,100,0,0,1,80,50.59,1227,0,"C++",TRUE
6876,"A",100,0,556,35.73,2,TRUE,37.21,1,100,0,0,0,0,37.21,807,0,"C++",TRUE
6877,"A",100,0,557,55.42,1,TRUE,58.09,3,0,0,100,1,894,58.09,1463,0,"C++",TRUE
6878,"A",100,0,558,40.93,3,TRUE,54.34,2,0,100,0,1,466,54.34,1149,0,"C++",TRUE
6879,"A",100,0,559,35.12,3,TRUE,51.3,2,0,100,0,0,0,51.3,1170,0,"C++",TRUE
6880,"A",100,0,560,38.05,2,TRUE,47.9,1,100,0,0,0,0,47.9,1177,0,"C++",TRUE
6881,"A",100,0,561,46.54,2,TRUE,67.7,1,100,0,0,1,1000,67.7,1682,0,"C++",TRUE
6882,"A",100,0,562,35.04,2,TRUE,39.97,1,100,0,0,0,162,39.97,1021,0,"C++",TRUE
6883,"A",100,0,563,20.8,3,TRUE,38.92,2,0,100,0,0,0,38.92,894,0,"C++",TRUE
6884,"A",100,0,564,54.9,2,TRUE,82.34,1,100,0,0,2,1300,82.34,1953,0,"C++",TRUE
6885,"A",100,0,565,42.71,3,TRUE,59.84,2,0,100,0,0,772,59.84,1321,0,"C++",TRUE
6886,"A",100,0,566,31.41,3,TRUE,45.83,2,0,100,0,0,0,45.83,975,0.000999999999997669,"C++",TRUE
6887,"A",100,0,567,81.61,3,TRUE,106.23,2,0,100,0,0,0,106.23,2600,0,"C++",TRUE
6888,"A",100,0,568,33.1,2,TRUE,45.84,1,100,0,0,1,1062,45.84,1196,0,"C++",TRUE
6889,"A",100,0,569,67.47,2,TRUE,85.25,1,100,0,0,1,1845,85.25,1956,0,"C++",TRUE
6890,"A",100,0,570,16.75,3,TRUE,25.37,2,0,100,0,0,0,25.37,547,0,"C++",TRUE
6891,"A",100,0,571,36.86,2,TRUE,48.13,1,100,0,0,1,1106,48.13,1211,0,"C++",TRUE
6892,"A",100,0,572,41.26,2,TRUE,55.78,1,100,0,0,0,0,55.78,1166,0,"C++",TRUE
6893,"A",100,0,573,40.72,3,TRUE,55.3,2,0,100,0,1,214,55.3,1285,0,"C++",TRUE
6894,"A",100,0,574,25.32,3,TRUE,42.7,2,0,100,0,0,0,42.7,905,0,"C++",TRUE
6895,"A",100,0,575,53.37,2,TRUE,84.56,1,100,0,0,1,1617,84.56,1513,0,"C++",TRUE
6896,"A",100,0,576,8.82,2,TRUE,21.24,1,100,0,0,0,366,21.24,365,0,"C++",TRUE
6897,"A",100,0,577,30.13,1,TRUE,41.58,3,0,0,100,1,508,41.58,879,0,"C++",TRUE
6898,"A",100,0,578,22.85,1,TRUE,30,3,0,0,100,1,549,30,632,0,"C++",TRUE
6899,"A",100,0,579,17.46,2,TRUE,44.04,1,100,0,0,0,1556,44.04,758,0,"C++",TRUE
6900,"A",100,0,580,36.04,2,TRUE,50.85,1,100,0,0,1,1608,50.85,1002,0.00100000000000477,"C++",TRUE
6901,"A",100,0,581,67.51,2,TRUE,71.24,1,100,0,0,1,1218,71.24,1837,0,"C++",TRUE
6902,"A",100,0,582,27.61,3,TRUE,57.92,2,0,100,0,0,0,57.92,946,0,"C++",TRUE
6903,"A",100,0,583,61.86,1,TRUE,69.65,3,0,0,100,1,520,69.65,1964,0,"C++",TRUE
6904,"A",100,0,584,27.38,3,TRUE,31.31,2,0,100,0,0,0,31.31,659,0,"C++",TRUE
6905,"A",100,0,585,19.37,2,TRUE,41.92,1,100,0,0,1,1276,41.92,710,0,"C++",TRUE
6906,"A",100,0,586,20.94,3,TRUE,38.98,2,0,100,0,0,227,38.98,848,0,"C++",TRUE
6907,"A",100,0,587,14.9,1,TRUE,27.48,3,0,0,100,1,721,27.48,552,0,"C++",TRUE
6908,"A",100,0,588,36.32,3,TRUE,49.13,2,0,100,0,0,0,49.13,1059,0,"C++",TRUE
6909,"A",100,0,589,36.23,2,TRUE,59.06,1,100,0,0,1,723,59.06,1332,0,"C++",TRUE
6910,"A",100,0,590,38.77,2,TRUE,44.1,1,100,0,0,0,113,44.1,1089,0,"C++",TRUE
6911,"A",100,0,591,48.2,2,TRUE,56.49,1,100,0,0,1,392,56.49,1360,0,"C++",TRUE
6912,"A",100,0,592,36.13,2,TRUE,71.5,1,100,0,0,1,2130,71.5,1252,0,"C++",TRUE
6913,"A",100,0,593,37.96,2,TRUE,54.51,1,100,0,0,1,1307,54.51,1184,0.000999999999997669,"C++",TRUE
6914,"A",100,0,594,23.27,2,TRUE,45.59,1,100,0,0,0,857,45.59,1069,0,"C++",TRUE
6915,"A",100,0,595,35.82,2,TRUE,74.34,1,100,0,0,1,2941,74.34,1336,0,"C++",TRUE
6916,"A",100,0,596,30.05,3,TRUE,43.5,2,0,100,0,0,0,43.5,1029,0,"C++",TRUE
6917,"A",100,0,597,37.18,1,TRUE,47.59,3,0,0,100,1,430,47.59,1014,0,"C++",TRUE
6918,"A",100,0,598,16.11,3,TRUE,30.24,2,0,100,0,0,0,30.24,578,0,"C++",TRUE
6919,"A",100,0,599,29.12,2,TRUE,43.28,1,100,0,0,0,0,43.28,969,0,"C++",TRUE
6920,"A",100,0,600,31.31,1,TRUE,41.18,3,0,0,100,1,474,41.18,853,0,"C++",TRUE
6921,"A",100,0,601,31.83,2,TRUE,49.1,1,100,0,0,1,1421,49.1,982,0,"C++",TRUE
6922,"A",100,0,602,21.86,2,TRUE,29.05,1,100,0,0,0,94,29.05,676,0,"C++",TRUE
6923,"A",100,0,603,30.54,2,TRUE,50.08,1,100,0,0,1,651,50.08,1018,0,"C++",TRUE
6924,"A",100,0,604,32.04,2,TRUE,40.17,1,100,0,0,0,200,40.17,987,0,"C++",TRUE
6925,"A",100,0,605,10.38,3,TRUE,22.82,2,0,100,0,0,0,22.82,418,0,"C++",TRUE
6926,"A",100,0,606,36.47,2,TRUE,55.39,1,100,0,0,1,1812,55.39,1184,0,"C++",TRUE
6927,"A",100,0,607,29.51,2,TRUE,48.91,1,100,0,0,1,1491,48.91,1111,0,"C++",TRUE
6928,"A",100,0,608,22.78,2,TRUE,44.64,1,100,0,0,1,985,44.64,964,0,"C++",TRUE
6929,"A",100,0,609,62.46,2,TRUE,80.65,1,100,0,0,1,835,80.65,1870,0.000999999999997669,"C++",TRUE
6930,"A",100,0,610,32.12,1,TRUE,38.67,3,0,0,100,1,782,38.67,830,0,"C++",TRUE
6931,"A",100,0,611,17.01,3,TRUE,32.81,2,0,100,0,0,0,32.81,619,0,"C++",TRUE
6932,"A",100,0,612,22.05,2,TRUE,38.63,1,100,0,0,0,780,38.63,823,0,"C++",TRUE
6933,"A",100,0,613,48.92,2,TRUE,69.2,1,100,0,0,1,1092,69.2,1493,0,"C++",TRUE
6934,"A",100,0,614,39.33,3,TRUE,68.51,2,0,100,0,0,91,68.51,1373,0,"C++",TRUE
6935,"A",100,0,615,23.66,3,TRUE,42.95,2,0,100,0,0,0,42.95,721,0,"C++",TRUE
6936,"A",100,0,616,33.43,2,TRUE,50.27,1,100,0,0,0,314,50.27,1220,0,"C++",TRUE
6937,"A",100,0,617,9,3,TRUE,29.96,2,0,100,0,0,0,29.96,556,0,"C++",TRUE
6938,"A",100,0,618,24.22,3,TRUE,45.58,2,0,100,0,0,0,45.58,807,0,"C++",TRUE
6939,"A",100,0,619,27.01,2,TRUE,40.14,1,100,0,0,1,780,40.14,921,0,"C++",TRUE
6940,"A",100,0,620,26.89,2,TRUE,52.32,1,100,0,0,1,1584,52.32,1103,0,"C++",TRUE
6941,"A",100,0,621,60.08,2,TRUE,93.58,1,100,0,0,1,1819,93.58,1929,0,"C++",TRUE
6942,"A",100,0,622,50.5,2,TRUE,72.25,1,100,0,0,0,1557,72.25,1752,0.000999999999997669,"C++",TRUE
6943,"A",100,0,623,46.13,2,TRUE,48.98,3,0,0,100,1,1227,48.98,982,0,"C++",TRUE
6944,"A",100,0,624,11.75,2,TRUE,24.36,1,100,0,0,0,43,24.36,456,0,"C++",TRUE
6945,"A",100,0,625,46.8,3,TRUE,65.09,2,0,100,0,0,200,65.09,1528,0,"C++",TRUE
6946,"A",100,0,626,37.4,2,TRUE,68.98,1,100,0,0,1,1472,68.98,1385,0,"C++",TRUE
6947,"A",100,0,627,66.03,2,TRUE,90.69,1,100,0,0,1,1516,90.69,2211,0,"C++",TRUE
6948,"A",100,0,628,16.54,3,TRUE,24.29,2,0,100,0,0,0,24.29,468,0,"C++",TRUE
6949,"A",100,0,629,22.87,2,TRUE,39.55,1,100,0,0,0,0,39.55,876,0,"C++",TRUE
6950,"A",100,0,630,28.16,2,TRUE,39.28,1,100,0,0,1,858,39.28,920,0,"C++",TRUE
6951,"A",100,0,631,13.37,1,TRUE,16.69,3,0,0,100,1,603,16.69,381,0,"C++",TRUE
6952,"A",100,0,632,36.8,3,TRUE,57.42,2,0,100,0,0,0,57.42,1105,0,"C++",TRUE
6953,"A",100,0,633,22.17,2,TRUE,39.52,1,100,0,0,1,384,39.52,897,0,"C++",TRUE
6954,"A",100,0,634,24.12,3,TRUE,48.37,2,0,100,0,0,0,48.37,787,0,"C++",TRUE
6955,"A",100,0,635,32.94,2,TRUE,50.41,1,100,0,0,0,36,50.41,1196,0,"C++",TRUE
6956,"A",100,0,636,15.89,3,TRUE,41.1,2,0,100,0,0,0,41.1,750,0,"C++",TRUE
6957,"A",100,0,637,34.97,2,TRUE,42.71,1,100,0,0,0,249,42.71,1138,0.00100000000000477,"C++",TRUE
6958,"A",100,0,638,22.19,3,TRUE,37.16,2,0,100,0,0,0,37.16,705,0,"C++",TRUE
6959,"A",100,0,639,37.06,1,TRUE,39.23,3,0,0,100,1,648,39.23,864,0,"C++",TRUE
6960,"A",100,0,640,23.83,3,TRUE,49.6,2,0,100,0,0,65,49.6,833,0,"C++",TRUE
6961,"A",100,0,641,54.02,3,TRUE,74.05,2,0,100,0,1,14,74.05,1427,0,"C++",TRUE
6962,"A",100,0,642,52.89,2,TRUE,75.09,1,100,0,0,1,1411,75.09,1700,0,"C++",TRUE
6963,"A",100,0,643,17.06,2,TRUE,29.48,1,100,0,0,0,0,29.48,563,0,"C++",TRUE
6964,"A",100,0,644,18.55,2,TRUE,32.14,1,100,0,0,0,854,32.14,692,0,"C++",TRUE
6965,"A",100,0,645,26.91,3,TRUE,40.27,2,0,100,0,0,0,40.27,967,0,"C++",TRUE
6966,"A",100,0,646,17.37,2,TRUE,20.99,1,100,0,0,0,0,20.99,412,0,"C++",TRUE
6967,"A",100,0,647,38,2,TRUE,72.29,1,100,0,0,1,1370,72.29,1365,0,"C++",TRUE
6968,"A",100,0,648,60.16,2,TRUE,81.24,1,100,0,0,1,890,81.24,1972,0,"C++",TRUE
6969,"A",100,0,649,25.31,2,TRUE,46.89,1,100,0,0,0,1157,46.89,1066,0,"C++",TRUE
6970,"A",100,0,650,40.14,2,TRUE,49.87,1,100,0,0,0,0,49.87,1112,0,"C++",TRUE
6971,"A",100,0,651,8.04,2,TRUE,30.67,1,100,0,0,0,0,30.67,365,0,"C++",TRUE
6972,"A",100,0,652,6.68,3,TRUE,21.39,2,0,100,0,0,0,21.39,407,0.000999999999997669,"C++",TRUE
6973,"A",100,0,653,21.39,2,TRUE,41.55,1,100,0,0,0,435,41.55,995,0,"C++",TRUE
6974,"A",100,0,654,29.29,1,TRUE,57.23,3,0,0,100,1,623,57.23,903,0,"C++",TRUE
6975,"A",100,0,655,34.73,2,TRUE,63.24,1,100,0,0,1,2627,63.24,1211,0,"C++",TRUE
6976,"A",100,0,656,30.47,2,TRUE,53.2,1,100,0,0,1,1178,53.2,1157,0,"C++",TRUE
6977,"A",100,0,657,14.19,3,TRUE,18.27,2,0,100,0,0,0,18.27,402,0,"C++",TRUE
6978,"A",100,0,658,51.12,2,TRUE,63.04,1,100,0,0,1,424,63.04,1584,0,"C++",TRUE
6979,"A",100,0,659,20.29,3,TRUE,40.79,2,0,100,0,0,0,40.79,616,0,"C++",TRUE
6980,"A",100,0,660,37.67,2,TRUE,67.68,1,100,0,0,1,1300,67.68,1291,0,"C++",TRUE
6981,"A",100,0,661,6.23,3,TRUE,22.9,2,0,100,0,0,0,22.9,400,0,"C++",TRUE
6982,"A",100,0,662,30.65,1,TRUE,30.67,3,0,0,100,1,809,30.67,724,0,"C++",TRUE
6983,"A",100,0,663,9.92,2,TRUE,17.21,1,100,0,0,0,0,17.21,356,0,"C++",TRUE
6984,"A",100,0,664,28.67,3,TRUE,43.57,2,0,100,0,0,0,43.57,946,0,"C++",TRUE
6985,"A",100,0,665,60.47,2,TRUE,65.22,1,100,0,0,0,0,65.22,1864,0,"C++",TRUE
6986,"A",100,0,666,31.81,2,TRUE,60.65,1,100,0,0,1,2750,60.65,1247,0,"C++",TRUE
6987,"A",100,0,667,43.96,2,TRUE,68.34,1,100,0,0,1,1159,68.34,1541,0.000999999999997669,"C++",TRUE
6988,"A",100,0,668,23.05,3,TRUE,41.38,2,0,100,0,0,0,41.38,756,0,"C++",TRUE
6989,"A",100,0,669,17.36,3,TRUE,38.76,2,0,100,0,0,0,38.76,630,0,"C++",TRUE
6990,"A",100,0,670,41.21,2,TRUE,47.17,1,100,0,0,1,382,47.17,1208,0,"C++",TRUE
6991,"A",100,0,671,28.85,2,TRUE,59.47,1,100,0,0,1,835,59.47,1015,0,"C++",TRUE
6992,"A",100,0,672,14.44,2,TRUE,50.45,1,100,0,0,0,1370,50.45,827,0,"C++",TRUE
6993,"A",100,0,673,42,2,TRUE,53.2,1,100,0,0,0,0,53.2,1324,0,"C++",TRUE
6994,"A",100,0,674,13.98,2,TRUE,36.76,1,100,0,0,0,1116,36.76,761,0,"C++",TRUE
6995,"A",100,0,675,33.28,2,TRUE,59.41,1,100,0,0,1,1814,59.41,1168,0,"C++",TRUE
6996,"A",100,0,676,39.4,3,TRUE,48.31,2,0,100,0,0,28,48.31,1185,0,"C++",TRUE
6997,"A",100,0,677,37.06,2,TRUE,44.1,1,100,0,0,0,0,44.1,1014,0,"C++",TRUE
6998,"A",100,0,678,20.76,2,TRUE,34.96,1,100,0,0,1,97,34.96,651,0,"C++",TRUE
6999,"A",100,0,679,25.94,2,TRUE,47.89,1,100,0,0,0,1150,47.89,1005,0,"C++",TRUE
7000,"A",100,0,680,28.02,2,TRUE,38.6,1,100,0,0,0,732,38.6,810,0,"C++",TRUE
7001,"A",100,0,681,46.63,3,TRUE,65.42,2,0,100,0,0,0,65.42,1528,0,"C++",TRUE
7002,"A",100,0,682,50.84,3,TRUE,72.12,2,0,100,0,0,166,72.12,1508,0.00100000000000477,"C++",TRUE
7003,"A",100,0,683,25.78,2,TRUE,66.13,1,100,0,0,0,3095,66.13,1113,0,"C++",TRUE
7004,"A",100,0,684,15.73,3,TRUE,23.64,2,0,100,0,0,0,23.64,555,0,"C++",TRUE
7005,"A",100,0,685,37.19,3,TRUE,60.29,2,0,100,0,0,858,60.29,1139,0,"C++",TRUE
7006,"A",100,0,686,10.99,3,TRUE,26.72,2,0,100,0,0,0,26.72,463,0,"C++",TRUE
7007,"A",100,0,687,30.29,1,TRUE,38.27,3,0,0,100,1,748,38.27,771,0,"C++",TRUE
7008,"A",100,0,688,18.9,2,TRUE,28.66,1,100,0,0,0,0,28.66,635,0,"C++",TRUE
7009,"A",100,0,689,58.79,2,TRUE,96.26,1,100,0,0,1,2012,96.26,2060,0,"C++",TRUE
7010,"A",100,0,690,76.84,1,TRUE,84.31,3,0,0,100,2,831,84.31,2107,0,"C++",TRUE
7011,"A",100,0,691,15.57,3,TRUE,35.83,2,0,100,0,0,0,35.83,627,0,"C++",TRUE
7012,"A",100,0,692,19.49,2,TRUE,44.54,1,100,0,0,0,752,44.54,835,0,"C++",TRUE
7013,"A",100,0,693,43.24,3,TRUE,66.17,2,0,100,0,0,0,66.17,1330,0,"C++",TRUE
7014,"A",100,0,694,41.26,2,TRUE,45.2,3,0,0,100,1,1174,45.2,1016,0,"C++",TRUE
7015,"A",100,0,695,34.03,2,TRUE,50.39,1,100,0,0,1,855,50.39,1142,0,"C++",TRUE
7016,"A",100,0,696,30.2,2,TRUE,41.24,1,100,0,0,1,876,41.24,1049,0.000999999999997669,"C++",TRUE
7017,"A",100,0,697,59.38,2,TRUE,91.77,1,100,0,0,1,2181,91.77,2052,0,"C++",TRUE
7018,"A",100,0,698,25.8,2,TRUE,52.84,1,100,0,0,1,1772,52.84,1100,0,"C++",TRUE
7019,"A",100,0,699,20.22,2,TRUE,33.59,1,100,0,0,0,930,33.59,808,0,"C++",TRUE
7020,"A",100,0,700,30.62,3,TRUE,43.56,2,0,100,0,0,0,43.56,1049,0,"C++",TRUE
7021,"A",100,0,701,67.58,2,TRUE,100.21,1,100,0,0,1,2692,100.21,2337,0,"C++",TRUE
7022,"A",100,0,702,38.5,2,TRUE,45.67,1,100,0,0,1,18,45.67,1110,0,"C++",TRUE
7023,"A",100,0,703,19.22,3,TRUE,20.83,1,100,0,0,0,1,20.83,472,0,"C++",TRUE
7024,"A",100,0,704,26.75,3,TRUE,31.75,2,0,100,0,0,0,31.75,694,0,"C++",TRUE
7025,"A",100,0,705,48.26,3,TRUE,57.18,2,0,100,0,0,112,57.18,1391,0,"C++",TRUE
7026,"A",100,0,706,53.65,3,TRUE,61.18,2,0,100,0,1,63,61.18,1508,0,"C++",TRUE
7027,"A",100,0,707,29.6,2,TRUE,32.87,3,0,0,100,1,991,32.87,571,0,"C++",TRUE
7028,"A",100,0,708,22.16,3,TRUE,42.98,2,0,100,0,0,0,42.98,799,0,"C++",TRUE
7029,"A",100,0,709,44.74,3,TRUE,66.22,2,0,100,0,1,356,66.22,1379,0.000999999999997669,"C++",TRUE
7030,"A",100,0,710,23.7,1,TRUE,33.47,3,0,0,100,1,557,33.47,775,0,"C++",TRUE
7031,"A",100,0,711,34.89,1,TRUE,38.37,3,0,0,100,1,495,38.37,884,0,"C++",TRUE
7032,"A",100,0,712,36.08,2,TRUE,46.17,1,100,0,0,1,335,46.17,1227,0,"C++",TRUE
7033,"A",100,0,713,25.07,2,TRUE,37.74,1,100,0,0,0,555,37.74,640,0,"C++",TRUE
7034,"A",100,0,714,46.1,2,TRUE,54.29,1,100,0,0,1,304,54.29,1242,0,"C++",TRUE
7035,"A",100,0,715,15.33,2,TRUE,43.99,1,100,0,0,0,1515,43.99,906,0,"C++",TRUE
7036,"A",100,0,716,10.48,2,TRUE,40.56,1,100,0,0,0,770,40.56,639,0,"C++",TRUE
7037,"A",100,0,717,15.6,2,TRUE,29.64,1,100,0,0,0,90,29.64,620,0,"C++",TRUE
7038,"A",100,0,718,41.38,2,TRUE,49.33,3,0,0,100,1,1474,49.33,934,0,"C++",TRUE
7039,"A",100,0,719,41.47,3,TRUE,77.33,2,0,100,0,1,308,77.33,1308,0,"C++",TRUE
7040,"A",100,0,720,31.24,3,TRUE,39.02,2,0,100,0,0,12,39.02,879,0,"C++",TRUE
7041,"A",100,0,721,42.97,3,TRUE,68.5,2,0,100,0,0,0,68.5,1443,0,"C++",TRUE
7042,"A",100,0,722,53.44,2,TRUE,73.93,1,100,0,0,1,1173,73.93,1618,0,"C++",TRUE
7043,"A",100,0,723,46.83,2,TRUE,70.03,3,0,0,100,1,2842,70.03,1276,0.00100000000000477,"C++",TRUE
7044,"A",100,0,724,52.96,2,TRUE,62.06,1,100,0,0,0,0,62.06,1594,0,"C++",TRUE
7045,"A",100,0,725,16.66,3,TRUE,27.63,2,0,100,0,0,0,27.63,530,0,"C++",TRUE
7046,"A",100,0,726,24.95,2,TRUE,48.6,1,100,0,0,0,1155,48.6,1013,0,"C++",TRUE
7047,"A",100,0,727,36.35,2,TRUE,47.09,1,100,0,0,1,155,47.09,1094,0,"C++",TRUE
7048,"A",100,0,728,22.84,3,TRUE,34.54,2,0,100,0,0,0,34.54,739,0,"C++",TRUE
7049,"A",100,0,729,26.98,2,TRUE,44.07,1,100,0,0,0,800,44.07,1008,0,"C++",TRUE
7050,"A",100,0,730,22.96,2,TRUE,42.53,1,100,0,0,0,438,42.53,994,0,"C++",TRUE
7051,"A",100,0,731,20.87,2,TRUE,50.39,1,100,0,0,1,1209,50.39,982,0,"C++",TRUE
7052,"A",100,0,732,23.09,3,TRUE,45.12,2,0,100,0,0,10,45.12,908,0,"C++",TRUE
7053,"A",100,0,733,37.31,2,TRUE,56.21,1,100,0,0,0,915,56.21,1419,0,"C++",TRUE
7054,"A",100,0,734,8.96,2,TRUE,21.11,1,100,0,0,0,7,21.11,419,0,"C++",TRUE
7055,"A",100,0,735,66.31,3,TRUE,96.23,2,0,100,0,1,479,96.23,2024,0,"C++",TRUE
7056,"A",100,0,736,9.21,2,TRUE,23.64,1,100,0,0,0,51,23.64,320,0,"C++",TRUE
7057,"A",100,0,737,23.05,2,TRUE,48.57,1,100,0,0,1,1936,48.57,1105,0,"C++",TRUE
7058,"A",100,0,738,18.44,2,TRUE,34.01,1,100,0,0,0,0,34.01,670,0.000999999999997669,"C++",TRUE
7059,"A",100,0,739,24.59,3,TRUE,35.34,1,100,0,0,0,0,35.34,610,0,"C++",TRUE
7060,"A",100,0,740,36.02,2,TRUE,55.23,1,100,0,0,0,1749,55.23,1373,0,"C++",TRUE
7061,"A",100,0,741,42.73,2,TRUE,77.79,1,100,0,0,1,2006,77.79,1414,0,"C++",TRUE
7062,"A",100,0,742,16.98,3,TRUE,27.13,2,0,100,0,0,0,27.13,536,0,"C++",TRUE
7063,"A",100,0,743,34.17,2,TRUE,44.15,1,100,0,0,1,1335,44.15,1021,0,"C++",TRUE
7064,"A",100,0,744,27.81,3,TRUE,37.52,1,100,0,0,0,0,37.52,698,0,"C++",TRUE
7065,"A",100,0,745,36.88,3,TRUE,57.92,2,0,100,0,1,172,57.92,1175,0,"C++",TRUE
7066,"A",100,0,746,33.84,2,TRUE,56.39,1,100,0,0,1,1225,56.39,1152,0,"C++",TRUE
7067,"A",100,0,747,31.01,2,TRUE,46.13,1,100,0,0,1,197,46.13,1144,0,"C++",TRUE
7068,"A",100,0,748,69.18,1,TRUE,90.25,3,0,0,100,1,931,90.25,1999,0,"C++",TRUE
7069,"A",100,0,749,43.67,1,TRUE,44.39,3,0,0,100,1,635,44.39,937,0,"C++",TRUE
7070,"A",100,0,750,68.26,3,TRUE,78.44,2,0,100,0,0,0,78.44,1859,0,"C++",TRUE
7071,"A",100,0,751,24.44,2,TRUE,41.37,1,100,0,0,0,486,41.37,899,0,"C++",TRUE
7072,"A",100,0,752,27.42,2,TRUE,53.26,1,100,0,0,1,1484,53.26,1253,0.000999999999997669,"C++",TRUE
7073,"A",100,0,753,24.79,2,TRUE,38.4,1,100,0,0,1,537,38.4,952,0,"C++",TRUE
7074,"A",100,0,754,57.37,2,TRUE,91.56,1,100,0,0,1,2248,91.56,2040,0,"C++",TRUE
7075,"A",100,0,755,69.7,2,TRUE,118.14,1,100,0,0,1,3857,118.14,2475,0,"C++",TRUE
7076,"A",100,0,756,22.73,3,TRUE,52.65,2,0,100,0,0,0,52.65,939,0,"C++",TRUE
7077,"A",100,0,757,32.3,2,TRUE,51.79,1,100,0,0,1,673,51.79,1032,0,"C++",TRUE
7078,"A",100,0,758,49.71,1,TRUE,56.53,3,0,0,100,1,749,56.53,1330,0,"C++",TRUE
7079,"A",100,0,759,19.46,2,TRUE,50.33,1,100,0,0,1,1368,50.33,901,0,"C++",TRUE
7080,"A",100,0,760,14.92,2,TRUE,21.21,1,100,0,0,0,0,21.21,414,0,"C++",TRUE
7081,"A",100,0,761,28.64,3,TRUE,50.63,2,0,100,0,0,0,50.63,958,0,"C++",TRUE
7082,"A",100,0,762,21.33,3,TRUE,36.04,2,0,100,0,0,0,36.04,789,0,"C++",TRUE
7083,"A",100,0,763,17.39,2,TRUE,29.59,1,100,0,0,0,0,29.59,603,0,"C++",TRUE
7084,"A",100,0,764,23.86,2,TRUE,54.41,1,100,0,0,1,2243,54.41,1015,0,"C++",TRUE
7085,"A",100,0,765,37.76,2,TRUE,43.2,3,0,0,100,1,1349,43.2,854,0.00100000000000477,"C++",TRUE
7086,"A",100,0,766,29.96,2,TRUE,49.98,1,100,0,0,1,1123,49.98,975,0,"C++",TRUE
7087,"A",100,0,767,21.77,2,TRUE,40.62,1,100,0,0,0,1152,40.62,922,0,"C++",TRUE
7088,"A",100,0,768,25.52,2,TRUE,40.35,1,100,0,0,1,808,40.35,879,0,"C++",TRUE
7089,"A",100,0,769,17.39,2,TRUE,29.78,1,100,0,0,0,845,29.78,658,0,"C++",TRUE
7090,"A",100,0,770,54.54,2,TRUE,72.89,1,100,0,0,1,1914,72.89,1696,0,"C++",TRUE
7091,"A",100,0,771,34.6,3,TRUE,44.1,2,0,100,0,0,0,44.1,917,0,"C++",TRUE
7092,"A",100,0,772,14.05,2,TRUE,42.36,1,100,0,0,0,718,42.36,714,0,"C++",TRUE
7093,"A",100,0,773,49.41,3,TRUE,71.29,2,0,100,0,0,235,71.29,1756,0,"C++",TRUE
7094,"A",100,0,774,18.81,3,TRUE,37.23,2,0,100,0,0,0,37.23,787,0,"C++",TRUE
7095,"A",100,0,775,39.82,2,TRUE,63.85,1,100,0,0,0,880,63.85,1455,0,"C++",TRUE
7096,"A",100,0,776,34.56,2,TRUE,40.85,3,0,0,100,1,1345,40.85,851,0,"C++",TRUE
7097,"A",100,0,777,40.63,2,TRUE,77.89,1,100,0,0,1,1871,77.89,1511,0,"C++",TRUE
7098,"A",100,0,778,29.16,3,TRUE,41.91,2,0,100,0,0,0,41.91,986,0,"C++",TRUE
7099,"A",100,0,779,14.41,3,TRUE,36.95,2,0,100,0,0,0,36.95,627,0,"C++",TRUE
7100,"A",100,0,780,38.64,2,TRUE,57.1,1,100,0,0,1,857,57.1,1175,0.000999999999997669,"C++",TRUE
7101,"A",100,0,781,22.55,1,TRUE,30.12,3,0,0,100,1,598,30.12,633,0,"C++",TRUE
7102,"A",100,0,782,50.07,2,TRUE,71.33,1,100,0,0,1,1234,71.33,1774,0,"C++",TRUE
7103,"A",100,0,783,16.12,3,TRUE,50.21,2,0,100,0,0,0,50.21,775,0,"C++",TRUE
7104,"A",100,0,784,30.9,2,TRUE,35.06,1,100,0,0,0,8,35.06,821,0,"C++",TRUE
7105,"A",100,0,785,14.33,2,TRUE,27.46,1,100,0,0,0,362,27.46,657,0,"C++",TRUE
7106,"A",100,0,786,20.51,1,TRUE,37.2,3,0,0,100,1,751,37.2,662,0,"C++",TRUE
7107,"A",100,0,787,27.35,3,TRUE,43.55,2,0,100,0,0,129,43.55,851,0,"C++",TRUE
7108,"A",100,0,788,31.54,1,TRUE,39.3,3,0,0,100,1,607,39.3,962,0,"C++",TRUE
7109,"A",100,0,789,15.77,2,TRUE,25.32,1,100,0,0,0,0,25.32,398,0,"C++",TRUE
7110,"A",100,0,790,13.63,2,TRUE,21.17,1,100,0,0,0,0,21.17,450,0,"C++",TRUE
7111,"A",100,0,791,56.41,2,TRUE,73.57,1,100,0,0,1,533,73.57,1849,0,"C++",TRUE
7112,"A",100,0,792,29.84,1,TRUE,41.89,3,0,0,100,1,1246,41.89,836,0,"C++",TRUE
7113,"A",100,0,793,27.41,2,TRUE,46.03,1,100,0,0,1,715,46.03,954,0,"C++",TRUE
7114,"A",100,0,794,25.77,2,TRUE,44.94,1,100,0,0,1,916,44.94,758,0,"C++",TRUE
7115,"A",100,0,795,24.14,2,TRUE,59.37,1,100,0,0,1,2011,59.37,1074,0,"C++",TRUE
7116,"A",100,0,796,61.63,1,TRUE,67.13,3,0,0,100,1,609,67.13,1599,0.000999999999997669,"C++",TRUE
7117,"A",100,0,797,21.7,2,TRUE,37.55,1,100,0,0,0,456,37.55,858,0,"C++",TRUE
7118,"A",100,0,798,36.02,2,TRUE,51.83,1,100,0,0,1,1094,51.83,1344,0,"C++",TRUE
7119,"A",100,0,799,60.69,3,TRUE,67.81,2,0,100,0,0,250,67.81,1587,0,"C++",TRUE
7120,"A",100,0,800,23.97,2,TRUE,25.42,1,100,0,0,0,594,25.42,518,0,"C++",TRUE
7121,"A",100,0,801,13.91,3,TRUE,33.46,2,0,100,0,0,0,33.46,572,0,"C++",TRUE
7122,"A",100,0,802,77.19,2,TRUE,94.15,1,100,0,0,1,1170,94.15,2473,0,"C++",TRUE
7123,"A",100,0,803,31.99,3,TRUE,48.07,2,0,100,0,0,0,48.07,1104,0,"C++",TRUE
7124,"A",100,0,804,21.26,2,TRUE,41.14,1,100,0,0,0,928,41.14,877,0,"C++",TRUE
7125,"A",100,0,805,22.47,2,TRUE,38.61,1,100,0,0,1,990,38.61,904,0,"C++",TRUE
7126,"A",100,0,806,24.73,1,TRUE,38.43,3,0,0,100,1,763,38.43,807,0,"C++",TRUE
7127,"A",100,0,807,30.78,2,TRUE,36.89,1,100,0,0,1,297,36.89,904,0,"C++",TRUE
7128,"A",100,0,808,61.13,2,TRUE,72.27,1,100,0,0,2,1104,72.27,1770,0,"C++",TRUE
7129,"A",100,0,809,20.94,2,TRUE,35.76,1,100,0,0,0,1277,35.76,757,0.00100000000000477,"C++",TRUE
7130,"A",100,0,810,20.37,2,TRUE,40.34,1,100,0,0,0,0,40.34,736,0,"C++",TRUE
7131,"A",100,0,811,32.12,3,TRUE,35.17,1,100,0,0,0,0,35.17,834,0,"C++",TRUE
7132,"A",100,0,812,39.56,2,TRUE,56.08,1,100,0,0,1,818,56.08,1242,0,"C++",TRUE
7133,"A",100,0,813,26.78,2,TRUE,40.79,1,100,0,0,0,881,40.79,993,0,"C++",TRUE
7134,"A",100,0,814,66,1,TRUE,79.85,3,0,0,100,2,1579,79.85,1740,0,"C++",TRUE
7135,"A",100,0,815,36.27,2,TRUE,69.29,1,100,0,0,1,1807,69.29,1237,0,"C++",TRUE
7136,"A",100,0,816,17.18,3,TRUE,33.46,2,0,100,0,0,0,33.46,684,0,"C++",TRUE
7137,"A",100,0,817,12.76,2,TRUE,29.14,1,100,0,0,0,4,29.14,594,0,"C++",TRUE
7138,"A",100,0,818,53,2,TRUE,75.1,1,100,0,0,1,1413,75.1,1547,0,"C++",TRUE
7139,"A",100,0,819,13.56,3,TRUE,30.57,2,0,100,0,0,0,30.57,529,0,"C++",TRUE
7140,"A",100,0,820,61.13,3,TRUE,82.62,2,0,100,0,1,578,82.62,1966,0,"C++",TRUE
7141,"A",100,0,821,39.51,3,TRUE,50.4,2,0,100,0,0,0,50.4,1110,0,"C++",TRUE
7142,"A",100,0,822,30.93,2,TRUE,34.99,1,100,0,0,0,0,34.99,788,0,"C++",TRUE
7143,"A",100,0,823,17.76,2,TRUE,43.27,1,100,0,0,0,948,43.27,758,0.000999999999997669,"C++",TRUE
7144,"A",100,0,824,31.14,2,TRUE,40.29,1,100,0,0,0,77,40.29,958,0,"C++",TRUE
7145,"A",100,0,825,36.29,3,TRUE,46.31,2,0,100,0,0,0,46.31,1087,0,"C++",TRUE
7146,"A",100,0,826,23.65,3,TRUE,64.18,2,0,100,0,0,465,64.18,954,0,"C++",TRUE
7147,"A",100,0,827,46.33,1,TRUE,46.71,3,0,0,100,1,556,46.71,1098,0,"C++",TRUE
7148,"A",100,0,828,21.31,3,TRUE,33.95,2,0,100,0,0,0,33.95,764,0,"C++",TRUE
7149,"A",100,0,829,22.12,2,TRUE,30.68,1,100,0,0,0,31,30.68,641,0,"C++",TRUE
7150,"A",100,0,830,9.62,2,TRUE,39.24,1,100,0,0,0,82,39.24,581,0,"C++",TRUE
7151,"A",100,0,831,26.74,1,TRUE,27.32,3,0,0,100,1,657,27.32,576,0,"C++",TRUE
7152,"A",100,0,832,32.69,2,TRUE,58.71,1,100,0,0,1,1066,58.71,1203,0,"C++",TRUE
7153,"A",100,0,833,39.8,3,TRUE,49.63,2,0,100,0,0,0,49.63,1076,0,"C++",TRUE
7154,"A",100,0,834,34.73,2,TRUE,50.71,1,100,0,0,1,35,50.71,1216,0,"C++",TRUE
7155,"A",100,0,835,21.66,3,TRUE,41.84,2,0,100,0,0,7,41.84,782,0,"C++",TRUE
7156,"A",100,0,836,31.26,2,TRUE,38.52,1,100,0,0,0,332,38.52,1014,0,"C++",TRUE
7157,"A",100,0,837,46.61,2,TRUE,68.77,1,100,0,0,1,847,68.77,1255,0,"C++",TRUE
7158,"A",100,0,838,11.76,2,TRUE,38.82,1,100,0,0,0,406,38.82,546,0,"C++",TRUE
7159,"A",100,0,839,20.78,3,TRUE,30.77,2,0,100,0,0,0,30.77,630,0.000999999999997669,"C++",TRUE
7160,"A",100,0,840,40.41,2,TRUE,71.18,1,100,0,0,1,1195,71.18,1434,0,"C++",TRUE
7161,"A",100,0,841,42.44,2,TRUE,64.57,1,100,0,0,0,0,64.57,1513,0,"C++",TRUE
7162,"A",100,0,842,45.96,2,TRUE,59.57,1,100,0,0,1,880,59.57,1378,0,"C++",TRUE
7163,"A",100,0,843,42.38,2,TRUE,71.4,1,100,0,0,0,712,71.4,1624,0,"C++",TRUE
7164,"A",100,0,844,79.9,1,TRUE,82.22,3,0,0,100,1,613,82.22,2236,0,"C++",TRUE
7165,"A",100,0,845,9.86,2,TRUE,26.43,1,100,0,0,0,0,26.43,422,0,"C++",TRUE
7166,"A",100,0,846,9.24,3,TRUE,20.48,2,0,100,0,0,0,20.48,347,0,"C++",TRUE
7167,"A",100,0,847,7.94,2,TRUE,20.37,1,100,0,0,0,0,20.37,350,0,"C++",TRUE
7168,"A",100,0,848,39.18,2,TRUE,61.84,1,100,0,0,1,1033,61.84,1394,0,"C++",TRUE
7169,"A",100,0,849,44.62,2,TRUE,51.84,1,100,0,0,1,53,51.84,1297,0,"C++",TRUE
7170,"A",100,0,850,20.68,2,TRUE,31.09,1,100,0,0,0,209,31.09,623,0,"C++",TRUE
7171,"A",100,0,851,30.06,2,TRUE,71.68,1,100,0,0,1,3379,71.68,1234,0,"C++",TRUE
7172,"A",100,0,852,51.42,2,TRUE,65.21,1,100,0,0,1,170,65.21,1537,0.00100000000000477,"C++",TRUE
7173,"A",100,0,853,22.43,2,TRUE,40.76,1,100,0,0,0,0,40.76,657,0,"C++",TRUE
7174,"A",100,0,854,60.66,1,TRUE,61.23,3,0,0,100,1,890,61.23,1495,0,"C++",TRUE
7175,"A",100,0,855,20.95,3,TRUE,41.45,2,0,100,0,0,0,41.45,833,0,"C++",TRUE
7176,"A",100,0,856,27.64,3,TRUE,41.46,2,0,100,0,0,0,41.46,702,0,"C++",TRUE
7177,"A",100,0,857,40.64,3,TRUE,54.63,2,0,100,0,0,0,54.63,1204,0,"C++",TRUE
7178,"A",100,0,858,24.07,2,TRUE,47.11,1,100,0,0,0,712,47.11,1023,0,"C++",TRUE
7179,"A",100,0,859,54.7,3,TRUE,66.97,2,0,100,0,0,0,66.97,1800,0,"C++",TRUE
7180,"A",100,0,860,36.35,1,TRUE,41.87,3,0,0,100,1,765,41.87,880,0,"C++",TRUE
7181,"A",100,0,861,27.95,1,TRUE,39.31,3,0,0,100,1,677,39.31,777,0,"C++",TRUE
7182,"A",100,0,862,31.61,2,TRUE,48.24,1,100,0,0,1,968,48.24,1056,0,"C++",TRUE
7183,"A",100,0,863,28.65,2,TRUE,63.76,1,100,0,0,1,2618,63.76,1143,0,"C++",TRUE
7184,"A",100,0,864,66.98,2,TRUE,104.87,1,100,0,0,1,2477,104.87,2195,0,"C++",TRUE
7185,"A",100,0,865,15.47,3,TRUE,35.79,2,0,100,0,0,0,35.79,702,0,"C++",TRUE
7186,"A",100,0,866,32.88,2,TRUE,49.27,1,100,0,0,1,992,49.27,1120,0.000999999999997669,"C++",TRUE
7187,"A",100,0,867,33.78,2,TRUE,45.29,1,100,0,0,1,727,45.29,1025,0,"C++",TRUE
7188,"A",100,0,868,39.8,2,TRUE,77.84,1,100,0,0,1,3258,77.84,1281,0,"C++",TRUE
7189,"A",100,0,869,19.53,2,TRUE,45.82,1,100,0,0,0,1438,45.82,787,0,"C++",TRUE
7190,"A",100,0,870,81.88,2,TRUE,132.14,1,100,0,0,2,4338,132.14,2527,0,"C++",TRUE
7191,"A",100,0,871,28.59,2,TRUE,55.53,1,100,0,0,1,1114,55.53,1239,0,"C++",TRUE
7192,"A",100,0,872,21.82,2,TRUE,53.96,1,100,0,0,0,0,53.96,813,0,"C++",TRUE
7193,"A",100,0,873,40.38,3,TRUE,60.92,2,0,100,0,0,0,60.92,1291,0,"C++",TRUE
7194,"A",100,0,874,19.45,2,TRUE,32.77,1,100,0,0,0,0,32.77,456,0,"C++",TRUE
7195,"A",100,0,875,25.66,2,TRUE,50.93,1,100,0,0,1,1951,50.93,947,0,"C++",TRUE
7196,"A",100,0,876,21.48,2,TRUE,26.96,1,100,0,0,0,1060,26.96,678,0,"C++",TRUE
7197,"A",100,0,877,26.68,2,TRUE,53.01,1,100,0,0,1,1569,53.01,1196,0,"C++",TRUE
7198,"A",100,0,878,11.01,2,TRUE,15.23,1,100,0,0,0,0,15.23,222,0,"C++",TRUE
7199,"A",100,0,879,24.32,2,TRUE,53.76,1,100,0,0,1,1825,53.76,1011,0,"C++",TRUE
7200,"A",100,0,880,22,2,TRUE,23.84,3,0,0,100,1,797,23.84,480,0,"C++",TRUE
7201,"A",100,0,881,82.7,2,TRUE,101.29,1,100,0,0,1,1393,101.29,2581,0.000999999999997669,"C++",TRUE
7202,"A",100,0,882,45.41,2,TRUE,58.27,1,100,0,0,0,413,58.27,1309,0,"C++",TRUE
7203,"A",100,0,883,31.53,2,TRUE,49.81,1,100,0,0,1,943,49.81,1116,0,"C++",TRUE
7204,"A",100,0,884,52.38,2,TRUE,74.04,1,100,0,0,1,867,74.04,1614,0,"C++",TRUE
7205,"A",100,0,885,30.23,2,TRUE,37.54,1,100,0,0,0,0,37.54,856,0,"C++",TRUE
7206,"A",100,0,886,16.32,2,TRUE,27.12,1,100,0,0,0,766,27.12,542,0,"C++",TRUE
7207,"A",100,0,887,29.28,2,TRUE,51.64,1,100,0,0,1,1360,51.64,1074,0,"C++",TRUE
7208,"A",100,0,888,23.11,3,TRUE,58.35,2,0,100,0,0,0,58.35,931,0,"C++",TRUE
7209,"A",100,0,889,12.09,3,TRUE,20.86,2,0,100,0,0,0,20.86,344,0,"C++",TRUE
7210,"A",100,0,890,13.93,2,TRUE,29.43,1,100,0,0,0,174,29.43,532,0,"C++",TRUE
7211,"A",100,0,891,18.2,3,TRUE,28.42,2,0,100,0,0,0,28.42,641,0,"C++",TRUE
7212,"A",100,0,892,19.93,2,TRUE,32.64,1,100,0,0,1,727,32.64,719,0,"C++",TRUE
7213,"A",100,0,893,23.32,3,TRUE,37.51,2,0,100,0,0,0,37.51,909,0,"C++",TRUE
7214,"A",100,0,894,31.57,3,TRUE,46.66,2,0,100,0,0,0,46.66,1000,0,"C++",TRUE
7215,"A",100,0,895,42.94,2,TRUE,50.58,1,100,0,0,1,127,50.58,1303,0.00100000000000477,"C++",TRUE
7216,"A",100,0,896,27.25,1,TRUE,36,3,0,0,100,1,669,36,855,0,"C++",TRUE
7217,"A",100,0,897,20.71,2,TRUE,26.52,1,100,0,0,0,0,26.52,459,0,"C++",TRUE
7218,"A",100,0,898,39.55,2,TRUE,50.04,1,100,0,0,1,722,50.04,1256,0,"C++",TRUE
7219,"A",100,0,899,18.88,3,TRUE,26.67,2,0,100,0,0,0,26.67,560,0,"C++",TRUE
7220,"A",100,0,900,65.58,2,TRUE,68.59,3,0,0,100,1,1121,68.59,1702,0,"C++",TRUE
7221,"A",100,0,901,31.58,2,TRUE,31.95,1,100,0,0,1,126,31.95,794,0,"C++",TRUE
7222,"A",100,0,902,48.41,3,TRUE,66.51,2,0,100,0,0,0,66.51,1522,0,"C++",TRUE
7223,"A",100,0,903,55.47,2,TRUE,67.31,1,100,0,0,1,31,67.31,1720,0,"C++",TRUE
7224,"A",100,0,904,65.15,1,TRUE,72.29,3,0,0,100,1,1480,72.29,1485,0,"C++",TRUE
7225,"A",100,0,905,34.43,1,TRUE,42.34,3,0,0,100,1,872,42.34,1030,0,"C++",TRUE
7226,"A",100,0,906,44.28,2,TRUE,50.37,1,100,0,0,0,6,50.37,1285,0,"C++",TRUE
7227,"A",100,0,907,54.99,3,TRUE,68.03,2,0,100,0,0,0,68.03,1740,0,"C++",TRUE
7228,"A",100,0,908,25.4,2,TRUE,45.83,1,100,0,0,0,1291,45.83,982,0.000999999999997669,"C++",TRUE
7229,"A",100,0,909,21.57,2,TRUE,31.6,1,100,0,0,0,37,31.6,556,0,"C++",TRUE
7230,"A",100,0,910,52.77,2,TRUE,76.56,1,100,0,0,1,1188,76.56,1593,0,"C++",TRUE
7231,"A",100,0,911,30.09,2,TRUE,34.71,1,100,0,0,0,0,34.71,977,0,"C++",TRUE
7232,"A",100,0,912,26.74,3,TRUE,35.82,2,0,100,0,0,0,35.82,672,0,"C++",TRUE
7233,"A",100,0,913,28.37,3,TRUE,52.22,2,0,100,0,0,159,52.22,1047,0,"C++",TRUE
7234,"A",100,0,914,22.12,3,TRUE,28.03,2,0,100,0,0,0,28.03,557,0,"C++",TRUE
7235,"A",100,0,915,13.35,2,TRUE,27.93,1,100,0,0,0,183,27.93,588,0,"C++",TRUE
7236,"A",100,0,916,52.96,2,TRUE,78.6,1,100,0,0,1,901,78.6,1418,0,"C++",TRUE
7237,"A",100,0,917,33.11,2,TRUE,42.53,1,100,0,0,1,788,42.53,1052,0,"C++",TRUE
7238,"A",100,0,918,16.37,3,TRUE,29.77,2,0,100,0,0,0,29.77,583,0,"C++",TRUE
7239,"A",100,0,919,26.65,3,TRUE,51.1,2,0,100,0,0,0,51.1,830,0,"C++",TRUE
7240,"A",100,0,920,33.86,2,TRUE,62.04,1,100,0,0,1,284,62.04,1137,0,"C++",TRUE
7241,"A",100,0,921,24.42,3,TRUE,31.99,2,0,100,0,0,0,31.99,703,0,"C++",TRUE
7242,"A",100,0,922,34.66,3,TRUE,63.44,2,0,100,0,0,40,63.44,1298,0,"C++",TRUE
7243,"A",100,0,923,29.45,3,TRUE,47.25,2,0,100,0,0,0,47.25,912,0.000999999999997669,"C++",TRUE
7244,"A",100,0,924,29.39,2,TRUE,48.62,1,100,0,0,1,1087,48.62,996,0,"C++",TRUE
7245,"A",100,0,925,41.31,2,TRUE,63.5,1,100,0,0,1,1085,63.5,1320,0,"C++",TRUE
7246,"A",100,0,926,33.6,3,TRUE,43.55,2,0,100,0,0,0,43.55,958,0,"C++",TRUE
7247,"A",100,0,927,13.53,3,TRUE,22.5,2,0,100,0,0,0,22.5,446,0,"C++",TRUE
7248,"A",100,0,928,80.55,2,TRUE,89.24,1,100,0,0,1,531,89.24,2426,0,"C++",TRUE
7249,"A",100,0,929,92.44,1,TRUE,100.91,3,0,0,100,1,691,100.91,2585,0,"C++",TRUE
7250,"A",100,0,930,39.96,2,TRUE,68.6,1,100,0,0,1,956,68.6,1253,0,"C++",TRUE
7251,"A",100,0,931,50.65,3,TRUE,77.64,2,0,100,0,0,0,77.64,1514,0,"C++",TRUE
7252,"A",100,0,932,35.3,2,TRUE,44.93,1,100,0,0,0,245,44.93,1018,0,"C++",TRUE
7253,"A",100,0,933,84.72,3,TRUE,104.62,2,0,100,0,2,819,104.62,2624,0,"C++",TRUE
7254,"A",100,0,934,15.52,3,TRUE,29.46,2,0,100,0,0,0,29.46,558,0.00100000000000477,"C++",TRUE
7255,"A",100,0,935,47.72,2,TRUE,84.29,1,100,0,0,1,2557,84.29,1766,0,"C++",TRUE
7256,"A",100,0,936,70.67,3,TRUE,85.45,2,0,100,0,0,105,85.45,2098,0,"C++",TRUE
7257,"A",100,0,937,33.65,3,TRUE,40.65,2,0,100,0,0,0,40.65,869,0,"C++",TRUE
7258,"A",100,0,938,43.52,2,TRUE,57.31,1,100,0,0,1,503,57.31,1302,0,"C++",TRUE
7259,"A",100,0,939,40.66,2,TRUE,58.2,1,100,0,0,1,1574,58.2,1339,0,"C++",TRUE
7260,"A",100,0,940,52.3,2,TRUE,71.62,1,100,0,0,1,837,71.62,1717,0,"C++",TRUE
7261,"A",100,0,941,12.82,3,TRUE,12.88,1,100,0,0,0,0,12.88,248,0,"C++",TRUE
7262,"A",100,0,942,32.62,2,TRUE,69.5,1,100,0,0,1,394,69.5,1371,0,"C++",TRUE
7263,"A",100,0,943,28.47,2,TRUE,72.43,1,100,0,0,1,2913,72.43,1320,0,"C++",TRUE
7264,"A",100,0,944,20.09,3,TRUE,47.17,2,0,100,0,0,0,47.17,859,0,"C++",TRUE
7265,"A",100,0,945,22.42,2,TRUE,39.06,1,100,0,0,0,196,39.06,857,0,"C++",TRUE
7266,"A",100,0,946,47.19,3,TRUE,76.81,2,0,100,0,1,655,76.81,1372,0,"C++",TRUE
7267,"A",100,0,947,81.82,2,TRUE,89.48,1,100,0,0,1,115,89.48,2329,0,"C++",TRUE
7268,"A",100,0,948,41.45,2,TRUE,60.88,1,100,0,0,1,1017,60.88,1571,0,"C++",TRUE
7269,"A",100,0,949,41.22,1,TRUE,50.92,3,0,0,100,1,770,50.92,1210,0,"C++",TRUE
7270,"A",100,0,950,22.66,3,TRUE,42.68,2,0,100,0,0,0,42.68,886,0,"C++",TRUE
7271,"A",100,0,951,26.82,2,TRUE,48.41,1,100,0,0,1,1475,48.41,1037,0,"C++",TRUE
7272,"A",100,0,952,31.64,2,TRUE,43.97,1,100,0,0,0,135,43.97,1106,0,"C++",TRUE
7273,"A",100,0,953,56.49,3,TRUE,78.28,2,0,100,0,1,834,78.28,1681,0,"C++",TRUE
7274,"A",100,0,954,44.68,2,TRUE,62.33,1,100,0,0,1,819,62.33,1453,0,"C++",TRUE
7275,"A",100,0,955,55.54,2,TRUE,69.66,1,100,0,0,1,684,69.66,1695,0,"C++",TRUE
7276,"A",100,0,956,24.75,2,TRUE,33.01,1,100,0,0,0,911,33.01,647,0,"C++",TRUE
7277,"A",100,0,957,71.3,2,TRUE,99.43,1,100,0,0,1,884,99.43,2148,0.000999999999997669,"C++",TRUE
7278,"A",100,0,958,45.38,2,TRUE,60.29,1,100,0,0,0,66,60.29,1431,0,"C++",TRUE
7279,"A",100,0,959,8.54,3,TRUE,28.4,2,0,100,0,0,0,28.4,471,0,"C++",TRUE
7280,"A",100,0,960,82.32,1,TRUE,86.6,3,0,0,100,1,713,86.6,2247,0,"C++",TRUE
7281,"A",100,0,961,26.95,2,TRUE,43.52,1,100,0,0,1,954,43.52,955,0,"C++",TRUE
7282,"A",100,0,962,41.73,3,TRUE,61.79,2,0,100,0,1,54,61.79,1455,0,"C++",TRUE
7283,"A",100,0,963,17.93,2,TRUE,31.74,1,100,0,0,0,525,31.74,661,0,"C++",TRUE
7284,"A",100,0,964,18.08,2,TRUE,42.51,1,100,0,0,1,2187,42.51,935,0,"C++",TRUE
7285,"A",100,0,965,16.69,2,TRUE,27.02,1,100,0,0,0,743,27.02,626,0,"C++",TRUE
7286,"A",100,0,966,16.03,3,TRUE,29.72,2,0,100,0,0,0,29.72,563,0,"C++",TRUE
7287,"A",100,0,967,22.76,3,TRUE,42.6,2,0,100,0,0,2,42.6,745,0,"C++",TRUE
7288,"A",100,0,968,105.04,2,TRUE,122.53,1,100,0,0,1,1122,122.53,2802,0,"C++",TRUE
7289,"A",100,0,969,95.32,3,TRUE,110.05,2,0,100,0,2,403,110.05,2953,0.00100000000000477,"C++",TRUE
7290,"A",100,0,970,39.42,1,TRUE,54.29,3,0,0,100,1,673,54.29,1084,0,"C++",TRUE
7291,"A",100,0,971,46.58,3,TRUE,74.53,2,0,100,0,0,0,74.53,1680,0,"C++",TRUE
7292,"A",100,0,972,23.59,3,TRUE,31.61,2,0,100,0,0,0,31.61,787,0,"C++",TRUE
7293,"A",100,0,973,48.26,3,TRUE,69.52,2,0,100,0,0,0,69.52,1531,0,"C++",TRUE
7294,"A",100,0,974,29.45,3,TRUE,43.55,2,0,100,0,0,368,43.55,1012,0,"C++",TRUE
7295,"A",100,0,975,6.92,3,TRUE,26.85,2,0,100,0,0,0,26.85,455,0,"C++",TRUE
7296,"A",100,0,976,31.78,2,TRUE,45.79,1,100,0,0,1,1117,45.79,988,0,"C++",TRUE
7297,"A",100,0,977,35.61,2,TRUE,43.92,1,100,0,0,0,0,43.92,1065,0,"C++",TRUE
7298,"A",100,0,978,22.56,1,TRUE,29.32,3,0,0,100,1,507,29.32,638,0,"C++",TRUE
7299,"A",100,0,979,13.46,2,TRUE,27.91,1,100,0,0,0,0,27.91,542,0,"C++",TRUE
7300,"A",100,0,980,29.72,1,TRUE,47.24,3,0,0,100,1,834,47.24,737,0,"C++",TRUE
7301,"A",100,0,981,68.04,2,TRUE,106.97,1,100,0,0,1,2172,106.97,2065,0,"C++",TRUE
7302,"A",100,0,982,41.8,2,TRUE,61.35,1,100,0,0,1,34,61.35,1230,0,"C++",TRUE
7303,"A",100,0,983,57.34,2,TRUE,79.57,1,100,0,0,2,1130,79.57,1788,0.000999999999997669,"C++",TRUE
7304,"A",100,0,984,10.88,2,TRUE,28.61,1,100,0,0,0,0,28.61,352,0,"C++",TRUE
7305,"A",100,0,985,33.61,2,TRUE,43.15,1,100,0,0,1,21,43.15,980,0,"C++",TRUE
7306,"A",100,0,986,37.5,2,TRUE,60.12,1,100,0,0,1,1615,60.12,1320,0,"C++",TRUE
7307,"A",100,0,987,35.33,2,TRUE,55.18,1,100,0,0,1,1092,55.18,1156,0,"C++",TRUE
7308,"A",100,0,988,49.29,2,TRUE,55.68,1,100,0,0,0,0,55.68,1452,0,"C++",TRUE
7309,"A",100,0,989,34.48,2,TRUE,74.5,1,100,0,0,1,2415,74.5,1367,0,"C++",TRUE
7310,"A",100,0,990,51.64,2,TRUE,86.46,1,100,0,0,1,639,86.46,1869,0,"C++",TRUE
7311,"A",100,0,991,36.74,2,TRUE,57.05,1,100,0,0,1,1476,57.05,1209,0,"C++",TRUE
7312,"A",100,0,992,24.36,2,TRUE,47.5,1,100,0,0,0,3,47.5,857,0,"C++",TRUE
7313,"A",100,0,993,46.97,2,TRUE,64.59,1,100,0,0,1,1197,64.59,1329,0,"C++",TRUE
7314,"A",100,0,994,22.28,1,TRUE,27.51,3,0,0,100,1,486,27.51,680,0,"C++",TRUE
7315,"A",100,0,995,38,2,TRUE,69.77,1,100,0,0,1,1948,69.77,1362,0,"C++",TRUE
7316,"A",100,0,996,58.21,1,TRUE,64.91,3,0,0,100,1,649,64.91,1603,0.000999999999997669,"C++",TRUE
7317,"A",100,0,997,27.3,2,TRUE,49.35,1,100,0,0,1,1556,49.35,1097,0,"C++",TRUE
7318,"A",100,0,998,32.26,3,TRUE,54.7,2,0,100,0,0,0,54.7,1072,0,"C++",TRUE
7319,"A",100,0,999,58.26,3,TRUE,70.89,2,0,100,0,1,58,70.89,1687,0,"C++",TRUE
7320,"A",100,0,1000,28.07,3,TRUE,57.81,2,0,100,0,0,0,57.81,959,0,"C++",TRUE
